Type,Name,Request Count,Failure Count,Median Response Time,Average Response Time,Min Response Time,Max Response Time,Average Content Size,Requests/s,Failures/s,25%,50%,75%,80%,90%,95%,98%,99%,99.9%,99.99%,100%
GET,get_cart,396,0,48,47.65855032827068,44.14116599946283,52.52671299967915,114.71464646464646,2.22120776330806,0.0,46,48,49,49,52,52,52,52,53,53,53
GET,get_catalogue1,264,0,4,4.0689796098246065,3.4663930000533583,9.511960999589064,1643.0,1.4808051755387066,0.0,4,4,4,4,4,4,5,5,10,10,10
GET,get_customer,132,0,48,49.04193363634504,43.90913299994281,52.23750299956009,386.0,0.7404025877693533,0.0,48,48,52,52,52,52,52,52,52,52,52
GET,get_customer_orders,132,0,2,2.3603992954466584,1.6712159995222464,44.070790000660054,6368.0,0.7404025877693533,0.0,2,2,2,2,2,2,3,4,44,44,44
GET,get_index,264,0,2,2.772949969705058,1.6681500001141103,48.26172699995368,8688.0,1.4808051755387066,0.0,2,2,2,2,2,3,5,44,48,48,48
GET,get_item,132,0,48,48.01632067419908,43.75506799988216,52.34822999955213,286.0,0.7404025877693533,0.0,48,48,48,48,52,52,52,52,52,52,52
GET,get_orders,132,0,49,48.61907028784475,45.41465199963568,54.05622400030552,2.0,0.7404025877693533,0.0,46,49,50,50,54,54,54,54,54,54,54
GET,login,132,0,52,51.4461600227371,47.251703000256384,60.059163000005356,13.0,0.7404025877693533,0.0,48,52,52,52,56,56,56,60,60,60,60
,Aggregated,1584,0,46,29.678616171703666,1.6681500001141103,60.059163000005356,2338.4286616161617,8.88483105323224,0.0,4,46,48,49,52,52,54,56,60,60,60
