Type,Name,Request Count,Failure Count,Median Response Time,Average Response Time,Min Response Time,Max Response Time,Average Content Size,Requests/s,Failures/s,25%,50%,75%,80%,90%,95%,98%,99%,99.9%,99.99%,100%
GET,get_cart,398,0,48,47.7396966884359,43.97192400028871,98.24511599981633,114.71608040201005,2.221314751680342,0.0,46,48,48,49,52,52,52,52,98,98,98
GET,get_catalogue1,266,0,4,4.0328787631414915,3.4572810000099707,6.905213000209187,1643.0,1.4845972963491731,0.0,4,4,4,4,4,4,5,5,7,7,7
GET,get_customer,132,0,48,48.64963655302635,43.965392999780306,52.36060599963821,386.0,0.7367174553311687,0.0,48,48,48,52,52,52,52,52,52,52,52
GET,get_customer_orders,133,0,2,2.406245744360173,1.7109840000557597,48.24514200026897,6368.0,0.7422986481745866,0.0,2,2,2,2,2,2,4,4,48,48,48
GET,get_index,266,0,2,2.0791847030256365,1.6198590001295088,5.069725999419461,8688.0,1.4845972963491731,0.0,2,2,2,2,2,2,3,3,5,5,5
GET,get_item,132,0,48,47.995854007564105,43.61724899990804,52.42590600028052,286.0,0.7367174553311687,0.0,48,48,48,48,52,52,52,52,52,52,52
GET,get_orders,133,0,46,47.76121749625616,45.263292000527144,54.219329000261496,2.0,0.7422986481745866,0.0,46,46,50,50,50,53,54,54,54,54,54
GET,login,133,0,52,51.54682419548148,47.57887399955507,99.63475299991842,13.0,0.7422986481745866,0.0,48,52,52,52,56,56,56,60,100,100,100
,Aggregated,1593,0,46,29.44847027432322,1.6198590001295088,99.63475299991842,2342.3389830508477,8.890840199564785,0.0,4,46,48,48,52,52,52,56,98,100,100
