Type,Name,Request Count,Failure Count,Median Response Time,Average Response Time,Min Response Time,Max Response Time,Average Content Size,Requests/s,Failures/s,50%,66%,75%,80%,90%,95%,98%,99%,99.9%,99.99%,100%
POST,addToCart,1868,0,110.0,155.9944957704461,8.767489998717792,1101.308932993561,16784.330299785866,10.415749560759876,0.0,110,190,200,200,200,200,290,620,1000,1100,1100
POST,cartEmpty,947,0,200.0,189.7272853886511,10.042677997262217,1201.3153589941794,10513.043294614572,5.280361260192506,0.0,200,200,200,210,290,300,300,800,1200,1200,1200
POST,checkout,378,2,100.0,131.44118235704906,7.94206399586983,1098.7505740049528,6797.31746031746,2.1076837976269984,0.011151766125010574,100,110,190,190,190,200,200,1000,1100,1100,1100
GET,home,2693,0,110.0,150.94041321581065,7.199159997981042,1194.5288419956341,10557.317861121426,15.015853087326736,0.0,110,190,190,200,200,200,290,500,1100,1200,1200
GET,logout,436,0,190.0,174.43495679787844,11.954094996326603,1092.7413879981032,10499.0,2.4310850152523047,0.0,190,200,200,200,210,290,300,840,1100,1100,1100
POST,setCurrency,445,0,190.0,192.57129082237788,11.698176997015253,1197.7988690050552,10513.694382022471,2.4812679628148526,0.0,190,200,200,200,210,300,810,920,1200,1200,1200
GET,viewCart,535,0,100.0,106.4189677939165,6.566580996150151,1028.080099989893,16691.2,2.9830974384403284,0.0,100,100,100,110,190,190,200,200,1000,1000,1000
GET,viewProduct,3831,0,98,99.64893599594106,5.214281001826748,1106.2140279973391,7995.699034194728,21.36120801245775,0.0,98,100,100,100,110,190,200,200,1000,1100,1100
,Aggregated,11133,2,100.0,137.22032194677215,5.214281001826748,1201.3153589941794,10879.969190694332,62.07630613487135,0.011151766125010574,100,190,190,190,200,210,290,610,1100,1200,1200
