{"RES_TIME": {"precision": 0.08333333333333333, "recall": 0.5, "mhd_pos": 6.666666666666666, "mhd_false": 5.303030303030304, "true_positive": 1, "true_negative": 0, "false_positive": 11, "false_negative": 1}, "CPU": {"precision": 0.7692307692307693, "recall": 1, "mhd_pos": 0.0, "mhd_false": 5.222222222222222, "true_positive": 10, "true_negative": 0, "false_positive": 3, "false_negative": 0}, "MEM": {"precision": 0.07692307692307693, "recall": 1, "mhd_pos": 1.9999999999999998, "mhd_false": 0.6111111111111112, "true_positive": 1, "true_negative": 0, "false_positive": 12, "false_negative": 0}}