Type,Name,Request Count,Failure Count,Median Response Time,Average Response Time,Min Response Time,Max Response Time,Average Content Size,Requests/s,Failures/s,50%,66%,75%,80%,90%,95%,98%,99%,99.9%,99.99%,100%
POST,addToCart,2616,0,410.0,441.1238245645445,12.935045000631362,1408.0324539972935,17004.693425076453,14.586048653232629,0.0,410,490,500,500,580,600,620,700,1400,1400,1400
POST,cartEmpty,808,0,610.0,644.5421966889284,99.81153698754497,1318.521998997312,10513.56311881188,4.5051709907538084,0.0,610,700,700,710,790,800,890,910,1300,1300,1300
POST,checkout,597,3,290.0,286.8975847992181,91.78951699868776,1196.800498990342,6798.94472361809,3.3286968830198314,0.016727120015175033,290,300,300,310,400,410,500,940,1200,1200,1200
GET,home,3248,0,590.0,558.6114471291071,10.707093024393544,1497.8638209868222,10552.229371921183,18.109895269762834,0.0,590,600,600,610,690,700,710,800,1300,1500,1500
GET,logout,688,0,610.0,629.948037665557,110.26236199541017,1493.2525839831214,10499.0,3.8360861901468075,0.0,610,690,700,700,710,800,810,910,1500,1500,1500
POST,setCurrency,720,0,610.0,626.1611879009353,19.443585973931476,1404.48081199429,10513.795833333334,4.014508803642007,0.0,610,690,700,700,780,800,810,900,1400,1400,1400
GET,viewCart,1198,0,310.0,335.6473597830849,14.165668981149793,995.9939479886089,16996.75876460768,6.679696592726563,0.0,310,390,390,400,410,490,500,510,810,1000,1000
GET,viewProduct,5059,0,290.0,275.16669089810466,7.6953580137342215,1293.947324011242,7998.233247677406,28.20750005225683,0.0,290,300,300,300,380,400,420,600,1100,1300,1300
,Aggregated,14934,3,400.0,424.45640751722436,7.6953580137342215,1497.8638209868222,11177.867416633186,83.26760343554132,0.016727120015175033,400,500,590,600,680,700,790,810,1300,1500,1500
