Type,Name,Request Count,Failure Count,Median Response Time,Average Response Time,Min Response Time,Max Response Time,Average Content Size,Requests/s,Failures/s,50%,66%,75%,80%,90%,95%,98%,99%,99.9%,99.99%,100%
POST,addToCart,1972,0,190.0,180.13295167699707,12.88513100007549,1098.7154449976515,16806.738843813386,10.999363129690382,0.0,190,200,200,200,210,290,300,800,1000,1100,1100
POST,cartEmpty,972,0,200.0,216.81078971710963,15.697638998972252,1025.9340850025183,10511.855967078189,5.421592779948809,0.0,200,210,220,290,300,300,310,710,1000,1000,1000
POST,checkout,407,1,110.0,151.39014146441815,11.236751997785177,1081.8732709958567,6800.906633906634,2.27015253234482,0.005577770349741573,110,190,190,190,200,200,700,790,1100,1100,1100
GET,home,2764,0,190.0,177.72943398996583,9.724171002744697,1045.980620001501,10556.075615050651,15.416957246685707,0.0,190,200,200,200,210,290,300,610,1000,1000,1000
GET,logout,460,0,200.0,204.24916317177755,21.043968001322355,1006.7216319948784,10497.0,2.5657743608811234,0.0,200,200,210,210,290,300,300,800,1000,1000,1000
POST,setCurrency,468,0,200.0,220.8309299979184,10.974511002132203,1010.7693870013463,10512.309829059828,2.6103965236790563,0.0,200,210,210,290,300,300,710,1000,1000,1000,1000
GET,viewCart,586,0,100.0,131.31301457851742,7.317154995689634,1023.2691530036391,16726.1228668942,3.2685734249485616,0.0,100,110,110,190,190,200,660,780,1000,1000,1000
GET,viewProduct,3989,0,100.0,117.11407132092631,7.364782999502495,1014.7388050027075,7996.967661067937,22.249725925119133,0.0,100,100,110,110,190,190,200,770,990,1000,1000
,Aggregated,11618,1,110.0,160.1173316213269,7.317154995689634,1098.7154449976515,10910.239972456533,64.8025359232976,0.005577770349741573,120,190,200,200,210,290,300,760,1000,1100,1100
