Type,Name,Request Count,Failure Count,Median Response Time,Average Response Time,Min Response Time,Max Response Time,Average Content Size,Requests/s,Failures/s,50%,66%,75%,80%,90%,95%,98%,99%,99.9%,99.99%,100%
GET,home,3659,0,600.0,604.2151966261356,9.56623101956211,1594.5762580086011,10554.899426072698,20.395959349470814,0.0,600.0,610.0,690.0,700.0,710.0,790.0,800.0,900.0,1400.0,1600.0,1600.0
GET,viewCart,765,0,310.0,341.39945615251133,9.441319009056317,902.500341006089,16726.848366013073,4.26425496101262,0.0,310.0,390.0,400.0,400.0,410.0,490.0,500.0,510.0,900.0,900.0,900.0
POST,addToCart,2554,0,480.0,450.9331764065414,14.835203008260578,1188.9296760200525,16806.30696945967,14.23647996134148,0.0,480.0,500.0,500.0,510.0,590.0,600.0,610.0,690.0,1100.0,1200.0,1200.0
POST,checkout,522,4,290.0,284.1967077701334,83.146606979426,1001.1367850238456,6791.739463601532,2.909726914573317,0.022296757966079,290.0,300.0,310.0,310.0,390.0,400.0,480.0,500.0,1000.0,1000.0,1000.0
POST,cartEmpty,1232,0,700.0,697.742147889892,97.59149799356236,1500.5106499884278,10511.80357142857,6.8674014535523495,0.0,700.0,710.0,790.0,800.0,810.0,900.0,910.0,990.0,1500.0,1500.0,1500.0
GET,logout,588,0,690.0,675.7957733242292,98.52308698464184,1499.52503098757,10497.0,3.277623421013621,0.0,690.0,700.0,710.0,790.0,800.0,810.0,900.0,1000.0,1500.0,1500.0,1500.0
GET,viewProduct,5237,5237,300.0,287.54196309947906,8.44739400781691,88.56707799714059,7995.465832185765,29.192030367089007,0.0,300.0,300.0,307.77777777777777,310.0,391.1111111111111,401.1111111111111,451.1111111111111,524.4444444444445,925.5555555555555,925.5555555555555,925.5555555555555
POST,setCurrency,628,0,690.0,659.4969055545479,21.243499009869996,1207.4340190156363,10511.56847133758,3.500591000674412,0.0,690.0,700.0,710.0,780.0,800.0,810.0,890.0,900.0,1200.0,1200.0,1200.0
,Aggregated,15185,4,410.0,457.626903236403,8.44739400781691,1594.5762580086011,10897.706091537702,84.64406742872762,0.022296757966079,410.0,590.0,600.0,610.0,700.0,790.0,810.0,890.0,1300.0,1500.0,1600.0
