Type,Name,Request Count,Failure Count,Median Response Time,Average Response Time,Min Response Time,Max Response Time,Average Content Size,Requests/s,Failures/s,50%,66%,75%,80%,90%,95%,98%,99%,99.9%,99.99%,100%
GET,home,3651,0,600.0,601.9250481280403,12.000216986052692,1312.2674290207217,10554.811010682004,20.355662199946902,0.0,600.0,610.0,690.0,700.0,700.0,790.0,800.0,810.0,1200.0,1300.0,1300.0
GET,viewCart,761,0,320.0,352.2053519048166,95.15082801226526,1104.6158180106431,16735.124835742445,4.242853720668198,0.0,320.0,390.0,400.0,400.0,480.0,490.0,510.0,620.0,1100.0,1100.0,1100.0
POST,addToCart,2541,0,480.0,457.1490188554912,12.22378498641774,1291.4677310036495,16805.87839433294,14.167005656002488,0.0,480.0,500.0,500.0,510.0,590.0,600.0,690.0,700.0,1200.0,1300.0,1300.0
POST,checkout,521,4,290.0,277.70474011497663,93.41993200359866,1092.280276992824,6791.180422264875,2.904765819274812,0.0223014650232231,290.0,300.0,300.0,310.0,390.0,400.0,410.0,490.0,1100.0,1100.0,1100.0
POST,cartEmpty,1233,0,700.0,693.2376496866431,100.1432500197552,1406.5704310196452,10511.603406326034,6.874426593408527,0.0,700.0,710.0,790.0,800.0,800.0,890.0,910.0,1000.0,1400.0,1400.0,1400.0
GET,logout,594,0,690.0,675.4661899583095,100.79247000976466,1310.8161390118769,10497.0,3.311767555948633,0.0,690.0,700.0,710.0,790.0,800.0,810.0,900.0,990.0,1300.0,1300.0,1300.0
GET,viewProduct,5220,5220,300.0,288.2018245722322,7.517543010180816,93.94029798568226,7995.543296874139,29.103411855306174,0.0,300.0,300.0,310.0,310.0,393.3333333333333,401.1111111111111,466.6666666666667,562.2222222222222,965.5555555555555,965.5555555555555,965.5555555555555
POST,setCurrency,627,0,690.0,663.3414229958046,19.34698098921217,1311.9466920034029,10511.709728867623,3.495754642390224,0.0,690.0,700.0,710.0,780.0,800.0,810.0,900.0,990.0,1300.0,1300.0,1300.0
,Aggregated,15148,4,410.0,458.6837446585572,7.517543010180816,1406.5704310196452,10895.0186823343,84.45564804294595,0.0223014650232231,410.0,590.0,600.0,610.0,700.0,790.0,810.0,890.0,1200.0,1400.0,1400.0
