{
  "RES_TIME": {
    "precision": 0.6,
    "recall": 1,
    "mhd_pos": 3.4999999999999996,
    "mhd_false": 2.583333333333333
  },
  "CPU": {
    "precision": 0.9,
    "recall": 1,
    "mhd_pos": 3.8518518518518516,
    "mhd_false": 0.3333333333333333
  },
  "MEM": {
    "precision": 0,
    "recall": 0,
    "mhd_pos": -1,
    "mhd_false": 0.6333333333333333
  }
}