{"RES_TIME": {"precision": 0.1, "recall": 1, "mhd_pos": 2.3333333333333335, "mhd_false": 2.592592592592593}, "CPU": {"precision": 1.0, "recall": 1, "mhd_pos": 4.866666666666666, "mhd_false": -1}, "MEM": {"precision": 0, "recall": 0, "mhd_pos": -1, "mhd_false": 0.16666666666666666}}