Type,Name,Request Count,Failure Count,Median Response Time,Average Response Time,Min Response Time,Max Response Time,Average Content Size,Requests/s,Failures/s,50%,66%,75%,80%,90%,95%,98%,99%,99.9%,99.99%,100%
GET,home,2878,0,300.0,301.3051428491908,20.2286779822316,995.1525789801964,10551.165740097287,16.051545996217126,0.0,300.0,300.0,310.0,390.0,400.0,400.0,490.0,500.0,910.0,1000.0,1000.0
GET,viewCart,1045,0,200.0,196.00572467558243,15.413340996019542,708.2870700105559,16999.47272727273,5.828306312038532,0.0,200.0,200.0,210.0,210.0,290.0,300.0,300.0,310.0,710.0,710.0,710.0
POST,addToCart,2338,0,290.0,272.7025059938172,11.94327199482359,904.0647939837072,16998.439264328485,13.039789624446016,0.0,290.0,300.0,300.0,310.0,390.0,390.0,400.0,410.0,890.0,900.0,900.0
POST,checkout,533,5,200.0,193.67057910876167,19.13608197355643,801.5608970017638,6789.964352720451,2.972715085470371,0.0278866330719547,200.0,200.0,200.0,210.0,290.0,300.0,300.0,320.0,800.0,800.0,800.0
POST,cartEmpty,749,0,390.0,361.1391420780855,100.25894999853335,1095.167225023033,10511.592790387183,4.177417634178815,0.0,390.0,400.0,400.0,400.0,420.0,500.0,510.0,590.0,1100.0,1100.0,1100.0
GET,logout,605,0,320.0,348.7870000200327,110.24620200623758,906.0215850186069,10497.0,3.374282601706519,0.0,320.0,390.0,400.0,400.0,410.0,490.0,500.0,570.0,910.0,910.0,910.0
GET,viewProduct,4489,4489,190.0,173.4229121341002,7.5089829915668815,15.100557007826865,7996.994962420851,25.036619172000933,0.0,190.0,200.0,200.0,200.0,207.77777777777777,253.33333333333334,295.55555555555554,435.55555555555554,825.5555555555555,825.5555555555555,825.5555555555555
POST,setCurrency,624,0,380.0,358.2773170910514,20.01887199003249,1094.8286350176204,10511.820512820514,3.480251807379947,0.0,380.0,400.0,400.0,400.0,490.0,500.0,510.0,590.0,1100.0,1100.0,1100.0
,Aggregated,13261,5,210.0,248.58475764998065,7.5089829915668815,1095.167225023033,11173.835985219815,73.96092823343825,0.0278866330719547,210.0,300.0,300.0,310.0,390.0,400.0,490.0,500.0,910.0,1100.0,1100.0
