Type,Name,Request Count,Failure Count,Median Response Time,Average Response Time,Min Response Time,Max Response Time,Average Content Size,Requests/s,Failures/s,50%,66%,75%,80%,90%,95%,98%,99%,99.9%,99.99%,100%
GET,home,2836,0,300.0,303.43361442889926,10.92938898364082,1194.438240985619,10550.790197461212,15.81328677185938,0.0,300.0,300.0,310.0,380.0,400.0,400.0,500.0,810.0,1100.0,1200.0,1200.0
GET,viewCart,1029,0,200.0,196.0577520387588,9.219073021085933,999.0988799836488,17003.20408163265,5.73761357131287,0.0,200.0,200.0,200.0,210.0,290.0,300.0,300.0,660.0,1000.0,1000.0,1000.0
POST,addToCart,2301,0,290.0,280.83701689925374,13.261007989058273,1294.3887910223566,16992.289439374184,12.830173787746274,0.0,290.0,300.0,300.0,310.0,390.0,400.0,410.0,790.0,1000.0,1300.0,1300.0
POST,checkout,526,3,200.0,210.41358038383584,17.01094300369732,1001.0513069864828,6797.334600760456,2.932929775034568,0.0167277363595127,200.0,200.0,210.0,210.0,290.0,300.0,390.0,810.0,1000.0,1000.0,1000.0
POST,cartEmpty,737,0,390.0,368.36784882006566,96.87345501151869,1313.0981749854982,10511.531886024424,4.1094472323202975,0.0,390.0,400.0,400.0,400.0,490.0,500.0,590.0,1100.0,1300.0,1300.0,1300.0
GET,logout,598,0,380.0,359.21061992462074,14.38935799524188,1112.2754470270593,10497.0,3.334395447662873,0.0,390.0,390.0,400.0,400.0,410.0,500.0,500.0,900.0,1100.0,1100.0,1100.0
GET,viewProduct,4425,4425,190.0,175.91989956183568,7.896975002950057,52.56832001032308,7997.289610209215,24.673411130281295,0.0,190.0,200.0,200.0,200.0,208.88888888888889,266.6666666666667,355.55555555555554,543.3333333333334,946.6666666666666,946.6666666666666,946.6666666666666
POST,setCurrency,616,0,390.0,362.5315582996643,20.27685201028362,1188.611404999392,10511.073051948051,3.43476186581995,0.0,390.0,400.0,400.0,400.0,490.0,500.0,700.0,910.0,1200.0,1200.0,1200.0
,Aggregated,13068,3,210.0,253.0910425080056,7.896975002950057,1313.0981749854982,11170.789409243956,72.86601958203751,0.0167277363595127,210.0,300.0,300.0,310.0,390.0,400.0,500.0,790.0,1100.0,1300.0,1300.0
