Type,Name,Request Count,Failure Count,Median Response Time,Average Response Time,Min Response Time,Max Response Time,Average Content Size,Requests/s,Failures/s,50%,66%,75%,80%,90%,95%,98%,99%,99.9%,99.99%,100%
POST,addToCart,2098,0,200.0,196.09783865826233,14.708154994877987,991.2842300036573,16989.389418493804,11.699362690409554,0.0,200,200,200,210,290,300,300,400,930,990,990
POST,cartEmpty,651,0,210.0,242.33195466346749,19.796489999862388,999.6552119991975,10514.072196620584,3.630259824335853,0.0,210,290,290,300,300,310,390,710,1000,1000,1000
POST,checkout,473,6,190.0,167.38496522221828,17.211600999871735,1003.2561970001552,6786.475687103594,2.6376542195251282,0.03345861589249634,190,190,200,200,200,200,300,810,1000,1000,1000
GET,home,2694,0,200.0,198.10642906539005,12.4829350024811,986.0539200017229,10552.034149962881,15.022918535730858,0.0,200,200,210,210,290,300,300,600,900,990,990
GET,logout,576,0,210.0,230.8046809827273,97.67879200080642,931.1247959994944,10499.0,3.212027125679649,0.0,210,220,290,290,300,300,310,410,930,930,930
POST,setCurrency,584,0,210.0,238.3768391026223,19.73482200264698,1017.1821900003124,10514.498287671233,3.2566386135363103,0.0,210,290,290,300,300,310,400,700,1000,1000,1000
GET,viewCart,967,0,110.0,140.37056981797411,9.014012997795362,830.0939070031745,16969.227507755946,5.392413594673994,0.0,110,190,190,190,200,200,210,290,830,830,830
GET,viewProduct,4123,0,100.0,125.46438578680653,8.174503003829159,1002.5118019984802,7997.512248362843,22.991645554127068,0.0,100,110,180,190,190,200,200,280,920,1000,1000
,Aggregated,12166,6,190.0,173.20620995710962,8.174503003829159,1017.1821900003124,11153.744862732205,67.84292015801842,0.03345861589249634,190,200,200,200,290,300,300,400,920,1000,1000
