Type,Name,Request Count,Failure Count,Median Response Time,Average Response Time,Min Response Time,Max Response Time,Average Content Size,Requests/s,Failures/s,50%,66%,75%,80%,90%,95%,98%,99%,99.9%,99.99%,100%
POST,addToCart,2586,0,490.0,452.6461946814087,7.563684004708193,909.4867260137107,17007.21732405259,14.416974521946516,0.0,490,500,510,590,600,680,700,710,900,910,910
POST,cartEmpty,797,0,710.0,668.1646733915449,8.092008996754885,1205.4325280041667,10513.165621079046,4.443282557614607,0.0,710,790,800,800,890,900,910,990,1200,1200,1200
POST,checkout,589,2,290.0,278.4970004481577,7.894733993452974,790.6615420070011,6801.6977928692695,3.2836805852383986,0.011150018965155852,290,300,310,380,400,400,420,520,790,790,790
GET,home,3165,0,610.0,583.3296220306606,6.184216996189207,1196.881861993461,10552.4224328594,17.644905012359136,0.0,610,690,700,700,790,800,810,890,990,1200,1200
GET,logout,668,0,700.0,660.5571349595004,8.179647993529215,1296.0854080010904,10498.97005988024,3.7241063343620544,0.0,700,720,790,800,820,900,910,910,1300,1300,1300
POST,setCurrency,704,0,700.0,646.0202808933983,7.68146499467548,1000.8847970020724,10513.436079545454,3.92480667573486,0.0,700,710,790,800,810,890,900,900,1000,1000,1000
GET,viewCart,1179,0,390.0,352.93469709447936,5.85250899894163,986.4251830003923,17023.877014419,6.572936179959375,0.0,390,400,410,410,500,500,590,600,900,990,990
GET,viewProduct,4964,0,300.0,278.83165298472306,5.069585997262038,762.1238400024595,7997.021958098308,27.674347071516824,0.0,300,300,310,320,400,400,480,500,590,760,760
,Aggregated,14652,2,400.0,437.4572801202985,5.069585997262038,1296.0854080010904,11189.422126672127,81.68503893873176,0.011150018965155852,400,510,600,620,710,800,810,900,990,1200,1300
