{"cartEmpty": {"RES_TIME": 43.232323088926, "CPU": 30.71134216608779, "MEM": 47.335271109016844}, "viewProduct": {"RES_TIME": 14.97383355666872, "CPU": 22.526130501148533, "MEM": 10.289296688123327}, "checkout": {"RES_TIME": 26.40309994226972, "CPU": 3.220045067264928, "MEM": 13.42510373594416}, "addToCart": {"RES_TIME": 28.238103619853195, "CPU": 30.71134216608779, "MEM": 47.335271109016844}, "viewCart": {"RES_TIME": 16.014499777133885, "CPU": 30.71134216608779, "MEM": 47.335271109016844}, "setCurrency": {"RES_TIME": 10.475527400590355, "CPU": 40.09209419474766, "MEM": 34.54929723978199}, "logout": {"RES_TIME": 42.70191218128548, "CPU": 61.50798915379584, "MEM": 20.736064201467354}, "home": {"RES_TIME": 22.90645954515076, "CPU": 61.50798915379584, "MEM": 20.736064201467354}}