Type,Name,Request Count,Failure Count,Median Response Time,Average Response Time,Min Response Time,Max Response Time,Average Content Size,Requests/s,Failures/s,50%,66%,75%,80%,90%,95%,98%,99%,99.9%,99.99%,100%
POST,addToCart,2121,0,190.0,167.6619084804463,7.699838999542408,836.0256150008354,17011.016030174447,11.832505843309088,0.0,190,200,200,200,200,280,290,300,790,840,840
POST,cartEmpty,688,0,200.0,194.3080299753609,7.701968999754172,799.7216219991969,10511.026162790698,3.8381725696353857,0.0,200,200,210,210,290,300,300,300,800,800,800
POST,checkout,488,1,110.0,139.98076726027304,7.996845999514335,803.6922970004525,6801.993852459016,2.722424729625099,0.005578739200051432,110,190,190,190,200,200,210,290,800,800,800
GET,home,2561,0,190.0,161.43966271065833,6.124100000306498,801.8308210012037,10551.308473252635,14.287151091331719,0.0,190,200,200,200,200,210,290,290,710,800,800
GET,logout,545,0,200.0,195.69957110647127,8.131189999403432,810.815349999757,10497.0,3.040412864028031,0.0,200,200,210,210,290,300,300,300,810,810,810
POST,setCurrency,554,0,200.0,202.24346813716326,7.794037999701686,898.6579190004704,10510.897111913357,3.0906215168284934,0.0,200,200,210,210,290,300,310,400,900,900,900
GET,viewCart,940,0,100.0,113.0053630021142,5.426914000054239,831.7090410000674,17010.23085106383,5.244014848048346,0.0,100,110,110,110,190,200,200,200,830,830,830
GET,viewProduct,4031,0,100.0,102.1218475361032,5.167265000636689,822.6728440004081,7997.778466881667,22.487897715407325,0.0,100,100,100,110,190,190,200,200,740,820,820
,Aggregated,11928,1,110.0,143.16145031657643,5.167265000636689,898.6579190004704,11185.93133802817,66.54320117821348,0.005578739200051432,110,190,200,200,200,210,290,300,800,890,900
