Type,Name,Request Count,Failure Count,Median Response Time,Average Response Time,Min Response Time,Max Response Time,Average Content Size,Requests/s,Failures/s,25%,50%,75%,80%,90%,95%,98%,99%,99.9%,99.99%,100%
POST,admin_create_user,40,40,3700.0,2949.3248972752554,399.1915299993707,4904.440951002471,143.0,0.2232110525037417,0.2232110525037417,2000,3800,4200,4300,4400,4800,4900,4900,4900,4900,4900
POST,admin_login,40,0,1800.0,1676.370140850122,402.1776800000225,3082.4745709978743,341.0,0.2232110525037417,0.0,890,1800,2200,2300,2800,3000,3100,3100,3100,3100,3100
POST,get_trip_information,558,0,54,101.23248201062945,41.48305099806748,978.3490239933599,337.0,3.113794182427197,0.0,49,54,110,120,180,260,620,840,980,980,980
POST,login,40,0,1100.0,1215.6067617501321,411.1996200008434,2501.6061950009316,64.0,0.2232110525037417,0.0,800,1200,1600,1600,2000,2100,2500,2500,2500,2500,2500
,Aggregated,678,40,63,427.93480377131505,41.48305099806748,4904.440951002471,309.68436578171094,3.783427339938422,0.2232110525037417,50,64,190,400,1500,2300,4000,4300,4900,4900,4900
