Type,Name,Request Count,Failure Count,Median Response Time,Average Response Time,Min Response Time,Max Response Time,Average Content Size,Requests/s,Failures/s,50%,66%,75%,80%,90%,95%,98%,99%,99.9%,99.99%,100%
POST,addToCart,2166,0,310.0,340.2148986569753,7.739570006378926,1300.5283620004775,16802.728531855955,12.072698075237817,0.0,310,390,400,400,410,490,810,1100,1300,1300,1300
POST,cartEmpty,1065,0,500.0,510.7495400723411,8.325000002514571,1401.175578997936,10514.030046948357,5.936021906799757,0.0,500,590,590,600,610,700,1000,1200,1300,1400,1400
POST,checkout,441,4,210.0,226.80477201772322,8.145090003381483,992.0342200057348,6792.34693877551,2.4580147050691954,0.022294917959811294,210,280,290,290,300,300,400,620,990,990,990
GET,home,3135,0,440.0,440.565907580258,6.736815004842356,1299.5289829996182,10557.11610845295,17.4736419510021,0.0,440,500,500,500,590,600,690,1100,1300,1300,1300
GET,logout,511,0,500.0,503.31995862818854,8.184471997083165,1197.4295689869905,10499.0,2.8481757693658927,0.0,500,510,590,600,610,700,990,1000,1200,1200,1200
POST,setCurrency,534,0,500.0,505.0943253947126,8.392631003516726,1406.372398007079,10514.058052434457,2.976371547634808,0.0,500,590,600,600,610,700,1000,1200,1400,1400,1400
GET,viewCart,643,0,220.0,248.9934078615561,5.884282989427447,974.7478589997627,16715.77293934681,3.5839080620396655,0.0,220,290,300,300,310,390,400,500,970,970,970
GET,viewProduct,4462,0,200.0,220.20674143158536,5.262630002107471,1102.2839169891085,7996.220977140296,24.869980984169498,0.0,200,210,290,290,300,300,600,860,1000,1100,1100
,Aggregated,12957,4,300.0,342.0259987292167,5.262630002107471,1406.372398007079,10889.172802346222,72.21881300131874,0.022294917959811294,300,400,490,500,510,600,710,990,1300,1400,1400
