{"RES_TIME": {"precision": 0.9, "recall": 1, "mhd_pos": 0.6296296296296295, "mhd_false": 0.3333333333333333}, "CPU": {"precision": 1.0, "recall": 1, "mhd_pos": 0.16666666666666666, "mhd_false": -1}, "MEM": {"precision": 1.0, "recall": 1, "mhd_pos": 0.3333333333333333, "mhd_false": -1}}