Type,Name,Request Count,Failure Count,Median Response Time,Average Response Time,Min Response Time,Max Response Time,Average Content Size,Requests/s,Failures/s,50%,66%,75%,80%,90%,95%,98%,99%,99.9%,99.99%,100%
POST,addToCart,1570,0,390.0,377.39206276552056,12.364715003059246,1296.0532089928165,16736.50891719745,8.758962730171618,0.0,390,400,400,410,490,510,900,1100,1300,1300,1300
POST,cartEmpty,377,0,590.0,570.5595339418915,102.60618600295857,1198.8820510014193,10516.384615384615,2.103266846671783,0.0,590,600,600,610,700,700,990,1100,1200,1200,1200
POST,checkout,202,0,210.0,262.0969207376463,13.529485993785784,1198.6094570020214,6805.940594059406,1.1269493449010615,0.0,210,290,300,300,310,390,800,1200,1200,1200,1200
GET,home,4416,0,500.0,506.6402859580861,11.107209997135215,1498.3521020039916,10536.349864130434,24.636674787540038,0.0,500,510,590,590,600,680,900,1100,1400,1500,1500
GET,logout,857,0,590.0,566.1802970408944,14.331947997561656,1315.6066529918462,10498.982497082847,4.781166280100048,0.0,590,600,600,610,700,700,810,1100,1300,1300,1300
POST,setCurrency,883,0,590.0,563.5020615571921,20.782228995813057,1393.9376920025097,10514.139297848245,4.926219166077413,0.0,590,600,600,610,690,710,1000,1100,1400,1400,1400
GET,viewCart,984,0,290.0,288.4140623509148,8.54743699892424,1197.3877520067617,16626.439024390245,5.489693838527943,0.0,290,300,300,310,390,400,600,800,1200,1200,1200
GET,viewProduct,5026,0,210.0,256.6478033828095,7.799990999046713,1196.7534130089916,7986.713887783526,28.039838650855124,0.0,210,290,300,300,310,400,780,900,1100,1200,1200
,Aggregated,14315,0,390.0,394.99641604556086,7.799990999046713,1498.3521020039916,10683.029689137269,79.86277164484503,0.0,390,490,500,510,600,690,800,1000,1300,1500,1500
