Type,Name,Request Count,Failure Count,Median Response Time,Average Response Time,Min Response Time,Max Response Time,Average Content Size,Requests/s,Failures/s,50%,66%,75%,80%,90%,95%,98%,99%,99.9%,99.99%,100%
POST,addToCart,1959,0,110.0,146.97268326858335,9.847002002061345,1105.1501350011677,17012.379275140378,10.9290684709196,0.0,110,190,190,200,200,200,210,290,1100,1100,1100
POST,cartEmpty,603,0,190.0,180.90351222605298,13.945069003966637,1097.6888709992636,10513.67495854063,3.3640777376031235,0.0,190,200,200,200,210,290,300,300,1100,1100,1100
POST,checkout,452,2,100.0,131.98925801146538,10.857501009013504,898.6768909962848,6799.918141592921,2.5216635777721588,0.01115780344146973,100,120,190,190,190,200,200,200,900,900,900
GET,home,2366,0,140.0,155.92500190551453,7.179993990575895,1101.960310988943,10552.956466610312,13.199681471258689,0.0,140,190,190,200,200,210,290,590,1000,1100,1100
GET,logout,512,0,190.0,172.7991047851276,14.997884994954802,1091.200745999231,10499.0,2.856397681016251,0.0,190,200,200,200,210,210,290,300,1100,1100,1100
POST,setCurrency,523,0,200.0,182.25930466949467,13.668056999449618,1009.7544769960223,10513.801147227534,2.9177655999443344,0.0,200,200,200,200,210,290,290,300,1000,1000,1000
GET,viewCart,898,0,100,100.99042943893478,7.569805995444767,202.93670501268934,17009.161469933184,5.009853745219909,0.0,100,100,100,110,180,190,190,200,200,200,200
GET,viewProduct,3735,0,97,93.78909380747899,5.782517007901333,1096.963149990188,7998.163587684069,20.837197926944718,0.0,97,100,100,100,110,190,190,200,1000,1100,1100
,Aggregated,11048,2,100.0,131.27882263978273,5.782517007901333,1105.1501350011677,11199.350923244026,61.635706210678784,0.01115780344146973,100,110,190,190,200,200,290,290,1000,1100,1100
