Type,Name,Request Count,Failure Count,Median Response Time,Average Response Time,Min Response Time,Max Response Time,Average Content Size,Requests/s,Failures/s,50%,66%,75%,80%,90%,95%,98%,99%,99.9%,99.99%,100%
POST,addToCart,1777,0,100.0,126.24287378103388,8.577370001148665,1058.9441629999783,16815.964546989308,9.907636134047554,0.0,100,110,110,190,190,200,200,620,1100,1100,1100
POST,cartEmpty,869,0,110.0,149.83867348791574,9.137298999121413,1097.0910329997423,10513.90909090909,4.84509611732545,0.0,110,190,190,200,200,200,290,720,1100,1100,1100
POST,checkout,363,5,97,97.80833955101767,8.111562998237787,617.8035630000522,6781.611570247934,2.0239009097688587,0.02787742299957106,97,100,100,100,110,190,190,200,620,620,620
GET,home,2573,0,100.0,119.44147919779175,7.087770998623455,929.5339159980358,10556.85153517295,14.345721875579267,0.0,100,110,110,190,190,200,200,550,930,930,930
GET,logout,431,0,110.0,146.63115597674147,9.118439000303624,1001.3704980010516,10499.0,2.403033862563025,0.0,110,190,190,190,200,200,290,840,1000,1000,1000
POST,setCurrency,437,0,110.0,144.35007850576685,9.302344999014167,1023.3637469973473,10514.089244851259,2.4364867701625106,0.0,110,190,190,190,200,210,290,620,1000,1000,1000
GET,viewCart,543,0,97,89.96886788580342,6.532414998218883,922.2963149986754,16736.696132596684,3.027488137753417,0.0,97,99,100,100,100,180,190,200,920,920,920
GET,viewProduct,3661,0,95,83.429586824602,5.619905001367442,1053.4813459998986,7995.98197213876,20.41184912028593,0.0,95,97,98,99,100,100,190,200,930,1100,1100
,Aggregated,10654,5,99,110.56303476278265,5.619905001367442,1097.0910329997423,10899.57781115074,59.401212927486014,0.02787742299957106,99,100,110,110,190,200,200,550,930,1100,1100
