Type,Name,Request Count,Failure Count,Median Response Time,Average Response Time,Min Response Time,Max Response Time,Average Content Size,Requests/s,Failures/s,50%,66%,75%,80%,90%,95%,98%,99%,99.9%,99.99%,100%
POST,addToCart,2346,0,290.0,274.5210703609916,105.23350001312792,1178.2344800012652,16992.373827791987,13.08251943116009,0.0,290,300,300,310,380,400,400,490,800,1200,1200
POST,cartEmpty,754,0,320.0,358.07311813658845,110.90081599832047,1294.8648569872603,10511.54376657825,4.204697208480268,0.0,320,390,400,400,490,500,500,900,1300,1300,1300
POST,checkout,537,3,200.0,198.44534044324493,97.22483099903911,700.1631399907637,6796.540037243948,2.9945920437054427,0.01672956448997454,200,200,210,210,290,300,300,310,700,700,700
GET,home,2893,0,300.0,298.2895731270107,21.227107994491234,1201.5267240058165,10551.168337366056,16.132876689832116,0.0,300,300,310,320,390,400,480,500,1200,1200,1200
GET,logout,611,0,310.0,357.41569939764986,117.0986850047484,1200.0077679986134,10497.0,3.407254634458148,0.0,310,390,400,400,480,500,590,800,1200,1200,1200
POST,setCurrency,629,0,380.0,359.68689229062204,38.16776999155991,1285.7749380054884,10512.038155802862,3.507632021397995,0.0,380,390,400,400,490,500,510,800,1300,1300,1300
GET,viewCart,1049,0,200.0,198.06222942013213,15.282313004718162,999.6979190036654,16986.091515729266,5.84977104999443,0.0,200,200,200,210,290,300,310,600,980,1000,1000
GET,viewProduct,4515,0,190.0,172.4693101445888,12.30542900157161,1093.1125950010028,7996.267995570322,25.177994557411683,0.0,190,200,200,200,210,210,300,300,1100,1100,1100
,Aggregated,13334,3,210.0,248.58412378608404,12.30542900157161,1294.8648569872603,11167.795410229488,74.35733763644018,0.01672956448997454,210,300,300,300,390,400,490,510,1100,1300,1300
