Type,Name,Request Count,Failure Count,Median Response Time,Average Response Time,Min Response Time,Max Response Time,Average Content Size,Requests/s,Failures/s,50%,66%,75%,80%,90%,95%,98%,99%,99.9%,99.99%,100%
POST,addToCart,2253,0,390.0,350.2472189497974,7.566047002910636,1197.530743000243,16801.464269862405,12.569067080560338,0.0,390,400,400,400,490,500,500,600,1200,1200,1200
POST,cartEmpty,1119,0,510.0,512.5845086130973,7.820700000593206,1496.5844079997623,10514.05361930295,6.242692438147811,0.0,510,590,600,600,610,690,700,710,1200,1500,1500
POST,checkout,457,3,210.0,226.71966903297496,7.920603999082232,1010.5141599997296,6793.665207877461,2.5495178232650133,0.016736440852943194,210,290,290,300,300,310,390,400,1000,1000,1000
GET,home,3263,0,490.0,449.8784766407753,6.221992000064347,1407.5321899981645,10557.121667177444,18.203668834384548,0.0,490,500,500,510,590,600,610,1000,1400,1400,1400
GET,logout,525,0,500.0,517.7384752323825,8.060713000304531,1498.1454709995887,10499.0,2.928877149265059,0.0,500,590,600,600,610,690,800,1100,1500,1500,1500
POST,setCurrency,556,0,510.0,500.7014854100495,7.82511499710381,1208.7448410020443,10513.706834532373,3.1018203714121384,0.0,510,590,600,600,610,700,710,900,1200,1200,1200
GET,viewCart,655,0,290.0,264.6153111846414,5.786136000097031,1057.031284999539,16714.07786259542,3.654122919559264,0.0,290,300,300,310,380,390,400,410,1100,1100,1100
GET,viewProduct,4637,0,200.0,226.38326269505478,5.1431210013106465,1103.7336890003644,7996.792753935734,25.86895874503253,0.0,200,210,290,290,300,310,400,870,1100,1100,1100
,Aggregated,13465,3,310.0,349.61146311078926,5.1431210013106465,1498.1454709995887,10884.364129223914,75.1187253616267,0.016736440852943194,310,410,490,500,590,600,690,810,1300,1500,1500
