Type,Name,Request Count,Failure Count,Median Response Time,Average Response Time,Min Response Time,Max Response Time,Average Content Size,Requests/s,Failures/s,50%,66%,75%,80%,90%,95%,98%,99%,99.9%,99.99%,100%
POST,addToCart,919,0,15,15.15707269101809,12.507070001447573,26.92836099595297,29349.054406964093,5.127072882840325,0.0,15,15,16,16,17,18,19,21,27,27,27
GET,category,3099,0,8,7.743513150045208,5.438659994979389,18.258402997162193,118155.78670538883,17.289226184898986,0.0,8,8,8,8,9,10,10,11,16,18,18
GET,home,3567,0,4,4.429016632697647,2.8900340039399453,18.853997004043777,8905.0,19.90018386625837,0.0,4,5,5,5,5,6,7,7,15,19,19
POST,login,620,0,8,8.535899480792127,6.465586993726902,21.983163002005313,10117.0,3.45896103086072,0.0,8,9,9,10,11,12,13,14,22,22,22
GET,login_page,620,0,4,4.375349195188685,3.316538997751195,7.671813997149002,9901.0,3.45896103086072,0.0,4,5,5,5,5,6,6,7,8,8,8
POST,logout,619,0,8,7.971594258553746,5.951262006419711,23.13686600246001,9113.0,3.4533820614561064,0.0,8,8,9,9,10,11,11,12,23,23,23
GET,profile,620,0,6,6.7568746564633795,5.106128002807964,12.08583900006488,8905.0,3.45896103086072,0.0,7,7,8,8,9,9,10,11,12,12,12
GET,view_product,2309,0,11,11.572759183587529,9.012816000904422,23.954434996994678,123157.92767431789,12.881840355253876,0.0,11,12,12,12,13,13,14,16,21,24,24
,Aggregated,12373,0,7,7.886119263794715,2.8900340039399453,26.92836099595297,59229.41574395862,69.02858844328982,0.0,7,9,11,11,13,14,16,17,21,26,27
