Type,Name,Request Count,Failure Count,Median Response Time,Average Response Time,Min Response Time,Max Response Time,Average Content Size,Requests/s,Failures/s,50%,66%,75%,80%,90%,95%,98%,99%,99.9%,99.99%,100%
POST,addToCart,2390,0,400.0,410.2154123129298,7.7226919966051355,1194.0848119993461,16806.914225941422,13.329593195133821,0.0,400,490,500,500,580,600,610,700,1100,1200,1200
POST,cartEmpty,1168,0,610.0,602.4624962440749,8.14547399932053,1188.4354530047858,10514.303938356165,6.514211235111424,0.0,610,690,700,700,790,800,810,900,1000,1200,1200
POST,checkout,482,5,280.0,261.0478312949359,7.840695994673297,1098.4171999880346,6790.526970954357,2.6882275816127623,0.027886178232497536,280,300,300,300,390,400,410,890,1100,1100,1100
GET,home,3468,0,590.0,530.3038842007443,5.908113002078608,1202.5256920023821,10556.92012687428,19.34185322206029,0.0,590,600,600,610,690,700,790,800,1100,1200,1200
GET,logout,562,0,610.0,600.2219622633962,7.735150007647462,1292.219221999403,10499.0,3.134406433332723,0.0,610,690,700,700,710,800,810,820,1300,1300,1300
POST,setCurrency,592,0,600.0,585.4156258109396,7.904751997557469,1292.7522939862683,10513.783783783783,3.3017235027277083,0.0,600,690,700,700,710,790,810,1000,1300,1300,1300
GET,viewCart,711,0,300.0,302.7767958510633,5.639430004521273,1004.1950890008593,16704.800281293952,3.9654145446611495,0.0,300,310,390,390,400,410,500,510,1000,1000,1000
GET,viewProduct,4930,0,290.0,258.513057127513,5.152488010935485,1035.8121129975189,7996.808722109534,27.49577173724257,0.0,290,300,300,300,380,400,410,490,800,1000,1000
,Aggregated,14303,5,390.0,407.09252764413935,5.152488010935485,1292.7522939862683,10889.998112284136,79.77120145188245,0.027886178232497536,390,500,590,600,690,700,790,800,1100,1300,1300
