Type,Name,Request Count,Failure Count,Median Response Time,Average Response Time,Min Response Time,Max Response Time,Average Content Size,Requests/s,Failures/s,50%,66%,75%,80%,90%,95%,98%,99%,99.9%,99.99%,100%
POST,addToCart,2566,0,410.0,431.6211378258031,7.6395329961087555,1194.7913909971248,17000.506235385816,14.298029701063447,0.0,410,490,500,500,590,600,690,700,1100,1200,1200
POST,cartEmpty,786,0,690.0,625.7240934824422,7.628458988619968,1484.5269910001662,10513.926208651399,4.379677063536972,0.0,690,700,710,780,800,810,900,1000,1500,1500,1500
POST,checkout,583,0,290.0,263.6331658663909,7.9803089902270585,879.7036090109032,6806.3825042881645,3.2485390942010874,0.0,290,300,300,310,390,400,410,480,880,880,880
GET,home,3152,0,590.0,544.6122673800133,6.235019012819976,1397.7760309935547,10552.547906091371,17.563285119934523,0.0,590,600,610,690,700,710,800,810,1100,1400,1400
GET,logout,665,0,690.0,619.4367544622689,8.21525597712025,1410.7256379793398,10498.96992481203,3.7054519685141045,0.0,690,700,710,710,800,800,880,900,1400,1400,1400
POST,setCurrency,701,0,620.0,612.0409383724168,7.923593977466226,1397.428721014876,10513.634807417975,3.906047864553966,0.0,620,700,700,710,800,810,900,1000,1400,1400,1400
GET,viewCart,1174,0,310.0,334.89143758360933,5.623948993161321,914.2480980081018,16962.55877342419,6.54165505418881,0.0,310,390,400,400,490,500,510,590,810,910,910
GET,viewProduct,4947,0,290.0,264.7161647238634,5.040044983616099,995.0622780015692,7997.242166969881,27.56521938081094,0.0,290,300,300,310,390,400,410,490,800,1000,1000
,Aggregated,14574,0,390.0,412.6083802489856,5.040044983616099,1484.5269910001662,11180.545560587347,81.20790524680385,0.0,390,500,590,600,690,710,800,810,1100,1400,1500
