Type,Name,Request Count,Failure Count,Median Response Time,Average Response Time,Min Response Time,Max Response Time,Average Content Size,Requests/s,Failures/s,50%,66%,75%,80%,90%,95%,98%,99%,99.9%,99.99%,100%
POST,addToCart,2501,0,410.0,436.61914835928377,7.794258999638259,1395.1842749956995,17006.21351459416,13.946789903574068,0.0,410,490,500,510,590,610,710,1000,1300,1400,1400
POST,cartEmpty,762,0,690.0,642.4004035442166,8.229951985413209,1616.1085259809624,10513.750656167978,4.249281849869428,0.0,690,700,720,790,810,890,1200,1300,1600,1600,1600
POST,checkout,573,2,290.0,284.90128917947703,8.086677989922464,1201.3821149885189,6799.5898778359515,3.195326115452995,0.011152970734565427,290,300,310,380,400,430,510,920,1200,1200,1200
GET,home,3077,0,590.0,554.5298335173968,6.2195429927669466,1599.4203579903115,10552.492362690933,17.15884547512891,0.0,590,600,620,690,700,790,990,1200,1500,1600,1600
GET,logout,653,0,630.0,626.5547142571244,8.226443023886532,1497.7947300067171,10499.0,3.641444944835612,0.0,630,700,700,710,800,820,900,1100,1500,1500,1500
POST,setCurrency,694,0,610.0,613.5776803226737,8.087049005553126,1612.070119008422,10513.847262247838,3.8700808448942032,0.0,610,700,700,710,800,890,1000,1300,1600,1600,1600
GET,viewCart,1140,0,310.0,338.1818173736591,5.691374011803418,1095.913481025491,16976.269298245614,6.3571933187022935,0.0,310,390,400,400,490,500,620,810,1100,1100,1100
GET,viewProduct,4825,0,290.0,278.0331921904683,5.108494980959222,1139.014877990121,7997.674611398964,26.906541897139093,0.0,290,300,300,310,390,410,700,900,1100,1100,1100
,Aggregated,14225,2,400.0,422.7086746333168,5.108494980959222,1616.1085259809624,11177.812724077328,79.3255043495966,0.011152970734565427,400,500,590,600,700,790,890,1000,1400,1600,1600
