Type,Name,Request Count,Failure Count,Median Response Time,Average Response Time,Min Response Time,Max Response Time,Average Content Size,Requests/s,Failures/s,50%,66%,75%,80%,90%,95%,98%,99%,99.9%,99.99%,100%
POST,addToCart,2186,0,200.0,204.64050076307626,13.979733994347043,405.2095169972745,16989.27310155535,12.192634498643079,0.0,200,200,210,290,290,300,300,310,400,410,410
POST,cartEmpty,672,0,290.0,256.32869783778136,97.24284300318686,502.9206309991423,10513.379464285714,3.748147476252584,0.0,290,300,300,300,310,390,400,410,500,500,500
POST,checkout,496,3,190.0,159.24078045342074,14.78531799511984,299.9996580037987,6797.334677419355,2.7664898039007166,0.016732801233270464,190,190,200,200,200,200,290,290,300,300,300
GET,home,2775,0,200.0,210.38059608683355,12.319893998210318,405.46452299895464,10551.403963963963,15.47784114077518,0.0,200,210,280,290,290,300,300,310,400,410,410
GET,logout,595,0,210.0,242.37477210426886,99.04455299692927,503.8427000035881,10498.966386554623,3.318672244598642,0.0,210,290,300,300,300,310,400,400,500,500,500
POST,setCurrency,605,0,280.0,248.07384132900927,17.910391004988924,504.6893389953766,10513.464462809918,3.3744482487095437,0.0,280,290,300,300,310,380,400,400,500,500,500
GET,viewCart,1015,0,110.0,146.17491430250854,10.255733999656513,304.27454599703196,16979.33300492611,5.661264417256507,0.0,110,190,190,200,200,200,210,220,300,300,300
GET,viewProduct,4272,0,110.0,127.02455944284516,7.588665001094341,300.15782400005264,7997.473080524344,23.82750895617714,0.0,110,110,190,190,190,200,200,200,290,300,300
,Aggregated,12616,3,190.0,179.7479962130554,7.588665001094341,504.6893389953766,11165.339648065948,70.3670067863134,0.016732801233270464,190,200,200,210,290,300,310,390,410,500,500
