Type,Name,Request Count,Failure Count,Median Response Time,Average Response Time,Min Response Time,Max Response Time,Average Content Size,Requests/s,Failures/s,50%,66%,75%,80%,90%,95%,98%,99%,99.9%,99.99%,100%
GET,home,3241,0,610.0,647.397960565178,96.42805400653742,1704.0892540244386,10550.233569885835,18.06704961961951,0.0,610.0,700.0,700.0,710.0,790.0,810.0,1000.0,1200.0,1600.0,1700.0,1700.0
GET,viewCart,1208,0,390.0,398.4749830073366,187.91806302033365,1293.4120999998413,17005.324503311258,6.734031453409555,0.0,390.0,400.0,420.0,490.0,500.0,590.0,890.0,910.0,1300.0,1300.0,1300.0
POST,addToCart,2655,0,490.0,500.1569540847708,102.92476500035264,1993.4740570024587,17002.520150659133,14.800375421194014,0.0,490.0,510.0,590.0,590.0,600.0,690.0,800.0,1000.0,1900.0,2000.0,2000.0
POST,checkout,601,7,300.0,320.7326239623736,102.13604400632904,1106.160811992595,6786.801996672213,3.3502921386582303,0.0390217054419427,300.0,310.0,390.0,390.0,410.0,500.0,800.0,1000.0,1100.0,1100.0,1100.0
POST,cartEmpty,820,0,710.0,735.1921602107567,300.96544200205244,2213.744662003592,10511.136585365854,4.571114066056155,0.0,710.0,790.0,800.0,810.0,890.0,900.0,1000.0,1400.0,2200.0,2200.0,2200.0
GET,logout,683,0,700.0,712.457699588141,398.0882309842855,1613.7910980032757,10497.0,3.807403545263846,0.0,700.0,710.0,800.0,800.0,810.0,900.0,990.0,1200.0,1600.0,1600.0,1600.0
GET,viewProduct,5092,5092,300.0,314.0048370666693,12.232867011334749,97.71217900561167,7996.762431572617,28.38550344433895,0.0,300.0,308.8888888888889,312.22222222222223,380.0,400.0,446.6666666666667,716.6666666666666,900.0,1100.0,1100.0,1100.0
POST,setCurrency,718,0,700.0,719.50448547225,78.08198098791763,1696.8106149870437,10511.33426183844,4.00251207247356,0.0,700.0,790.0,800.0,800.0,890.0,900.0,1100.0,1300.0,1700.0,1700.0,1700.0
,Aggregated,15018,7,490.0,486.4252320630253,12.232867011334749,2213.744662003592,11187.363097616191,83.71828176101381,0.0390217054419427,490.0,590.0,610.0,690.0,730.0,800.0,900.0,1000.0,1600.0,2000.0,2200.0
