Type,Name,Request Count,Failure Count,Median Response Time,Average Response Time,Min Response Time,Max Response Time,Average Content Size,Requests/s,Failures/s,50%,66%,75%,80%,90%,95%,98%,99%,99.9%,99.99%,100%
POST,addToCart,1516,0,300.0,300.2176676648975,16.4199130013003,794.8787120039924,16712.548153034302,8.455207404334626,0.0,300,310,380,390,400,400,410,500,790,790,790
POST,cartEmpty,370,0,410.0,444.7266398650017,96.19761499925517,903.7493739961064,10512.843243243244,2.0636060287624085,0.0,410,490,500,500,590,600,610,700,900,900,900
POST,checkout,191,1,200.0,209.84478593704594,95.79576300166082,502.57219999912195,6795.8167539267015,1.0652668959287028,0.0055773135912497536,200,210,280,290,300,300,310,400,500,500,500
GET,home,4357,0,400.0,388.05025395713136,9.898066004097927,809.1028249982628,10535.700711498737,24.300355317075173,0.0,400,400,410,490,500,500,590,600,800,810,810
GET,logout,841,0,410.0,441.3919779476725,98.98901000269689,891.4279000018723,10499.0,4.690520730241042,0.0,410,490,500,500,510,600,610,710,890,890,890
POST,setCurrency,861,0,410.0,438.71855459941423,22.08728600089671,787.8705160037498,10513.623693379792,4.802067002066037,0.0,410,490,500,500,520,600,610,690,790,790,790
GET,viewCart,949,0,200.0,224.46355218010507,9.632765002606902,598.6942679955973,16609.062170706005,5.292870598096016,0.0,200,220,290,290,300,300,320,400,600,600,600
GET,viewProduct,4927,0,200.0,196.87609558800835,7.101894996594638,675.7108849997167,7984.5674852851635,27.479424064087535,0.0,200,200,210,210,290,300,310,310,590,680,680
,Aggregated,14012,1,300.0,305.62845521555636,7.101894996594638,903.7493739961064,10663.137096774193,78.14931804059154,0.0055773135912497536,300,390,400,400,490,500,590,600,790,890,900
