Type,Name,Request Count,Failure Count,Median Response Time,Average Response Time,Min Response Time,Max Response Time,Average Content Size,Requests/s,Failures/s,50%,66%,75%,80%,90%,95%,98%,99%,99.9%,99.99%,100%
POST,addToCart,1466,0,210.0,246.33976682820636,7.619440992129967,1097.9104440193623,16723.229877216916,8.175522258589021,0.0,210,290,300,300,310,390,400,400,1000,1100,1100
POST,cartEmpty,353,0,390.0,370.0350491987461,9.794729005079716,1105.6236250151414,10511.906515580737,1.9685943774092254,0.0,390,400,410,410,490,500,580,600,1100,1100,1100
POST,checkout,188,0,190.0,177.24625398485395,10.17572998534888,800.9220760141034,6806.547872340426,1.0484298667221936,0.0,190,200,200,200,210,290,300,700,800,800,800
GET,home,4126,0,300.0,319.4711717462822,6.575302017154172,1108.8565090030897,10533.743092583616,23.009689521786015,0.0,300,390,390,400,400,410,500,510,990,1100,1100
GET,logout,803,0,390.0,368.349426348794,8.378603000892326,1109.3654739961494,10497.0,4.478133952010221,0.0,390,400,400,410,490,500,510,600,1100,1100,1100
POST,setCurrency,820,0,400.0,372.95108804888827,7.89452699245885,1217.5202470098156,10511.396341463415,4.572938780384036,0.0,400,400,410,410,500,500,590,600,1200,1200,1200
GET,viewCart,916,0,200.0,184.68243663331293,5.61598499189131,810.635771980742,16616.609170305677,5.108307222965582,0.0,200,200,200,200,280,290,300,300,810,810,810
GET,viewProduct,4700,0,190.0,162.05325069230426,5.0609890022315085,900.7342309923843,7985.5404255319145,26.210746668054842,0.0,190,200,200,200,200,210,290,300,700,900,900
,Aggregated,13372,0,210.0,252.44097312890574,5.0609890022315085,1217.5202470098156,10676.795019443614,74.57236264792114,0.0,210,300,310,390,400,410,500,510,900,1100,1200
