Type,Name,Request Count,Failure Count,Median Response Time,Average Response Time,Min Response Time,Max Response Time,Average Content Size,Requests/s,Failures/s,50%,66%,75%,80%,90%,95%,98%,99%,99.9%,99.99%,100%
POST,addToCart,1696,0,97,90.25484611245118,7.708635006565601,1011.00563199725,17021.352594339623,9.457149647442787,0.0,97,100,100,100,110,190,190,200,1000,1000,1000
POST,cartEmpty,494,0,100.0,105.7816289352566,8.373691991437227,1045.9634129947517,10513.801619433198,2.7546178807999624,0.0,100,100,110,110,190,190,200,720,1000,1000,1000
POST,checkout,388,2,94,82.34947932784785,8.444068997050636,933.8057840068359,6797.038659793814,2.1635460278347884,0.011152299112550456,94,97,99,100,100,180,190,190,930,930,930
GET,home,2145,0,95,88.09717241677376,6.403683000826277,1005.476083009853,10550.684848484849,11.960840798210365,0.0,95,99,100,100,110,190,200,400,890,1000,1000
GET,logout,472,0,98,96.84157948976139,8.337427003425546,936.9354119990021,10499.0,2.6319425905619074,0.0,99,100,110,110,180,190,200,200,940,940,940
POST,setCurrency,479,0,99,108.91497779310932,8.238707989221439,1003.3526280021761,10513.427974947808,2.670975637455834,0.0,99,100,110,150,190,190,200,920,1000,1000,1000
GET,viewCart,809,0,90,64.81411053740597,5.444787006126717,837.580520004849,17004.72558714462,4.511104991026659,0.0,90,94,96,97,99,100,100,190,840,840,840
GET,viewProduct,3319,0,86,61.78294495645608,5.027835999499075,1036.6839990019798,7996.80445917445,18.50724037727748,0.0,86,92,94,95,97,100,100,180,1000,1000,1000
,Aggregated,9802,2,93,79.74087799747241,5.027835999499075,1045.9634129947517,11183.450214241991,54.65741795060978,0.011152299112550456,93,97,99,100,100,190,190,200,1000,1000,1000
