Type,Name,Request Count,Failure Count,Median Response Time,Average Response Time,Min Response Time,Max Response Time,Average Content Size,Requests/s,Failures/s,50%,66%,75%,80%,90%,95%,98%,99%,99.9%,99.99%,100%
POST,addToCart,2493,0,390.0,365.23170224184605,12.336705000052461,1098.7208689984982,16999.386682711593,13.902225061226217,0.0,390,400,400,400,490,500,510,590,1000,1100,1100
POST,cartEmpty,767,0,500.0,506.73804446153974,100.42658100064727,1192.334432998905,10513.441981747066,4.277178749282194,0.0,500,510,590,600,600,620,700,700,1200,1200,1200
POST,checkout,569,5,210.0,233.95901643585933,96.09655999884126,991.0846169987053,6792.794376098418,3.173030910484443,0.027882521181761367,210,290,290,300,300,310,390,400,990,990,990
GET,home,3070,0,410.0,436.39019006969164,10.757249998277985,1216.6915180023352,10552.349511400651,17.11986800560148,0.0,410,490,500,500,510,590,600,690,1200,1200,1200
GET,logout,655,0,500.0,498.90716689622036,117.8141019991017,1000.9686459998193,10499.0,3.6526102748107387,0.0,500,510,590,590,600,610,690,700,1000,1000,1000
POST,setCurrency,681,0,500.0,503.2598362672983,43.19024199867272,1403.665252000792,10513.55947136564,3.7975993849558978,0.0,500,510,590,600,600,690,700,710,1400,1400,1400
GET,viewCart,1142,0,290.0,270.70577837032573,13.859580001735594,997.3707279968949,16997.412434325743,6.368367837914296,0.0,290,300,300,300,310,390,410,490,900,1000,1000
GET,viewProduct,4802,0,200.0,221.60484324803755,7.606917999510188,937.4914950021775,7998.083090379008,26.778373342963615,0.0,200,210,290,290,300,300,310,390,820,940,940
,Aggregated,14179,5,310.0,339.5745734288685,7.606917999510188,1403.665252000792,11182.630157274843,79.06925356723887,0.027882521181761367,310,400,410,490,500,590,600,690,1100,1200,1400
