{
  "dlingam": {
    "RES_TIME": {
      "mean_precision": 0.9799999999999999,
      "mean_recall": 0.9999999999999999,
      "mean_mhd_pos": 0.665925925925926,
      "mean_mhd_false": 0.3333333333333333
    },
    "CPU": {
      "mean_precision": 0.7699999999999999,
      "mean_recall": 0.9999999999999999,
      "mean_mhd_pos": 0.025132275132275127,
      "mean_mhd_false": 0.33333333333333337
    },
    "MEM": {
      "mean_precision": 0.9999999999999999,
      "mean_recall": 0.9999999999999999,
      "mean_mhd_pos": 0.33333333333333337,
      "mean_mhd_false": -1
    }
  },
  "dagma_lin": {
    "RES_TIME": {
      "mean_precision": 0.0,
      "mean_recall": 0.0,
      "mean_mhd_pos": -1,
      "mean_mhd_false": 4.681481481481481
    },
    "CPU": {
      "mean_precision": 0.7799999999999999,
      "mean_recall": 0.9999999999999999,
      "mean_mhd_pos": 0.09674603174603175,
      "mean_mhd_false": 0.3333333333333333
    },
    "MEM": {
      "mean_precision": 0.0,
      "mean_recall": 0.0,
      "mean_mhd_pos": -1,
      "mean_mhd_false": 4.95
    }
  },
  "dagma_mlp": {
    "RES_TIME": {
      "mean_precision": 0.0,
      "mean_recall": 0.0,
      "mean_mhd_pos": -1,
      "mean_mhd_false": 4.851851851851852
    },
    "CPU": {
      "mean_precision": 0.68,
      "mean_recall": 0.9999999999999999,
      "mean_mhd_pos": 0.0,
      "mean_mhd_false": 0.33333333333333337
    },
    "MEM": {
      "mean_precision": 0.0,
      "mean_recall": 0.0,
      "mean_mhd_pos": -1,
      "mean_mhd_false": 6.666666666666666
    }
  },
  "dag_gnn": {
    "RES_TIME": {
      "mean_precision": 0.76,
      "mean_recall": 0.9999999999999999,
      "mean_mhd_pos": 0.7582407407407407,
      "mean_mhd_false": 2.4717261904761907
    },
    "CPU": {
      "mean_precision": 0.8999999999999999,
      "mean_recall": 0.9999999999999999,
      "mean_mhd_pos": 0.21253968253968253,
      "mean_mhd_false": 0.3333333333333333
    },
    "MEM": {
      "mean_precision": 0.7,
      "mean_recall": 0.7,
      "mean_mhd_pos": 0.2857142857142857,
      "mean_mhd_false": 1.6666666666666667
    }
  }
}