Type,Name,Request Count,Failure Count,Median Response Time,Average Response Time,Min Response Time,Max Response Time,Average Content Size,Requests/s,Failures/s,25%,50%,75%,80%,90%,95%,98%,99%,99.9%,99.99%,100%
POST,admin_create_user,27,27,3600.0,3197.025096036938,1190.064494003309,4305.984545004321,143.0,0.15091234001791842,0.15091234001791842,2500,3600,3800,3800,3900,4100,4300,4300,4300,4300,4300
POST,admin_login,27,0,1800.0,1668.1552005180424,580.1602290011942,2765.8336099993903,341.0,0.15091234001791842,0.0,970,1800,2400,2500,2600,2800,2800,2800,2800,2800,2800
POST,get_trip_information,400,0,31,36.77281877469795,25.311688994406722,435.46810900443234,337.0,2.2357383706358287,0.0,29,31,37,38,41,70,86,120,440,440,440
POST,login,27,0,1300.0,1412.9051724098476,309.56848499772605,3695.6866910040844,64.0,0.15091234001791842,0.0,900,1300,1700,1800,2500,2800,3700,3700,3700,3700,3700
,Aggregated,481,27,33,382.9884307108722,25.311688994406722,4305.984545004321,311.01039501039503,2.6884753906895837,0.15091234001791842,29,33,41,74,1600,2600,3700,3900,4300,4300,4300
