Type,Name,Request Count,Failure Count,Median Response Time,Average Response Time,Min Response Time,Max Response Time,Average Content Size,Requests/s,Failures/s,25%,50%,75%,80%,90%,95%,98%,99%,99.9%,99.99%,100%
POST,admin_create_user,27,27,3600.0,3261.3019224458926,1004.7335810086224,4408.558358001756,143.0,0.15132720770217217,0.15132720770217217,3000,3600,3900,3900,4100,4200,4400,4400,4400,4400,4400
POST,admin_login,27,0,1800.0,1683.8676041850165,552.4712320038816,2653.3472390001407,341.0,0.15132720770217217,0.0,860,1800,2400,2500,2700,2700,2700,2700,2700,2700,2700
POST,get_trip_information,411,0,30,33.834550362247455,25.46150199486874,157.4144389887806,337.0,2.3035363839108434,0.0,28,30,36,36,39,45,71,110,160,160,160
POST,login,27,0,1100.0,1292.0233040010014,412.7772729989374,2992.490568998619,64.0,0.15132720770217217,0.0,890,1100,1800,1800,2300,2600,3000,3000,3000,3000,3000
,Aggregated,492,27,32,370.54920045923836,25.46150199486874,4408.558358001756,311.5914634146341,2.7575180070173597,0.15132720770217217,29,32,39,47,1500,2700,3800,3900,4400,4400,4400
