{"viewCart": {"RES_TIME": 16.36071757832856, "CPU": 31.26450224719143, "MEM": 81.12598614538065}, "logout": {"RES_TIME": 52.077870838021745, "CPU": 62.27574152696454, "MEM": 22.11349236078408}, "viewProduct": {"RES_TIME": 14.322744809501138, "CPU": 22.58865692426516, "MEM": 25.62390444477783}, "checkout": {"RES_TIME": 29.608276842100103, "CPU": 3.2345947459911826, "MEM": 25.089816750675084}, "setCurrency": {"RES_TIME": 34.471366256663984, "CPU": 40.73397970244599, "MEM": 35.43907624515352}, "addToCart": {"RES_TIME": 28.042620713532017, "CPU": 31.26450224719143, "MEM": 81.12598614538065}, "cartEmpty": {"RES_TIME": 39.92236272259285, "CPU": 31.26450224719143, "MEM": 81.12598614538065}, "home": {"RES_TIME": 34.63395313029209, "CPU": 62.27574152696454, "MEM": 22.11349236078408}}