Type,Name,Request Count,Failure Count,Median Response Time,Average Response Time,Min Response Time,Max Response Time,Average Content Size,Requests/s,Failures/s,50%,66%,75%,80%,90%,95%,98%,99%,99.9%,99.99%,100%
POST,addToCart,2035,0,190.0,173.2139074112745,10.20223599334713,990.6658589970903,16818.891891891893,11.349208976133134,0.0,190,200,200,200,210,290,300,300,870,990,990
POST,cartEmpty,1003,0,200.0,217.99254573394782,17.455096000048798,909.6214620003593,10513.454636091725,5.593737888482326,0.0,200,210,290,290,300,300,310,390,910,910,910
POST,checkout,420,1,110.0,140.19052724749295,7.923003999167122,676.7797939974116,6803.783333333334,2.34234288450905,0.00557700686787869,110,190,190,190,200,200,200,210,680,680,680
GET,home,2857,0,190.0,175.00802115301246,10.356965998653322,900.1428199990187,10557.7602380119,15.933508621529416,0.0,190,200,200,200,210,290,300,300,810,900,900
GET,logout,474,0,200.0,205.29270370886329,12.527459999546409,906.6901830010465,10499.0,2.643501255374499,0.0,200,200,210,210,290,300,300,600,910,910,910
POST,setCurrency,484,0,200.0,208.41073409515838,17.21167899813736,817.5788869993994,10513.923553719009,2.699271324053286,0.0,200,200,210,210,290,300,310,390,820,820,820
GET,viewCart,601,0,100.0,114.69897695850419,9.125024997047149,288.12848899542587,16734.480865224625,3.3517811275950926,0.0,100,110,110,110,190,190,200,200,290,290,290
GET,viewProduct,4120,0,100.0,108.40643267283932,6.960587001231033,877.8921229968546,7997.422330097087,22.977268295660203,0.0,100,100,110,110,190,190,200,200,860,880,880
,Aggregated,11994,1,110.0,153.7237691725371,6.960587001231033,990.6658589970903,10910.840253460063,66.890620373337,0.00557700686787869,110,190,200,200,210,290,300,300,870,910,990
