Type,Name,Request Count,Failure Count,Median Response Time,Average Response Time,Min Response Time,Max Response Time,Average Content Size,Requests/s,Failures/s,50%,66%,75%,80%,90%,95%,98%,99%,99.9%,99.99%,100%
GET,home,3994,0,210.0,240.7934859129464,11.203793983440846,1003.4179859794676,10534.57711567351,22.274860574044627,0.0,210.0,290.0,290.0,300.0,300.0,310.0,400.0,500.0,1000.0,1000.0,1000.0
GET,viewCart,890,0,180.0,152.72913572651183,12.490478984545916,939.32612700155,16624.3595505618,4.963601880545748,0.0,180.0,190.0,190.0,200.0,200.0,200.0,280.0,290.0,940.0,940.0,940.0
POST,addToCart,1419,0,200.0,209.475405043554,16.10905199777335,995.9555010136684,16733.661028893588,7.913877605049906,0.0,200.0,210.0,210.0,290.0,300.0,300.0,300.0,390.0,990.0,1000.0,1000.0
POST,checkout,184,3,190.0,169.79057450447252,14.1445119807031,952.2978669847362,6779.505434782609,1.0261828606970984,0.0167312422939744,190.0,200.0,200.0,200.0,200.0,210.0,290.0,300.0,950.0,950.0,950.0
POST,cartEmpty,341,0,290.0,283.1499962091939,104.58451000158676,1095.333490986377,10513.061583577712,1.901784540748427,0.0,290.0,300.0,300.0,310.0,390.0,400.0,410.0,890.0,1100.0,1100.0,1100.0
GET,logout,781,0,300.0,281.4553692148299,104.37879600794986,908.1250259769148,10497.0,4.35570007719801,0.0,300.0,300.0,300.0,310.0,390.0,400.0,400.0,510.0,910.0,910.0,910.0
GET,viewProduct,4547,4547,110.0,142.02567596960293,10.061934997793289,11.600967001868412,7986.0043578153,25.35898623690058,0.0,110.0,188.88888888888889,190.0,191.11111111111111,200.0,200.0,207.77777777777777,342.22222222222223,821.1111111111111,821.1111111111111,821.1111111111111
POST,setCurrency,792,0,290.0,285.6703792884108,47.89622200769372,1097.0414020121098,10512.32196969697,4.4170479656092505,0.0,290.0,300.0,300.0,310.0,390.0,400.0,490.0,820.0,1100.0,1100.0,1100.0
,Aggregated,12948,3,200.0,201.94447076350704,10.061934997793289,1097.0414020121098,10679.915430954588,72.21204174079365,0.0167312422939744,200.0,210.0,280.0,290.0,300.0,310.0,400.0,490.0,960.0,1100.0,1100.0
