Type,Name,Request Count,Failure Count,Median Response Time,Average Response Time,Min Response Time,Max Response Time,Average Content Size,Requests/s,Failures/s,50%,66%,75%,80%,90%,95%,98%,99%,99.9%,99.99%,100%
GET,home,3997,0,210.0,239.0588609968997,14.474777999566868,988.2160060224124,10534.24318238679,22.303619464150927,0.0,210.0,290.0,290.0,300.0,300.0,310.0,400.0,410.0,910.0,990.0,990.0
GET,viewCart,893,0,110.0,153.67082829402304,12.421827006619424,908.3276099991052,16613.28443449048,4.983020310604648,0.0,110.0,190.0,190.0,200.0,200.0,200.0,290.0,530.0,910.0,910.0,910.0
POST,addToCart,1422,0,200.0,210.04922800994484,16.007354977773502,996.8488919839727,16724.694092827005,7.934887885419719,0.0,200.0,200.0,210.0,290.0,300.0,300.0,310.0,390.0,910.0,1000.0,1000.0
POST,checkout,184,0,190.0,179.38228516947635,25.80674202181399,998.9879690110683,6806.847826086957,1.0267365477617638,0.0,190.0,200.0,200.0,200.0,210.0,290.0,720.0,920.0,1000.0,1000.0,1000.0
POST,cartEmpty,342,0,290.0,284.7993847955228,106.96433900739066,999.9930810008664,10513.333333333334,1.908390757252844,0.0,290.0,300.0,300.0,310.0,390.0,400.0,500.0,710.0,1000.0,1000.0,1000.0
GET,logout,782,0,300.0,283.50524113053825,100.99222799181008,995.7251829910092,10497.0,4.363630327987496,0.0,300.0,300.0,300.0,310.0,390.0,400.0,490.0,620.0,1000.0,1000.0,1000.0
GET,viewProduct,4551,4551,110.0,140.36243109119013,9.242814994649962,11.993638006970286,7985.761659834893,25.39498928730319,0.0,110.0,190.0,190.0,190.0,200.0,200.0,224.44444444444446,381.1111111111111,803.3333333333334,803.3333333333334,803.3333333333334
POST,setCurrency,790,0,300.0,288.7974412114171,103.82711899001151,1008.530465012882,10511.949367088608,4.4082710474554,0.0,300.0,300.0,300.0,310.0,390.0,400.0,500.0,710.0,1000.0,1000.0,1000.0
,Aggregated,12961,0,200.0,201.40258728745383,9.242814994649962,1008.530465012882,10680.2745930098,72.32354562793599,0.0,200.0,210.0,280.0,290.0,300.0,310.0,400.0,500.0,910.0,1000.0,1000.0
