Type,Name,Request Count,Failure Count,Median Response Time,Average Response Time,Min Response Time,Max Response Time,Average Content Size,Requests/s,Failures/s,50%,66%,75%,80%,90%,95%,98%,99%,99.9%,99.99%,100%
POST,addToCart,1437,0,200.0,212.31225713845137,15.457282002898864,1107.3033430002397,16731.790535838554,8.015931790099854,0.0,200,210,280,290,300,300,310,390,1000,1100,1100
POST,cartEmpty,342,0,290.0,280.54157010263765,104.47203399962746,413.6618560005445,10511.929824561403,1.907758296599965,0.0,290,300,300,310,390,400,410,410,410,410,410
POST,checkout,184,1,190.0,171.39389792962743,93.8021110050613,301.16181199264247,6794.858695652174,1.0263962765333146,0.005578240633333231,190,200,200,200,200,290,290,300,300,300,300
GET,home,4062,0,210.0,234.6142830703719,17.97412699670531,1103.8886180031113,10533.472673559823,22.658813452599585,0.0,210,290,290,290,300,300,320,390,500,1100,1100
GET,logout,794,0,300.0,278.78799494091635,96.64899201015942,1002.7558139991015,10497.0,4.429123062866585,0.0,300,300,300,300,390,400,400,410,1000,1000,1000
POST,setCurrency,809,0,290.0,275.33970625488445,13.348014006623998,489.5344740070868,10511.161928306552,4.512796672366584,0.0,290,300,300,310,390,400,400,410,490,490,490
GET,viewCart,905,0,180.0,148.88433987829185,11.5775250014849,301.78311400231905,16613.51491712707,5.048307773166575,0.0,180,190,190,200,200,200,210,210,300,300,300
GET,viewProduct,4617,0,110.0,138.10700738095045,8.959579005022533,994.0846760000568,7985.356075373619,25.75473700409953,0.0,110,190,190,190,200,200,210,210,940,990,990
,Aggregated,13150,1,200.0,197.87570315931177,8.959579005022533,1107.3033430002397,10678.148365019011,73.353864328332,0.005578240633333231,200,210,280,290,300,300,390,400,930,1100,1100
