Type,Name,Request Count,Failure Count,Median Response Time,Average Response Time,Min Response Time,Max Response Time,Average Content Size,Requests/s,Failures/s,50%,66%,75%,80%,90%,95%,98%,99%,99.9%,99.99%,100%
GET,home,3617,0,590.0,569.5576366029921,16.18871500249952,1295.106632001989,10554.967652750898,20.166552058568445,0.0,590.0,600.0,610.0,610.0,690.0,710.0,790.0,990.0,1200.0,1300.0,1300.0
GET,viewCart,744,0,300.0,325.7001093967041,97.57684700161916,1092.602650001936,16723.263440860213,4.148165532644436,0.0,300.0,320.0,390.0,390.0,400.0,420.0,500.0,590.0,1100.0,1100.0,1100.0
POST,addToCart,2496,0,410.0,434.285543518831,100.22500900231536,1296.939633997681,16808.41466346154,13.916426303065204,0.0,410.0,490.0,500.0,500.0,510.0,590.0,610.0,800.0,1200.0,1300.0,1300.0
POST,checkout,508,4,290.0,288.9203640729898,101.41418499551946,1204.746461000468,6794.057086614173,2.8323495841174373,0.0223019652292711,290.0,300.0,300.0,310.0,390.0,400.0,910.0,1000.0,1200.0,1200.0,1200.0
POST,cartEmpty,1212,0,690.0,655.4296433655188,202.84187799552456,1404.1355099980135,10514.270627062706,6.757495464469161,0.0,690.0,700.0,700.0,710.0,790.0,800.0,890.0,910.0,1400.0,1400.0,1400.0
GET,logout,584,0,610.0,641.7783010582167,294.02338399813743,1295.13694599882,10499.0,3.2560869234735894,0.0,610.0,690.0,700.0,700.0,720.0,800.0,900.0,1100.0,1300.0,1300.0,1300.0
GET,viewProduct,5139,5139,290.0,276.74981343096033,11.59679499687627,98.98220200557262,7996.62375296645,28.652449828306125,0.0,290.0,300.0,300.0,306.6666666666667,381.1111111111111,400.0,465.55555555555554,667.7777777777778,1062.2222222222222,1062.2222222222222,1062.2222222222222
POST,setCurrency,621,0,610.0,634.300564891877,86.77843000623398,1421.6540869965684,10514.119162640902,3.462380101844348,0.0,610.0,690.0,700.0,700.0,790.0,800.0,890.0,910.0,1400.0,1400.0,1400.0
,Aggregated,14921,4,400.0,436.88117374206087,11.59679499687627,1421.6540869965684,10892.460290865223,83.19190579648875,0.0223019652292711,400.0,510.0,590.0,600.0,690.0,710.0,800.0,890.0,1200.0,1400.0,1400.0
