Type,Name,Request Count,Failure Count,Median Response Time,Average Response Time,Min Response Time,Max Response Time,Average Content Size,Requests/s,Failures/s,50%,66%,75%,80%,90%,95%,98%,99%,99.9%,99.99%,100%
POST,addToCart,2464,0,410.0,439.2599771480101,98.71544400812127,1395.947991986759,16803.866883116883,13.742252917677595,0.0,410,490,500,500,580,600,700,1100,1300,1400,1400
POST,cartEmpty,1194,0,690.0,667.569003319437,200.24992999969982,1589.0978179813828,10512.734505862647,6.659192363517471,0.0,690,700,700,710,800,810,910,1200,1500,1600,1600
POST,checkout,500,1,290.0,281.5284249667893,105.73081599432044,1308.7310649862047,6802.414,2.7886065173858756,0.005577213034771752,290,300,300,310,390,400,710,990,1300,1300,1300
GET,home,3572,0,590.0,574.7999242124188,16.249640000751242,1496.6066689812578,10555.370940649496,19.921804960204696,0.0,590,600,610,610,700,710,880,1100,1400,1500,1500
GET,logout,578,0,610.0,627.6104987782642,205.22395201260224,1110.4780689929612,10497.0,3.223629134098072,0.0,610,690,700,700,710,800,890,1000,1100,1100,1100
POST,setCurrency,615,0,610.0,646.8081181063941,98.65989600075409,1418.2954159914516,10512.357723577235,3.429986016384627,0.0,610,690,700,700,800,1000,1200,1200,1400,1400,1400
GET,viewCart,730,0,300.0,330.8471488113729,114.11258700536564,1087.99926599022,16716.483561643836,4.071365515383379,0.0,300,380,390,400,410,500,580,600,1100,1100,1100
GET,viewProduct,5085,0,290.0,284.56030965055476,12.220252014230937,1318.836350023048,7994.647787610619,28.360128281814355,0.0,290,300,300,310,390,400,600,900,1300,1300,1300
,Aggregated,14738,1,400.0,442.55780767817055,12.220252014230937,1589.0978179813828,10886.830506174514,82.19696570646607,0.005577213034771752,400,510,590,600,690,710,810,1100,1400,1500,1600
