Type,Name,Request Count,Failure Count,Median Response Time,Average Response Time,Min Response Time,Max Response Time,Average Content Size,Requests/s,Failures/s,50%,66%,75%,80%,90%,95%,98%,99%,99.9%,99.99%,100%
GET,home,3614,0,590.0,569.1082212542691,60.505294997710735,1397.2875440013013,10556.472329828444,20.14901525847313,0.0,590.0,600.0,610.0,610.0,700.0,700.0,790.0,800.0,1300.0,1400.0,1400.0
GET,viewCart,750,0,300.0,327.43150161619025,104.6331069956068,1105.2259569987657,16711.012,4.1814503165066,0.0,300.0,380.0,390.0,390.0,400.0,480.0,490.0,500.0,1100.0,1100.0,1100.0
POST,addToCart,2500,0,410.0,436.6699400995852,105.79947900259867,1205.5830290046288,16802.3352,13.938167721688664,0.0,410.0,490.0,500.0,500.0,590.0,600.0,680.0,700.0,1200.0,1200.0,1200.0
POST,checkout,509,2,290.0,276.94402459513924,103.85375800251497,1098.269068999798,6799.823182711199,2.837810948135812,0.0111505341773509,290.0,300.0,300.0,310.0,390.0,400.0,500.0,500.0,1100.0,1100.0,1100.0
POST,cartEmpty,1218,0,690.0,668.1947399925151,291.5973919953103,1399.16975399683,10513.78735632184,6.790675314006717,0.0,690.0,700.0,710.0,720.0,800.0,810.0,890.0,910.0,1300.0,1400.0,1400.0
GET,logout,585,0,610.0,639.5819828956503,300.99541600066004,1408.094169004471,10498.991452991451,3.261531246875147,0.0,610.0,690.0,700.0,700.0,790.0,800.0,900.0,910.0,1400.0,1400.0,1400.0
GET,viewProduct,5143,5143,290.0,275.2231512468605,15.206834999844432,99.5388310038834,7995.908844178326,28.67359863705792,0.0,292.22222222222223,300.0,301.1111111111111,307.77777777777777,370.0,398.8888888888889,404.44444444444446,440.0,833.3333333333334,833.3333333333334,833.3333333333334
POST,setCurrency,614,0,610.0,631.7398932133844,72.27669699932449,1405.237898004998,10513.584690553746,3.423213992446736,0.0,610.0,700.0,700.0,700.0,790.0,800.0,890.0,1100.0,1400.0,1400.0,1400.0
,Aggregated,14933,2,400.0,437.03874674009535,15.206834999844432,1408.094169004471,10893.91582401393,83.25546343519073,0.0111505341773509,400.0,510.0,590.0,600.0,690.0,710.0,800.0,810.0,1200.0,1400.0,1400.0
