Type,Name,Request Count,Failure Count,Median Response Time,Average Response Time,Min Response Time,Max Response Time,Average Content Size,Requests/s,Failures/s,50%,66%,75%,80%,90%,95%,98%,99%,99.9%,99.99%,100%
POST,addToCart,1959,0,200.0,194.81046001777548,7.718918997852597,1140.55858500069,16796.755997958142,10.928701150212383,0.0,200,200,200,210,290,300,300,390,1100,1100,1100
POST,cartEmpty,959,0,220.0,246.92807835150447,8.293443999718875,795.7598579960177,10514.709071949948,5.349986933667011,0.0,220,290,300,300,300,380,390,400,800,800,800
POST,checkout,394,3,190.0,153.9025484366141,7.928295999590773,1097.0731810011785,6794.395939086295,2.1980134013188763,0.016736142649636115,190,190,190,200,200,200,290,290,1100,1100,1100
GET,home,2915,0,200.0,201.41753448369073,6.256947002839297,1109.4652300016605,10556.207547169812,16.261951941229757,0.0,200,200,210,210,290,300,300,310,1000,1100,1100
GET,logout,487,0,210.0,245.15955894463852,8.437878997938242,1016.5176040027291,10499.0,2.7168338234575957,0.0,210,290,300,300,300,380,400,680,1000,1000,1000
POST,setCurrency,495,0,210.0,241.1176083353995,7.636027999978978,1001.5231229990604,10514.149494949495,2.7614635371899587,0.0,210,290,300,300,300,310,390,400,1000,1000,1000
GET,viewCart,600,0,110.0,133.5127474851591,5.753033001383301,1046.2576990030357,16718.896666666667,3.347228529927223,0.0,110,120,190,190,200,200,200,560,1000,1000,1000
GET,viewProduct,4097,0,100,124.92635585813755,5.1683319979929365,1090.3365730046062,7995.730778618501,22.855992145186388,0.0,100,110,190,190,190,200,200,210,1000,1100,1100
,Aggregated,11906,3,190.0,176.11996347991362,5.1683319979929365,1140.55858500069,10880.57718797245,66.42017146218919,0.016736142649636115,190,200,200,210,290,300,310,390,1100,1100,1100
