Type,Name,Request Count,Failure Count,Median Response Time,Average Response Time,Min Response Time,Max Response Time,Average Content Size,Requests/s,Failures/s,50%,66%,75%,80%,90%,95%,98%,99%,99.9%,99.99%,100%
POST,addToCart,2119,0,280.0,257.89837119132557,7.3663980001583695,1938.722102000611,16791.97215667768,11.811392583375394,0.0,280,290,300,300,310,390,410,920,1100,1900,1900
POST,cartEmpty,1053,0,310.0,343.8652180752318,7.87226899410598,1299.4902500067838,10513.592592592593,5.869465026094521,0.0,310,390,400,400,410,490,510,1000,1200,1300,1300
POST,checkout,431,3,190.0,185.11267361430217,7.821485982276499,1017.3082679975778,6794.955916473318,2.402411610870597,0.01672212258146587,190,200,200,200,210,290,310,800,1000,1000,1000
GET,home,3058,0,300.0,283.02847684947,5.963157018413767,1113.2258139841724,10556.981360366253,17.04541695137421,0.0,300,300,300,310,390,400,500,800,1100,1100,1100
GET,logout,498,0,310.0,340.60642947848413,7.557211996754631,1104.4410819886252,10499.0,2.7758723485233348,0.0,310,390,400,400,410,500,800,1000,1100,1100,1100
POST,setCurrency,516,0,310.0,331.63517578512875,7.962105009937659,1094.3663099897094,10513.54457364341,2.8762050840121303,0.0,310,390,390,400,410,490,510,810,1100,1100,1100
GET,viewCart,619,0,190.0,179.37496386242537,5.643573007546365,1011.3512699899729,16717.465266558967,3.4503312926424585,0.0,190,200,200,200,210,290,300,760,1000,1000,1000
GET,viewProduct,4355,0,190.0,172.69269051502087,5.20802300889045,1087.551644013729,7997.17588978186,24.274947947427957,0.0,190,200,200,200,200,210,680,900,1100,1100,1100
,Aggregated,12649,3,200.0,241.7358597620551,5.20802300889045,1938.722102000611,10885.775950668038,70.5060428443206,0.01672212258146587,200,290,300,300,390,400,510,900,1100,1900,1900
