Type,Name,Request Count,Failure Count,Median Response Time,Average Response Time,Min Response Time,Max Response Time,Average Content Size,Requests/s,Failures/s,25%,50%,75%,80%,90%,95%,98%,99%,99.9%,99.99%,100%
POST,admin_create_user,25,25,3000.0,2793.322393199778,699.2610039960709,4105.24165800598,143.0,0.13968771772253175,0.13968771772253175,2100,3000,3400,3400,3800,4000,4100,4100,4100,4100,4100
POST,admin_login,25,0,1600.0,1636.3573134809849,352.68307400110643,2747.321684997587,341.0,0.13968771772253175,0.0,1100,1600,2000,2300,2600,2600,2700,2700,2700,2700,2700
POST,get_trip_information,526,0,31,34.916070887603475,25.52984300564276,169.31797000142979,337.0,2.9390295808820683,0.0,29,31,36,37,39,48,99,110,170,170,170
POST,login,25,0,1500.0,1472.1798075991683,216.7123300023377,2992.5962979978067,64.0,0.13968771772253175,0.0,1100,1500,1800,1800,2500,2800,3000,3000,3000,3000,3000
,Aggregated,601,25,33,276.0604677934737,25.52984300564276,4105.24165800598,317.7404326123128,3.3580927340496634,0.13968771772253175,29,33,38,39,1100,2100,3000,3400,4100,4100,4100
