Type,Name,Request Count,Failure Count,Median Response Time,Average Response Time,Min Response Time,Max Response Time,Average Content Size,Requests/s,Failures/s,25%,50%,75%,80%,90%,95%,98%,99%,99.9%,99.99%,100%
POST,admin_create_user,25,25,3200.0,2933.005135759886,905.6846059975214,3809.6928439990734,143.0,0.14025467726514973,0.14025467726514973,2500,3200,3400,3600,3600,3700,3800,3800,3800,3800,3800
POST,admin_login,25,0,1400.0,1508.893920800183,639.626069998485,2341.261344998202,341.0,0.14025467726514973,0.0,840,1400,2000,2100,2200,2300,2300,2300,2300,2300,2300
POST,get_trip_information,533,0,31,35.42452027963227,24.938558002759237,149.70904900110327,337.0,2.9902297192929925,0.0,29,31,36,37,41,62,91,120,150,150,150
POST,login,25,0,1200.0,1336.0037316405214,503.8230409991229,2797.0910069998354,64.0,0.14025467726514973,0.0,990,1200,1500,1600,2100,2500,2800,2800,2800,2800,2800
,Aggregated,608,25,32,268.6329589047019,24.938558002759237,3809.6928439990734,317.96217105263156,3.4109937510884416,0.14025467726514973,29,32,39,43,990,2000,3200,3400,3800,3800,3800
