Type,Name,Request Count,Failure Count,Median Response Time,Average Response Time,Min Response Time,Max Response Time,Average Content Size,Requests/s,Failures/s,25%,50%,75%,80%,90%,95%,98%,99%,99.9%,99.99%,100%
POST,admin_create_user,25,25,3300.0,3061.607152080105,1202.3270799982129,4202.485752997745,143.0,0.1395245901205696,0.1395245901205696,2800,3300,3600,3700,3800,3800,4200,4200,4200,4200,4200
POST,admin_login,25,0,1500.0,1487.096805080946,445.2860350065748,2347.7980440002284,341.0,0.1395245901205696,0.0,950,1500,2000,2100,2100,2200,2300,2300,2300,2300,2300
POST,get_trip_information,532,0,32,35.67677065404865,25.55070599919418,179.18427900440292,337.0,2.9690832777657215,0.0,29,32,36,37,40,50,100,120,180,180,180
POST,login,25,0,1200.0,1269.2193212002167,307.89263299811864,2792.935468001815,64.0,0.1395245901205696,0.0,900,1200,1600,1900,2000,2300,2800,2800,2800,2800,2800
,Aggregated,607,25,33,270.88653039042106,25.55070599919418,4202.485752997745,317.93080724876444,3.3876570481274304,0.1395245901205696,29,33,39,41,950,2000,3300,3600,4200,4200,4200
