Type,Name,Request Count,Failure Count,Median Response Time,Average Response Time,Min Response Time,Max Response Time,Average Content Size,Requests/s,Failures/s,50%,66%,75%,80%,90%,95%,98%,99%,99.9%,99.99%,100%
POST,addToCart,1645,0,490.0,486.94973731371823,50.575490000483114,1290.5545450012141,16724.41337386018,9.171303693807145,0.0,490,500,590,590,610,700,900,1000,1300,1300,1300
POST,cartEmpty,386,0,790.0,768.209340100966,198.6535560026823,1590.351869999722,10514.235751295337,2.1520505931972997,0.0,790,800,810,880,910,1000,1200,1300,1600,1600,1600
POST,checkout,212,3,300.0,297.0961236792305,88.96835000268766,1097.3873789989739,6784.415094339623,1.1819552480772733,0.016725781812414246,300,300,370,390,400,410,510,800,1100,1100,1100
GET,home,4666,0,690.0,687.1424675670456,13.281887000630377,1504.0320410007553,10535.484140591512,26.014165978908288,0.0,690,700,780,790,810,910,1100,1200,1400,1500,1500
GET,logout,895,0,780.0,759.3562231564972,213.65139499903307,1494.5819530003064,10499.0,4.989858240703583,0.0,780,800,810,870,900,1000,1200,1300,1500,1500,1500
POST,setCurrency,934,0,790.0,757.7080939325674,21.798648002004484,1498.7375099990459,10513.517130620985,5.207293404264968,0.0,790,800,810,890,910,1000,1100,1200,1500,1500,1500
GET,viewCart,1032,0,390.0,371.3466153663099,12.402296997606754,1088.7432919989806,16618.423449612405,5.7536689434705,0.0,390,400,400,410,500,590,690,750,1000,1100,1100
GET,viewProduct,5304,0,300.0,319.44646223076234,7.406778997392394,1216.7873489997874,7985.8357843137255,29.571182244348385,0.0,300,310,390,390,410,500,690,810,1100,1200,1200
,Aggregated,15074,3,500.0,519.5468473687118,7.406778997392394,1590.351869999722,10673.36712219716,84.04147834677744,0.016725781812414246,500,610,700,710,800,900,1000,1100,1400,1500,1600
