Type,Name,Request Count,Failure Count,Median Response Time,Average Response Time,Min Response Time,Max Response Time,Average Content Size,Requests/s,Failures/s,50%,66%,75%,80%,90%,95%,98%,99%,99.9%,99.99%,100%
POST,addToCart,2457,0,410.0,440.7026317830982,98.40199099562597,1401.3335769996047,16798.166056166057,13.70058523436252,0.0,410,490,500,500,580,600,610,810,1400,1400,1400
POST,cartEmpty,1199,0,690.0,673.253359859619,206.09118801075965,1488.3074490062427,10513.168473728107,6.685796376068646,0.0,690,700,710,720,800,810,910,1200,1400,1500,1500
POST,checkout,497,0,290.0,281.7787082136306,100.95933701086324,1112.2085030074231,6806.674044265594,2.7713434519650684,0.0,290,300,300,310,390,400,490,710,1100,1100,1100
GET,home,3563,0,590.0,575.217177386949,88.29410199541599,1407.4211359984474,10556.087285994949,19.86780024014394,0.0,590,600,610,620,700,710,790,810,1400,1400,1400
GET,logout,579,0,610.0,652.0335287976773,388.9194969960954,1398.0916120053735,10499.0,3.228587240820472,0.0,610,700,700,700,790,800,900,1200,1400,1400,1400
POST,setCurrency,612,0,610.0,649.6425099751779,35.82384900073521,1501.675310995779,10513.316993464052,3.412599985115939,0.0,610,700,700,710,800,890,1100,1200,1500,1500,1500
GET,viewCart,729,0,300.0,327.1262793770106,101.68552499089856,1177.7360840060282,16706.482853223595,4.065008805799869,0.0,300,380,390,390,400,410,500,500,1200,1200,1200
GET,viewProduct,5069,0,290.0,283.1251885012124,13.197660009609535,1305.5854970007204,7995.426316827777,28.265472752537086,0.0,290,300,300,310,390,400,580,880,1100,1300,1300
,Aggregated,14705,0,400.0,443.9527530249419,13.197660009609535,1501.675310995779,10887.014756885414,81.99719408681354,0.0,400,510,600,600,700,710,800,900,1400,1500,1500
