Type,Name,Request Count,Failure Count,Median Response Time,Average Response Time,Min Response Time,Max Response Time,Average Content Size,Requests/s,Failures/s,50%,66%,75%,80%,90%,95%,98%,99%,99.9%,99.99%,100%
POST,addToCart,1186,0,100.0,115.5238554717362,8.103522995952517,1103.0031380068976,16683.35581787521,6.612847265973529,0.0,100,100,110,110,190,200,200,210,1100,1100,1100
POST,cartEmpty,323,0,110.0,140.63056700303574,8.909847005270422,1007.2141170094255,10514.424148606811,1.8009693650163994,0.0,110,190,190,200,200,200,290,300,1000,1000,1000
POST,checkout,145,2,97,94.76067940222806,8.779864991083741,198.9818970032502,6783.68275862069,0.8084846994655663,0.011151513096076777,97,100,100,100,110,190,190,190,200,200,200
GET,home,3436,0,100.0,114.55595421925022,6.143195991171524,1004.4814690190833,10536.308498253784,19.158299499059904,0.0,100,100,110,190,190,200,200,450,930,1000,1000
GET,logout,661,0,110.0,133.07122454471124,7.8378000180236995,827.4738070031162,10499.0,3.6855750782533745,0.0,110,190,190,190,200,200,200,290,830,830,830
POST,setCurrency,664,0,110.0,136.5786240282202,7.597414980409667,998.6824450024869,10513.477409638554,3.70230234789749,0.0,110,190,190,190,200,200,280,290,1000,1000,1000
GET,viewCart,718,0,96,86.75305060670202,5.587547988398001,1098.5516690125223,16567.08217270195,4.003393201491563,0.0,96,98,100,100,100,110,190,200,1100,1100,1100
GET,viewProduct,3869,0,93,77.16319347321894,4.9381360004190356,1023.6201049992815,7985.602998190747,21.572602084360526,0.0,93,96,97,98,100,100,190,190,930,1000,1000
,Aggregated,11002,2,98,102.64232817709643,4.9381360004190356,1103.0031380068976,10641.816033448464,61.34447354151835,0.011151513096076777,98,100,100,110,190,200,200,290,1000,1100,1100
