Type,Name,Request Count,Failure Count,Median Response Time,Average Response Time,Min Response Time,Max Response Time,Average Content Size,Requests/s,Failures/s,50%,66%,75%,80%,90%,95%,98%,99%,99.9%,99.99%,100%
POST,addToCart,1799,0,100.0,101.57058510615076,7.541628998296801,1064.6728230021836,16960.745969983323,10.035706523503064,0.0,100,100,110,110,190,190,200,200,1000,1100,1100
POST,cartEmpty,601,0,100.0,117.50416772869079,7.53169000017806,1000.6067069989513,10511.973377703827,3.3526734967344867,0.0,100,110,190,190,200,200,200,290,1000,1000,1000
POST,checkout,404,2,96,88.85680842820983,7.087904999934835,198.88892699964345,6796.549504950495,2.2537106367399877,0.01115698335019796,96,99,100,100,180,190,190,190,200,200,200
GET,home,2315,0,99,99.44365752525268,6.248459001653828,1089.40960900145,10551.458315334774,12.914208227854138,0.0,99,100,100,110,190,190,200,210,1000,1100,1100
GET,logout,482,0,100.0,109.77559962655248,7.9158139997161925,1101.3164129981305,10499.0,2.688832987397708,0.0,100,110,110,190,190,200,200,200,1100,1100,1100
POST,setCurrency,488,0,100.0,118.28204815569212,7.6991239984636195,1071.6347150009824,10512.405737704918,2.7223039374483022,0.0,100,110,180,190,190,200,200,750,1100,1100,1100
GET,viewCart,791,0,94,73.14830228066856,5.489138002303662,820.0329190003686,16961.22503160556,4.412586915003293,0.0,94,97,98,99,100,100,190,190,820,820,820
GET,viewProduct,3530,0,92,66.54403351386894,5.058317998191342,1001.8979640008183,7997.443626062323,19.692075613099398,0.0,92,95,96,97,100,100,100,180,870,1000,1000
,Aggregated,10410,2,96,88.65032940584133,5.058317998191342,1101.3164129981305,11127.798943323727,58.072098337780375,0.01115698335019796,96,100,100,100,180,190,200,200,1000,1100,1100
