Type,Name,Request Count,Failure Count,Median Response Time,Average Response Time,Min Response Time,Max Response Time,Average Content Size,Requests/s,Failures/s,50%,66%,75%,80%,90%,95%,98%,99%,99.9%,99.99%,100%
POST,addToCart,1808,0,100.0,98.4307587401333,7.863025999540696,934.1159360010352,16971.033738938055,10.086221516650172,0.0,100,100,100,110,190,190,200,200,630,930,930
POST,cartEmpty,607,0,100.0,122.53394698025875,8.240630999353016,1035.0826069989125,10514.07413509061,3.3862480423709367,0.0,100,110,190,190,190,200,200,210,1000,1000,1000
POST,checkout,407,3,96,90.55209913516931,8.135242998832837,927.6344909994805,6794.825552825553,2.2705155737149445,0.016735987029839885,96,98,100,100,110,190,190,190,930,930,930
GET,home,2320,0,98,98.07124306725012,6.2876299998606555,1029.0575090002676,10552.916810344828,12.942496636409512,0.0,98,100,100,100,190,190,200,200,950,1000,1000
GET,logout,483,0,100.0,107.46984516135363,7.777128997986438,548.6095329979435,10499.0,2.6944939118042215,0.0,100,110,110,180,190,200,200,210,550,550,550
POST,setCurrency,488,0,100.0,110.34593005118293,7.895571998233208,207.5012820023403,10514.02868852459,2.7223872235206215,0.0,100,110,110,180,190,200,200,200,210,210,210
GET,viewCart,793,0,94,73.00418081968076,5.5491660023108125,936.0626060006325,16958.735182849938,4.4238792382210095,0.0,94,97,98,99,100,100,110,190,940,940,940
GET,viewProduct,3543,0,92,68.07074241968468,5.12386499758577,1020.5845109994698,7997.482077335591,19.765200682240906,0.0,92,95,96,97,99,100,100,190,920,1000,1000
,Aggregated,10449,3,96,88.19452682018101,5.12386499758577,1035.0826069989125,11130.170542635658,58.291442824932325,0.016735987029839885,96,100,100,100,110,190,200,200,930,1000,1000
