Type,Name,Request Count,Failure Count,Median Response Time,Average Response Time,Min Response Time,Max Response Time,Average Content Size,Requests/s,Failures/s,50%,66%,75%,80%,90%,95%,98%,99%,99.9%,99.99%,100%
GET,home,4829,0,600.0,617.7905907434343,86.03294598287903,1399.3341960012913,10533.48415821081,26.93272180622109,0.0,600.0,620.0,690.0,700.0,700.0,790.0,800.0,810.0,1200.0,1400.0,1400.0
GET,viewCart,1066,0,310.0,334.56332634753977,122.13466700632124,1101.7584840010386,16620.227016885554,5.945388578470011,0.0,310.0,390.0,390.0,400.0,410.0,480.0,500.0,500.0,890.0,1100.0,1100.0
POST,addToCart,1665,0,410.0,431.0269073094451,103.1530550098978,1204.0848140022715,16725.72012012012,9.286183849111229,0.0,410.0,490.0,500.0,500.0,510.0,590.0,610.0,690.0,1100.0,1200.0,1200.0
POST,checkout,207,1,290.0,264.0077437093911,104.2268029996194,421.20625800453126,6797.888888888889,1.1544985325922066,0.0055772875970638,290.0,300.0,300.0,310.0,390.0,400.0,400.0,400.0,420.0,420.0,420.0
POST,cartEmpty,381,0,700.0,699.6398217951802,402.8884780127555,1291.2032230233308,10511.750656167978,2.124946574481308,0.0,700.0,710.0,790.0,800.0,810.0,890.0,910.0,990.0,1300.0,1300.0,1300.0
GET,logout,934,0,700.0,689.6053342292249,395.77801298582926,996.480119007174,10497.0,5.209186615657589,0.0,700.0,710.0,720.0,790.0,800.0,810.0,900.0,900.0,1000.0,1000.0,1000.0
GET,viewProduct,5447,5447,300.0,282.97673461671815,14.29158600512892,100.01750799710862,7985.145978549768,30.37948554120652,0.0,298.8888888888889,300.0,303.3333333333333,310.0,391.1111111111111,400.0,407.77777777777777,485.55555555555554,896.6666666666666,896.6666666666666,896.6666666666666
POST,setCurrency,966,0,700.0,685.2383004198313,79.52010299777612,1501.1746700038202,10511.977225672876,5.38765981876363,0.0,700.0,710.0,780.0,790.0,800.0,820.0,900.0,910.0,1500.0,1500.0,1500.0
,Aggregated,15495,1,480.0,466.3681218455436,14.29158600512892,1501.1746700038202,10667.830461439176,86.42007131650358,0.0055772875970638,480.0,600.0,610.0,690.0,700.0,790.0,800.0,890.0,1100.0,1400.0,1500.0
