Type,Name,Request Count,Failure Count,Median Response Time,Average Response Time,Min Response Time,Max Response Time,Average Content Size,Requests/s,Failures/s,50%,66%,75%,80%,90%,95%,98%,99%,99.9%,99.99%,100%
GET,home,4769,0,600.0,624.0356661326842,99.46388701791876,1512.1878609934356,10533.95407842315,26.585929762426755,0.0,600.0,690.0,700.0,700.0,710.0,800.0,880.0,910.0,1500.0,1500.0,1500.0
GET,viewCart,1047,0,310.0,338.3409755866852,93.74499798286706,1185.4771199868992,16612.84240687679,5.836751616955507,0.0,310.0,390.0,400.0,400.0,410.0,490.0,500.0,590.0,910.0,1200.0,1200.0
POST,addToCart,1637,0,410.0,438.1489480545027,107.00851699220948,1299.5413989992812,16716.828955406232,9.125847561562717,0.0,410.0,490.0,500.0,500.0,590.0,600.0,700.0,1000.0,1300.0,1300.0,1300.0
POST,checkout,204,2,290.0,283.0919365930159,99.63112199329773,505.67780100391246,6786.794117647059,1.1372467333896117,0.0111494777783295,290.0,300.0,310.0,310.0,390.0,400.0,500.0,500.0,510.0,510.0,510.0
POST,cartEmpty,374,0,700.0,694.207686164079,400.19093098817393,1399.759975989582,10512.419786096256,2.084952344547621,0.0,700.0,710.0,790.0,800.0,810.0,890.0,910.0,1200.0,1400.0,1400.0,1400.0
GET,logout,920,0,700.0,692.5769055806956,405.308758985484,1398.657343001105,10497.0,5.128759778031582,0.0,700.0,710.0,790.0,790.0,800.0,890.0,910.0,1000.0,1400.0,1400.0,1400.0
GET,viewProduct,5374,5374,300.0,292.02188396779945,84.15447801235132,101.57836999860592,7984.876097133791,29.95864679037144,0.0,298.8888888888889,300.0,307.77777777777777,310.0,398.8888888888889,406.6666666666667,547.7777777777778,738.8888888888889,1045.5555555555557,1045.5555555555557,1045.5555555555557
POST,setCurrency,956,0,700.0,693.2530669470439,73.4701190085616,1597.6881780079566,10512.675732217573,5.329450378041513,0.0,700.0,710.0,790.0,800.0,810.0,900.0,1100.0,1200.0,1600.0,1600.0,1600.0
,Aggregated,15281,2,490.0,473.3992764431316,73.4701190085616,1597.6881780079566,10662.335449250704,85.18758496532674,0.0111494777783295,490.0,600.0,610.0,690.0,700.0,800.0,860.0,910.0,1400.0,1500.0,1600.0
