Type,Name,Request Count,Failure Count,Median Response Time,Average Response Time,Min Response Time,Max Response Time,Average Content Size,Requests/s,Failures/s,50%,66%,75%,80%,90%,95%,98%,99%,99.9%,99.99%,100%
POST,addToCart,1815,0,100.0,122.51203045381756,7.826443004887551,1010.5373669939581,16808.91515151515,10.124200884379794,0.0,100,110,190,190,190,200,200,200,810,1000,1000
POST,cartEmpty,884,0,110.0,147.33492039181638,9.47986199753359,997.4385359964799,10513.780542986426,4.931015747543658,0.0,110,190,190,200,200,200,290,300,1000,1000,1000
POST,checkout,368,2,99,110.52038675825315,8.349712006747723,960.9977709915256,6797.85597826087,2.052730537438989,0.011156144225211896,99,100,100,110,190,190,200,720,960,960,960
GET,home,2626,0,100.0,119.52722133226725,6.237088004127145,1086.7277919896878,10556.74866717441,14.648017367703218,0.0,100,110,170,190,190,200,200,290,1100,1100,1100
GET,logout,441,0,110.0,135.5500305718225,7.6941829902352765,1000.1619130052859,10499.0,2.459929801659223,0.0,110,190,190,190,200,200,210,290,1000,1000,1000
POST,setCurrency,448,0,110.0,135.68616212946185,7.167607007431798,521.8021710024914,10513.886160714286,2.4989763064474646,0.0,110,190,190,190,200,200,210,300,520,520,520
GET,viewCart,554,0,96,85.36620769120832,5.5396399984601885,1046.12115699274,16718.601083032492,3.090251950383695,0.0,96,99,100,100,100,180,190,190,1000,1000,1000
GET,viewProduct,3739,0,95,79.46952755009482,5.027867999160662,1041.1435129935853,7996.502005883926,20.856411629033637,0.0,95,97,99,100,100,110,190,190,860,1000,1000
,Aggregated,10875,2,100,107.78370548345059,5.027867999160662,1086.7277919896878,10899.062252873564,60.66153422458968,0.011156144225211896,100,100,110,110,190,200,200,210,1000,1100,1100
