{
  "RES_TIME": {
    "mean_precision": 0.22,
    "mean_recall": 1.0,
    "mean_mhd_pos": 2.138888888888889,
    "mean_mhd_false": 2.594576719576719
  },
  "CPU": {
    "mean_precision": 0.96,
    "mean_recall": 1.0,
    "mean_mhd_pos": 4.858518518518518,
    "mean_mhd_false": 0.16666666666666666
  },
  "MEM": {
    "mean_precision": 0.0,
    "mean_recall": 0.0,
    "mean_mhd_pos": -1,
    "mean_mhd_false": 0.3666666666666667
  }
}