{
  "RES_TIME": {
    "mean_precision": 0.3,
    "mean_recall": 1.0,
    "mean_mhd_pos": 3.8166666666666664,
    "mean_mhd_false": 2.2037037037037037
  },
  "CPU": {
    "mean_precision": 0.94,
    "mean_recall": 1.0,
    "mean_mhd_pos": 4.145925925925925,
    "mean_mhd_false": 0.4444444444444444
  },
  "MEM": {
    "mean_precision": 0.0,
    "mean_recall": 0.0,
    "mean_mhd_pos": -1,
    "mean_mhd_false": 0.3466666666666667
  }
}