Type,Name,Request Count,Failure Count,Median Response Time,Average Response Time,Min Response Time,Max Response Time,Average Content Size,Requests/s,Failures/s,50%,66%,75%,80%,90%,95%,98%,99%,99.9%,99.99%,100%
POST,addToCart,2536,0,490.0,484.4246464747642,98.80386400027419,821.37979800018,16795.915615141956,14.146909029394307,0.0,490,500,580,590,600,610,690,700,800,820,820
POST,cartEmpty,1239,0,790.0,760.0405896868418,296.2571289999687,1100.0278729998172,10512.081517352704,6.9116799240613345,0.0,790,800,810,820,900,910,990,1000,1100,1100,1100
POST,checkout,510,5,300.0,295.71469859607544,102.05996199965739,605.7469830002447,6790.221568627451,2.8450014215264576,0.027892170799278995,300,300,320,390,400,410,500,500,610,610,610
GET,home,3723,0,690.0,668.5717466027389,101.5058240000144,996.1829779999789,10554.632822992211,20.76851037714314,0.0,690,700,710,720,800,810,890,900,920,1000,1000
GET,logout,599,0,710.0,734.660393061768,414.7904510000444,1003.5205170001973,10497.0,3.3414820617536236,0.0,710,790,800,800,890,900,990,1000,1000,1000,1000
POST,setCurrency,639,0,710.0,735.909288458533,40.49069900020186,1091.886415999852,10512.084507042253,3.5646194281478554,0.0,710,800,800,810,890,900,990,1000,1100,1100,1100
GET,viewCart,757,0,390.0,371.0519221083299,108.8763640000252,598.2582589999765,16723.24174372523,4.22287465901084,0.0,390,400,400,410,490,500,510,590,600,600,600
GET,viewProduct,5266,0,300.0,306.14890347588357,7.780702999752975,598.7577360001524,7995.142423091531,29.376034285800635,0.0,300,310,310,390,400,410,490,500,520,600,600
,Aggregated,15269,5,490.0,498.62285313229575,7.780702999752975,1100.0278729998172,10881.109502914402,85.17711118683819,0.027892170799278995,490,600,690,700,790,810,890,900,1000,1100,1100
