Type,Name,Request Count,Failure Count,Median Response Time,Average Response Time,Min Response Time,Max Response Time,Average Content Size,Requests/s,Failures/s,50%,66%,75%,80%,90%,95%,98%,99%,99.9%,99.99%,100%
GET,home,2391,0,100.0,123.81558729653996,5.748106996179558,1000.1670490019025,10550.974905897114,13.327024135187626,0.0,100.0,110.0,190.0,190.0,190.0,200.0,280.0,520.0,900.0,1000.0,1000.0
GET,viewCart,880,0,97.0,88.41662631596343,5.304894992150366,1009.9644500005523,17004.032954545455,4.904969150550025,0.0,97.0,100.0,100.0,100.0,110.0,190.0,190.0,200.0,1000.0,1000.0,1000.0
POST,addToCart,1944,0,100.0,130.1932937117964,7.305177001398988,1100.3247140033636,17003.477366255145,10.83552275985142,0.0,100.0,110.0,190.0,190.0,200.0,200.0,200.0,280.0,1100.0,1100.0,1100.0
POST,checkout,447,1,100.0,113.6259618575968,8.147317988914438,1017.0122579875168,6801.709172259508,2.491501375336206,0.0055738285801704,100.0,100.0,110.0,110.0,190.0,190.0,200.0,200.0,1000.0,1000.0,1000.0
POST,cartEmpty,615,0,110.0,150.71454349785998,8.213117005652748,1024.491146003129,10511.362601626017,3.4279045768048477,0.0,110.0,190.0,200.0,200.0,200.0,210.0,290.0,300.0,1000.0,1000.0,1000.0
GET,logout,516,0,110.0,142.9595689362539,7.712405000347644,1096.677538997028,10497.0,2.876095547367969,0.0,110.0,190.0,190.0,200.0,200.0,200.0,280.0,560.0,1100.0,1100.0,1100.0
GET,viewProduct,3734,3734,95.0,84.81960436063338,5.01317300950177,5.59398700715974,7997.408095322375,20.812675918356586,0.0,95.22222222222223,97.77777777777777,99.33333333333333,100.0,101.11111111111111,124.44444444444444,190.0,395.55555555555554,770.0,770.0,770.0
POST,setCurrency,519,0,110.0,142.78035482818123,7.516819998272695,713.7956130027305,10512.013487475915,2.892817033108481,0.0,110.0,190.0,190.0,200.0,200.0,200.0,280.0,290.0,710.0,710.0,710.0
,Aggregated,11046,1,100.0,111.82161547520565,5.01317300950177,1100.3247140033636,11179.061379684954,61.56851049656317,0.0055738285801704,100.0,100.0,110.0,180.0,190.0,200.0,200.0,290.0,1000.0,1100.0,1100.0
