Type,Name,Request Count,Failure Count,Median Response Time,Average Response Time,Min Response Time,Max Response Time,Average Content Size,Requests/s,Failures/s,50%,66%,75%,80%,90%,95%,98%,99%,99.9%,99.99%,100%
POST,addToCart,1983,0,100.0,125.59042169285935,7.513349000873859,793.4542820003117,16996.77660110943,11.06189820240794,0.0,100,110,190,190,200,200,200,200,790,790,790
POST,cartEmpty,628,0,110.0,147.7357260063643,7.816432998879463,802.710959000251,10510.883757961783,3.503213349022787,0.0,110,190,200,200,200,200,290,290,800,800,800
POST,checkout,456,3,100.0,108.86625408118546,8.195084999897517,632.5123749993509,6795.133771929824,2.5437345336853356,0.016735095616350892,100,100,110,110,190,190,200,200,630,630,630
GET,home,2435,0,100.0,119.39100586448976,6.061561000024085,623.6401070000284,10550.41067761807,13.583319275271474,0.0,100,110,190,190,190,200,200,200,300,620,620
GET,logout,524,0,110.0,144.26404549047095,7.844177000151831,617.0272780000232,10497.0,2.923063367655956,0.0,110,190,190,200,200,200,210,290,620,620,620
POST,setCurrency,527,0,120.0,150.98472932068915,7.844101999580744,616.9054430010874,10511.102466793169,2.939798463272307,0.0,120,190,190,200,200,210,290,300,620,620,620
GET,viewCart,897,0,97,89.31978762654643,5.496211000718176,725.1972440008103,16998.21404682274,5.003793589288917,0.0,97,99,100,100,110,190,190,190,730,730,730
GET,viewProduct,3802,0,95,80.7677389245095,5.224700000326266,719.4475100004638,7996.611520252499,21.20894451112203,0.0,95,98,99,100,100,110,190,190,610,720,720
,Aggregated,11252,3,100.0,108.82919111011356,5.224700000326266,802.710959000251,11178.863135442589,62.76776529172675,0.016735095616350892,100,100,110,180,190,200,200,210,690,790,800
