Type,Name,Request Count,Failure Count,Median Response Time,Average Response Time,Min Response Time,Max Response Time,Average Content Size,Requests/s,Failures/s,50%,66%,75%,80%,90%,95%,98%,99%,99.9%,99.99%,100%
POST,addToCart,1077,0,93,74.64201269361799,7.385289994999766,930.8816789998673,16716.995357474465,6.005949122104281,0.0,93,97,99,100,100,110,190,190,890,930,930
POST,cartEmpty,264,0,95,79.10720226104648,7.833002993720584,199.463259006734,10512.056818181818,1.4722103697637234,0.0,95,99,100,100,110,190,190,200,200,200,200
POST,checkout,138,0,84,58.74911118840775,8.044852002058178,193.646723011625,6808.971014492754,0.7695645114674008,0.0,85,93,94,95,100,100,100,190,190,190,190
GET,home,3045,0,91,72.90130789188208,6.0030120075680315,1085.317071992904,10536.090640394088,16.98060824216113,0.0,91,96,98,100,100,160,190,310,940,1100,1100
GET,logout,598,0,95,82.7895669375794,7.494507997762412,712.3063649924006,10499.0,3.3347795496920702,0.0,95,99,100,100,110,190,190,200,710,710,710
POST,setCurrency,599,0,94,89.47497999346804,7.0006470050429925,1075.6050149939256,10513.679465776293,3.3403561041229937,0.0,94,99,100,100,180,190,200,200,1100,1100,1100
GET,viewCart,673,0,86,58.753594799306455,5.369239996070974,810.7155350007815,16614.45468053492,3.75302113201131,0.0,86,92,94,95,97,99,100,100,810,810,810
GET,viewProduct,3459,0,39,52.557784042049676,5.048704988439567,1002.6171790086664,7986.261636311073,19.28930177656333,0.0,39,90,92,93,96,98,100,100,970,1000,1000
,Aggregated,9853,0,88,66.55920301318045,5.048704988439567,1085.317071992904,10675.279001319395,54.94579080788623,0.0,88,94,96,98,100,110,190,200,970,1100,1100
