Type,Name,Request Count,Failure Count,Median Response Time,Average Response Time,Min Response Time,Max Response Time,Average Content Size,Requests/s,Failures/s,50%,66%,75%,80%,90%,95%,98%,99%,99.9%,99.99%,100%
POST,addToCart,1620,0,390.0,367.4720516271155,102.64078999171034,1188.5929940035567,16727.54074074074,9.035536122398728,0.0,390,400,400,400,490,500,510,590,1200,1200,1200
POST,cartEmpty,388,0,590.0,576.5568386441092,302.62338800821453,1399.2701739771292,10511.525773195875,2.164066676228831,0.0,590,600,610,680,700,710,800,1000,1400,1400,1400
POST,checkout,211,2,210.0,246.17393992019717,100.00254597980529,1111.5335979848169,6789.383886255924,1.1768506924852664,0.011154982867158924,210,290,300,300,300,390,400,480,1100,1100,1100
GET,home,4559,0,500.0,499.5799963519676,13.412889005849138,1490.799146995414,10533.218468962492,25.427783445688767,0.0,500,510,580,590,600,610,690,710,1300,1500,1500
GET,logout,884,0,590.0,571.2153440486148,302.04607199993916,1505.7365789834876,10497.0,4.930502427284244,0.0,590,600,600,610,690,700,800,1300,1500,1500,1500
POST,setCurrency,912,0,590.0,563.5364362296011,85.00038497732021,1493.3167749841232,10510.871710526315,5.08667218742447,0.0,590,600,600,610,690,700,790,1000,1500,1500,1500
GET,viewCart,1014,0,290.0,278.39230897953377,97.96611400088295,935.1063699868973,16618.35700197239,5.655576313649575,0.0,290,300,300,310,390,400,400,410,880,940,940
GET,viewProduct,5184,0,210.0,239.5110501924204,12.582812982145697,1098.7020149768796,7985.160300925926,28.91371559167593,0.0,210,290,300,300,300,310,400,420,1000,1100,1100
,Aggregated,14772,2,390.0,385.27967514248206,12.582812982145697,1505.7365789834876,10678.441578662334,82.39070345683581,0.011154982867158924,390,490,500,510,600,610,700,710,1300,1500,1500
