Type,Name,Request Count,Failure Count,Median Response Time,Average Response Time,Min Response Time,Max Response Time,Average Content Size,Requests/s,Failures/s,50%,66%,75%,80%,90%,95%,98%,99%,99.9%,99.99%,100%
POST,addToCart,1600,0,390.0,370.8932898518011,103.75947399734287,1194.6817780044512,16726.3325,8.923965384268518,0.0,390,400,400,400,490,500,510,1000,1200,1200,1200
POST,cartEmpty,381,0,590.0,580.0254820919964,303.4126619968447,1300.864843004092,10513.152230971129,2.125019257128941,0.0,590,600,610,610,700,710,810,1200,1300,1300,1300
POST,checkout,209,2,210.0,247.0242221104193,100.04650499467971,1188.930591000826,6792.239234449761,1.1656929783200751,0.011154956730335647,210,290,300,300,300,380,400,400,1200,1200,1200
GET,home,4495,0,500.0,505.6795762878851,109.51044499961426,1414.9476160018821,10535.642714126807,25.070765251429368,0.0,500,510,590,590,600,610,690,890,1400,1400,1400
GET,logout,870,0,590.0,567.1074578069196,305.07377199683106,1300.7003880047705,10498.977011494253,4.852406177696007,0.0,590,600,600,610,690,700,710,800,1300,1300,1300
POST,setCurrency,897,0,590.0,573.2895111818079,69.20928399631521,1304.8659410051187,10513.361204013378,5.002998093555538,0.0,590,600,610,610,700,710,910,1100,1300,1300,1300
GET,viewCart,1001,0,290.0,287.06716179819546,105.10503799741855,1106.534904,16621.556443556445,5.583055843532992,0.0,290,300,300,310,390,400,410,890,1100,1100,1100
GET,viewProduct,5113,0,210.0,248.250186645588,12.407230002281722,1198.9744120000978,7985.183845100723,28.517646881103083,0.0,210,290,300,300,300,310,410,890,1100,1200,1200
,Aggregated,14566,2,390.0,391.5528177520263,12.407230002281722,1414.9476160018821,10680.760194974599,81.24154986703452,0.011154956730335647,390,490,500,510,600,610,700,900,1300,1400,1400
