Type,Name,Request Count,Failure Count,Median Response Time,Average Response Time,Min Response Time,Max Response Time,Average Content Size,Requests/s,Failures/s,50%,66%,75%,80%,90%,95%,98%,99%,99.9%,99.99%,100%
GET,home,4453,0,500.0,508.9930929981328,91.20475797681138,1501.7500840185676,10533.834044464404,24.8352785561001,0.0,500.0,510.0,580.0,590.0,600.0,690.0,1000.0,1200.0,1400.0,1500.0,1500.0
GET,viewCart,991,0,290.0,288.31787179698193,16.410469979746267,1200.1147659902929,16620.893037336024,5.527006748056412,0.0,290.0,300.0,300.0,310.0,390.0,400.0,840.0,1000.0,1200.0,1200.0,1200.0
POST,addToCart,1590,0,390.0,370.65866403195656,101.07077099382876,1203.6986839957535,16738.80817610063,8.867750483763567,0.0,390.0,400.0,400.0,410.0,490.0,500.0,800.0,1000.0,1200.0,1200.0,1200.0
POST,checkout,207,0,210.0,254.6304089804844,107.8626649978105,1087.4160240055062,6807.275362318841,1.1544807233578982,0.0,210.0,290.0,300.0,300.0,380.0,400.0,590.0,1100.0,1100.0,1100.0,1100.0
POST,cartEmpty,379,0,590.0,565.9741924941726,206.66717900894585,1403.598578996025,10513.084432717678,2.113759392041756,0.0,590.0,600.0,600.0,610.0,690.0,700.0,1100.0,1300.0,1400.0,1400.0,1400.0
GET,logout,860,0,590.0,578.1121991363592,215.58998199179769,1497.5376139918808,10497.0,4.796393343419287,0.0,590.0,600.0,600.0,610.0,700.0,720.0,810.0,1200.0,1500.0,1500.0,1500.0
GET,viewProduct,5068,5068,210.0,255.5248354685548,9.621772012906147,96.34571097558364,7985.449193128265,28.2652575168011,0.0,210.0,290.0,300.0,300.0,307.77777777777777,393.3333333333333,725.5555555555555,856.6666666666666,1033.3333333333333,1033.3333333333333,1033.3333333333333
POST,setCurrency,886,0,590.0,581.8790242688677,31.550815008813515,1501.3452319835778,10511.42776523702,4.941400584034289,0.0,590.0,600.0,600.0,610.0,700.0,800.0,1200.0,1300.0,1500.0,1500.0,1500.0
,Aggregated,14434,0,390.0,396.0298057020135,9.621772012906147,1501.7500840185676,10682.845087986698,80.50132734757442,0.0,390.0,490.0,500.0,510.0,600.0,690.0,810.0,1100.0,1400.0,1500.0,1500.0
