Type,Name,Request Count,Failure Count,Median Response Time,Average Response Time,Min Response Time,Max Response Time,Average Content Size,Requests/s,Failures/s,50%,66%,75%,80%,90%,95%,98%,99%,99.9%,99.99%,100%
GET,home,4596,0,500.0,497.8550141116777,15.061903017340228,1290.641561994562,10533.78720626632,25.631824080393734,0.0,500.0,500.0,510.0,590.0,600.0,610.0,690.0,700.0,1200.0,1300.0,1300.0
GET,viewCart,1025,0,290.0,279.43307729730407,97.14243400958368,948.0993449978996,16616.606829268294,5.716409852568229,0.0,290.0,300.0,300.0,310.0,390.0,400.0,400.0,410.0,860.0,950.0,950.0
POST,addToCart,1633,0,390.0,361.14699740673353,102.7629540185444,1201.9380450074095,16716.281690140844,9.107216867555042,0.0,390.0,400.0,400.0,400.0,490.0,500.0,500.0,590.0,1000.0,1200.0,1200.0
POST,checkout,211,1,210.0,249.27539346335232,99.37529399758203,1008.9713930210564,6800.1706161137445,1.1767438818457523,0.0055769852220177,210.0,290.0,300.0,300.0,300.0,390.0,400.0,400.0,1000.0,1000.0,1000.0
POST,cartEmpty,390,0,590.0,569.1535916898805,211.715034005465,1286.260417982703,10512.366666666669,2.175024236586936,0.0,590.0,600.0,600.0,610.0,700.0,700.0,790.0,1100.0,1300.0,1300.0,1300.0
GET,logout,891,0,590.0,559.919595988027,202.0583029952832,1211.8895539897494,10497.0,4.969093832817846,0.0,590.0,600.0,600.0,610.0,690.0,700.0,720.0,800.0,1200.0,1200.0,1200.0
GET,viewProduct,5225,5225,210.0,238.78901353323343,11.53101000818424,96.82269601034932,7984.977655082322,29.13974778504292,0.0,210.0,288.8888888888889,294.44444444444446,300.0,300.0,310.0,405.55555555555554,533.3333333333334,956.6666666666666,956.6666666666666,956.6666666666666
POST,setCurrency,912,0,580.0,553.0271085832889,39.58796200458892,1204.100147995632,10511.33552631579,5.086210522480219,0.0,580.0,600.0,600.0,610.0,690.0,700.0,800.0,900.0,1200.0,1200.0,1200.0
,Aggregated,14883,1,390.0,382.29674635998833,11.53101000818424,1290.641561994562,10679.205939662705,83.00227105929068,0.0055769852220177,390.0,490.0,500.0,510.0,600.0,610.0,700.0,710.0,1200.0,1300.0,1300.0
