Type,Name,Request Count,Failure Count,Median Response Time,Average Response Time,Min Response Time,Max Response Time,Average Content Size,Requests/s,Failures/s,50%,66%,75%,80%,90%,95%,98%,99%,99.9%,99.99%,100%
POST,addToCart,2645,0,480.0,453.36452528050035,12.823716999264434,803.4005380031886,17012.41020793951,14.747719738597654,0.0,480,500,500,510,590,600,680,690,790,800,800
POST,cartEmpty,810,0,690.0,659.371331631027,97.6694800046971,988.4804640023503,10513.255555555555,4.516314929400416,0.0,690,700,710,710,800,810,890,900,990,990,990
POST,checkout,604,1,290.0,281.14083991241444,15.711535990703851,519.4505940016825,6804.294701986755,3.367721255997347,0.005575697443704217,290,300,310,310,400,400,410,480,520,520,520
GET,home,3256,0,600.0,575.0778840520162,13.547654991270974,891.5311620075954,10552.316646191646,18.15447087670093,0.0,600,600,610,680,700,710,790,800,810,890,890
GET,logout,690,0,680.0,648.5578010333246,187.47049001103733,909.9789720057743,10499.0,3.84723123615591,0.0,680,700,700,710,790,800,810,890,910,910,910
POST,setCurrency,725,0,620.0,637.3612892509695,22.018506992026232,1013.0069149890915,10514.565517241379,4.042380646685557,0.0,620,700,700,710,790,800,810,880,1000,1000,1000
GET,viewCart,1215,0,310.0,340.54497998873006,12.38736099912785,646.4658829936525,17001.925925925927,6.7744723941006235,0.0,310,390,400,400,410,490,500,510,610,650,650
GET,viewProduct,5094,0,300.0,278.6156132163013,8.075092002400197,583.6815759976162,7997.322340007852,28.40260277822928,0.0,300,300,300,310,390,400,410,410,500,580,580
,Aggregated,15039,1,400.0,433.4147554756694,8.075092002400197,1013.0069149890915,11187.23113238912,83.85291385586771,0.005575697443704217,400,510,590,600,690,700,790,800,900,990,1000
