{"RES_TIME": {"precision": 0.875, "recall": 0.5833333333333334, "mhd_pos": 2.761904761904762, "mhd_false": 0.3333333333333333, "true_positive": 7, "true_negative": 0, "false_positive": 1, "false_negative": 5}, "CPU": {"precision": 0.6153846153846154, "recall": 1.0, "mhd_pos": 0.0, "mhd_false": 0.06666666666666667, "true_positive": 8, "true_negative": 0, "false_positive": 5, "false_negative": 0}, "MEM": {"precision": 0.7272727272727273, "recall": 1.0, "mhd_pos": 0.0, "mhd_false": 0.2222222222222222, "true_positive": 8, "true_negative": 2, "false_positive": 3, "false_negative": 0}}