Type,Name,Request Count,Failure Count,Median Response Time,Average Response Time,Min Response Time,Max Response Time,Average Content Size,Requests/s,Failures/s,50%,66%,75%,80%,90%,95%,98%,99%,99.9%,99.99%,100%
POST,addToCart,2359,0,400.0,382.93883957968063,7.623219978995621,1311.2231940031052,16789.925392115303,13.154711811994835,0.0,400,410,480,490,500,510,600,800,1100,1300,1300
POST,cartEmpty,1164,0,600.0,566.3628993978259,8.271291007986292,1511.0780780087225,10513.45704467354,6.49092180973378,0.0,600,610,690,690,710,790,800,810,1300,1500,1500
POST,checkout,476,3,210.0,236.76276252276807,8.247632998973131,498.9291040110402,6797.556722689075,2.654363214289759,0.01672917992199428,210,290,300,300,310,390,400,410,500,500,500
GET,home,3464,0,500.0,486.12100101665135,6.176615977892652,1511.6993070114404,10556.433025404158,19.316626416596062,0.0,500,520,590,600,600,620,700,780,1400,1500,1500
GET,logout,561,0,600.0,558.8106041540285,7.670266000786796,1206.5462909813505,10499.0,3.12835664541293,0.0,600,610,620,690,700,710,800,810,1200,1200,1200
POST,setCurrency,592,0,590.0,548.550873335419,7.624073012266308,1584.8449320183136,10514.091216216217,3.3012248379402043,0.0,590,600,610,690,700,710,790,1000,1600,1600,1600
GET,viewCart,702,0,300.0,281.09165546872345,5.476760008605197,928.9208780101035,16702.998575498576,3.9146281017466613,0.0,300,300,310,310,390,400,400,480,930,930,930
GET,viewProduct,4911,0,210.0,244.81100749537663,5.063889984739944,1023.6687799915671,7995.883323152108,27.385667532304634,0.0,210,290,300,300,310,390,410,600,910,1000,1000
,Aggregated,14229,3,390.0,379.2992779425038,5.063889984739944,1584.8449320183136,10876.08321034507,79.34650037001886,0.01672917992199428,390,490,500,520,600,690,710,790,1200,1500,1600
