Type,Name,Request Count,Failure Count,Median Response Time,Average Response Time,Min Response Time,Max Response Time,Average Content Size,Requests/s,Failures/s,50%,66%,75%,80%,90%,95%,98%,99%,99.9%,99.99%,100%
POST,addToCart,1418,0,300.0,321.4194512109082,100.84620500856545,1287.1862039901316,16700.239774330043,7.908461824928455,0.0,300,320,390,390,400,410,500,700,1200,1300,1300
POST,cartEmpty,339,0,500.0,495.91078382922245,292.0878730074037,906.6001510072965,10514.345132743363,1.8906689412205546,0.0,500,500,510,590,600,620,800,900,910,910,910
POST,checkout,174,0,200.0,232.92191712101774,99.23973400145769,893.8878019980621,6808.5344827586205,0.9704318459362139,0.0,200,280,290,290,300,390,790,820,890,890,890
GET,home,4143,0,410.0,442.7911987752148,34.84083799412474,1502.7972190000582,10535.198648322472,23.106316883412266,0.0,410,490,500,500,510,600,800,1000,1300,1500,1500
GET,logout,800,0,500.0,492.1653697498732,208.77596599166282,1601.6638349974528,10499.0,4.461755613499834,0.0,500,500,510,590,600,610,700,900,1600,1600,1600
POST,setCurrency,822,0,500.0,503.4731481884233,65.17287499445956,1502.752408006927,10513.160583941606,4.584453892871079,0.0,500,500,510,590,600,700,1000,1300,1500,1500,1500
GET,viewCart,900,0,210.0,243.74101502364888,98.69819300365634,1001.359620000585,16596.48888888889,5.019475065187313,0.0,210,290,290,300,300,310,400,710,1000,1000,1000
GET,viewProduct,4666,0,200.0,218.2010954488411,11.27266300318297,1111.9273789954605,7985.204457779683,26.02318961573778,0.0,200,200,210,280,300,310,600,820,1100,1100,1100
,Aggregated,13262,0,310.0,342.6315288897848,11.27266300318297,1601.6638349974528,10655.567636857186,73.9647536827935,0.0,310,400,410,490,500,590,700,910,1300,1500,1600
