Type,Name,Request Count,Failure Count,Median Response Time,Average Response Time,Min Response Time,Max Response Time,Average Content Size,Requests/s,Failures/s,25%,50%,75%,80%,90%,95%,98%,99%,99.9%,99.99%,100%
GET,get_cart,396,0,48,48.60940185115929,45.06609801319428,57.21011699642986,117.70707070707071,2.217131787123441,0.0,48,48,49,50,52,52,54,54,57,57,57
GET,get_catalogue1,264,0,4,4.080211046102429,3.461542015429586,9.170096018351614,1643.0,1.478087858082294,0.0,4,4,4,4,4,5,5,6,9,9,9
GET,get_customer,132,0,48,48.71038664449853,43.87461399892345,56.276607007021084,386.0,0.739043929041147,0.0,48,48,48,52,52,52,52,52,56,56,56
GET,get_customer_orders,132,0,2,2.366232325474619,1.6648249875288457,43.640424992190674,6368.0,0.739043929041147,0.0,2,2,2,2,2,2,3,3,44,44,44
GET,get_index,264,0,2,2.83174299957781,1.692986988928169,44.33378000976518,8688.0,1.478087858082294,0.0,2,2,2,2,2,2,6,44,44,44,44
GET,get_item,132,0,48,47.72253990306512,43.53812200133689,56.00685998797417,286.0,0.739043929041147,0.0,48,48,48,48,51,52,52,52,56,56,56
GET,get_orders,132,0,46,47.00129731910155,45.055685011902824,54.04995899880305,2.0,0.739043929041147,0.0,46,46,49,50,50,50,52,54,54,54,54
GET,login,132,0,52,53.227147554438986,51.326838991371915,60.173956997459754,13.0,0.739043929041147,0.0,52,52,56,56,56,56,60,60,60,60,60
,Aggregated,1584,0,46,29.889976449284763,1.6648249875288457,60.173956997459754,2339.1767676767677,8.868527148493763,0.0,4,46,48,49,52,52,56,56,60,60,60
