Type,Name,Request Count,Failure Count,Median Response Time,Average Response Time,Min Response Time,Max Response Time,Average Content Size,Requests/s,Failures/s,50%,66%,75%,80%,90%,95%,98%,99%,99.9%,99.99%,100%
POST,addToCart,2283,0,390.0,369.6852067293102,7.582116999401478,1301.4238350006053,16796.54314498467,12.732578812619199,0.0,390,400,410,490,500,500,590,610,1200,1300,1300
POST,cartEmpty,1118,0,600.0,559.56538414939,7.831167999029276,1594.0812330009066,10513.24060822898,6.235226943718031,0.0,600,600,610,690,700,710,800,900,1500,1600,1600
POST,checkout,461,2,280.0,246.16128426036687,8.20744399970863,710.7205240008625,6798.984815618222,2.5710551172218357,0.011154252135452649,280,290,300,300,310,390,410,410,710,710,710
GET,home,3359,0,500.0,480.84399347575265,6.126599000708666,1406.8582370000513,10555.924084548973,18.733566461492725,0.0,500,510,590,590,600,610,700,700,1300,1400,1400
GET,logout,550,0,590.0,545.6473618472928,7.844726000257651,1195.2207980011735,10499.0,3.0674193372494782,0.0,590,600,600,610,700,700,790,800,1200,1200,1200
POST,setCurrency,575,0,590.0,543.7339029287319,8.230096998886438,1499.6692849999818,10513.445217391305,3.2068474889426364,0.0,590,600,610,610,700,710,790,910,1500,1500,1500
GET,viewCart,688,0,300.0,280.0847844665455,5.682730999978958,929.3098979997012,16707.414244186046,3.837062734595711,0.0,300,300,310,310,390,400,490,500,930,930,930
GET,viewProduct,4745,0,210.0,236.17049728912684,5.1756889988610055,1105.2218759996322,7995.787565858799,26.46346319136141,0.0,210,290,300,300,300,310,400,410,900,1100,1100
,Aggregated,13779,2,310.0,371.892092105453,5.1756889988610055,1594.0812330009066,10882.240075477175,76.84722008720102,0.011154252135452649,310,490,500,510,600,610,700,710,1200,1500,1600
