Type,Name,Request Count,Failure Count,Median Response Time,Average Response Time,Min Response Time,Max Response Time,Average Content Size,Requests/s,Failures/s,50%,66%,75%,80%,90%,95%,98%,99%,99.9%,99.99%,100%
GET,s0,32009,1,100.0,122.07521582463455,1.649451005505398,487.0491499896161,3069.905620294292,178.58582738009895,0.0055792379449560725,100,180,190,190,200,200,290,290,390,480,490
GET,s1,2714,0,10,12.176479296079753,1.96818498079665,108.61799601116218,10079.912306558585,15.142051782610782,0.0,10,12,14,14,16,18,72,90,100,110,110
GET,s2,2680,0,8,10.660199197445763,2.1884260058868676,111.8990030081477,9758.319029850747,14.952357692482275,0.0,8,9,10,11,13,16,84,88,100,110,110
GET,s3,2627,0,4,4.195981574896493,0.9626989776734263,20.1031869801227,3070.0,14.656658081399604,0.0,4,5,6,6,7,9,11,12,16,20,20
GET,s4,2756,0,8,9.40013152890344,1.987544004805386,104.09596702083945,10093.710087082729,15.376379776298936,0.0,8,9,10,11,13,15,20,83,98,100,100
GET,s5,2708,0,5,5.222133010417942,1.6481000056955963,22.62894401792437,9795.77658788774,15.108576354941045,0.0,5,6,7,7,9,10,12,14,20,23,23
GET,s6,2717,0,4,5.072492715908368,1.6808850050438195,20.020229974761605,9932.637099742364,15.15878949644565,0.0,4,6,7,7,9,10,11,12,18,20,20
GET,s7,2697,0,7,7.682848224204177,1.9795240077655762,22.138110012747347,10162.09677419355,15.047204737546528,0.0,7,9,9,10,11,13,15,17,20,22,22
GET,s8,2694,0,4,4.24851067884066,1.030679006362334,17.348191991914064,3070.0,15.03046702371166,0.0,4,5,6,6,8,9,10,12,16,17,17
GET,s9,2853,0,4,5.089790527518679,1.7029870068654418,22.62090498697944,9994.626708727656,15.917565856959676,0.0,4,6,7,7,9,10,12,13,19,23,23
,Aggregated,56455,1,17,72.28168078622276,0.9626989776734263,487.0491499896161,5408.968275617749,314.9758781824951,0.0055792379449560725,17,98,100,170,190,200,270,290,380,480,490
