Type,Name,Request Count,Failure Count,Median Response Time,Average Response Time,Min Response Time,Max Response Time,Average Content Size,Requests/s,Failures/s,50%,66%,75%,80%,90%,95%,98%,99%,99.9%,99.99%,100%
POST,addToCart,2214,0,280.0,246.0324630047821,7.593791000545025,913.0977010063361,16787.798554652214,12.350713186563661,0.0,280,290,300,300,310,380,400,400,500,910,910
POST,cartEmpty,1114,0,390.0,360.27872106847286,8.356760983588174,1097.307346004527,10512.038599640933,6.214405821965636,0.0,390,400,400,410,490,500,510,590,1100,1100,1100
POST,checkout,449,1,200.0,183.06490571721912,8.519850991433486,906.4076500071678,6801.815144766147,2.5047290970041027,0.005578461240543659,200,200,200,210,280,290,300,310,910,910,910
GET,home,3192,0,300.0,299.9697593749942,6.445796985644847,894.8751660063863,10555.571741854637,17.80644827981536,0.0,300,310,380,390,400,400,470,490,800,890,890
GET,logout,517,0,390.0,346.4278464617182,8.166776999132708,589.905903005274,10497.0,2.8840644613610715,0.0,390,400,400,400,410,490,500,510,590,590,590
POST,setCurrency,535,0,380.0,346.12222465824675,8.23469998431392,1000.9076400019694,10511.968224299066,2.9844767636908576,0.0,380,400,400,400,480,500,500,580,1000,1000,1000
GET,viewCart,634,0,200.0,183.0484250404601,5.473529978189617,823.269475979032,16686.820189274447,3.5367444265046797,0.0,200,200,200,200,210,290,300,320,820,820,820
GET,viewProduct,4553,0,190.0,159.35520937625847,5.232823983533308,887.6558889751323,7995.476828464749,25.39873402819528,0.0,190,190,200,200,200,210,290,300,820,890,890
,Aggregated,13208,1,210.0,241.64457446498352,5.232823983533308,1097.307346004527,10876.718579648697,73.68031606510066,0.005578461240543659,210,300,300,310,400,400,490,500,820,1100,1100
