Type,Name,Request Count,Failure Count,Median Response Time,Average Response Time,Min Response Time,Max Response Time,Average Content Size,Requests/s,Failures/s,50%,66%,75%,80%,90%,95%,98%,99%,99.9%,99.99%,100%
GET,home,3178,0,300.0,290.10690363287887,6.1790740001015365,1297.8083479974885,10554.26746381372,17.71398946432702,0.0,300.0,300.0,310.0,310.0,390.0,400.0,410.0,700.0,1000.0,1300.0,1300.0
GET,viewCart,634,0,200.0,182.15702692405188,5.583670994383283,1089.159759998438,16704.938485804418,3.533879584765051,0.0,200.0,200.0,200.0,200.0,210.0,290.0,300.0,610.0,1100.0,1100.0,1100.0
POST,addToCart,2198,0,290.0,261.72174271565683,7.6694659946952015,1207.065981987398,16793.471337579616,12.25152575286054,0.0,290.0,300.0,300.0,300.0,310.0,390.0,400.0,900.0,1200.0,1200.0,1200.0
POST,checkout,445,4,200.0,190.44881847175623,8.548293000785634,1006.1802599957446,6790.321348314606,2.4804044404108008,0.0222957702508836,200.0,200.0,200.0,200.0,290.0,290.0,610.0,720.0,1000.0,1000.0,1000.0
POST,cartEmpty,1103,0,380.0,353.0572817180325,8.145628002239391,1394.7109969885787,10510.44696282865,6.148058646681154,0.0,380.0,390.0,400.0,400.0,480.0,500.0,510.0,1000.0,1400.0,1400.0,1400.0
GET,logout,516,0,310.0,340.03983887725565,8.298126005684026,1100.7578619901324,10497.0,2.8761543623639847,0.0,310.0,390.0,400.0,400.0,410.0,480.0,700.0,990.0,1100.0,1100.0,1100.0
GET,viewProduct,4524,4524,190.0,166.3908231494912,5.08428098692093,5.506244997377507,7995.012866936986,25.216516153749353,0.0,190.0,196.66666666666666,200.0,200.0,200.0,218.88888888888889,353.3333333333333,555.5555555555555,911.1111111111111,911.1111111111111,911.1111111111111
POST,setCurrency,534,0,310.0,335.70814337651706,7.684000986046158,1002.1872159995836,10510.713483146068,2.976485328492961,0.0,310.0,390.0,400.0,400.0,410.0,490.0,500.0,710.0,1000.0,1000.0,1000.0
,Aggregated,13132,4,210.0,243.25366709826,5.08428098692093,1394.7109969885787,10878.70423393238,73.19701373365086,0.0222957702508836,210.0,300.0,300.0,310.0,390.0,400.0,500.0,740.0,1100.0,1400.0,1400.0
