Type,Name,Request Count,Failure Count,Median Response Time,Average Response Time,Min Response Time,Max Response Time,Average Content Size,Requests/s,Failures/s,50%,66%,75%,80%,90%,95%,98%,99%,99.9%,99.99%,100%
POST,addToCart,2497,0,410.0,426.50104774415956,7.831727009033784,1619.9056780023966,17011.790148177814,13.919073104976023,0.0,410,490,500,500,590,600,690,890,1600,1600,1600
POST,cartEmpty,772,0,620.0,626.5300770724944,7.745463997707702,1605.5971099995077,10513.36139896373,4.303373823404682,0.0,620,700,710,720,800,890,1100,1400,1600,1600,1600
POST,checkout,565,3,290.0,280.2558808495029,8.053792989812791,1289.9787330097752,6797.442477876106,3.1494899096161206,0.016722955272297984,290,300,310,310,400,410,600,900,1300,1300,1300
GET,home,3095,0,590.0,538.3361172049462,6.239431007998064,1504.0697299991734,10552.498869143781,17.252515522587423,0.0,590,600,610,620,700,710,800,1000,1300,1500,1500
GET,logout,649,0,610.0,616.5814810770933,8.05980600125622,1512.3951230052626,10499.0,3.617732657240464,0.0,610,700,700,710,800,880,1000,1200,1500,1500,1500
POST,setCurrency,687,0,620.0,615.5600020392051,8.208233994082548,1406.739721991471,10513.538573508005,3.829556757356239,0.0,620,700,710,720,800,810,900,1100,1400,1400,1400
GET,viewCart,1140,0,310.0,333.93070008012154,5.729949989472516,1105.523329009884,17008.234210526316,6.354723003473234,0.0,310,390,400,400,490,500,600,790,1100,1100,1100
GET,viewProduct,4830,0,290.0,267.86199118014616,5.04803100193385,1197.1156940126093,7997.907453416149,26.923957988399756,0.0,290,300,300,310,390,400,490,700,1100,1200,1200
,Aggregated,14235,3,390.0,412.40988473887137,5.04803100193385,1619.9056780023966,11180.275799086758,79.35042276705394,0.016722955272297984,390,500,590,600,690,710,810,900,1400,1600,1600
