Type,Name,Request Count,Failure Count,Median Response Time,Average Response Time,Min Response Time,Max Response Time,Average Content Size,Requests/s,Failures/s,50%,66%,75%,80%,90%,95%,98%,99%,99.9%,99.99%,100%
POST,addToCart,1661,0,12,45.02380570504943,7.268958004715387,1006.0902610057383,16811.14268512944,9.261851454615115,0.0,12,83,88,90,94,97,100,100,1000,1000,1000
POST,cartEmpty,858,0,14,49.7757185081325,7.555782001873013,915.3731490005157,10511.657342657343,4.784267638807807,0.0,14,86,89,91,95,98,100,100,920,920,920
POST,checkout,352,1,10,33.580128872100346,4.368198002339341,99.76439899764955,6801.5,1.962776467203203,0.005576069509100009,10,12,81,85,90,93,95,97,100,100,100
GET,home,2170,0,9,40.1945065410297,5.910387000767514,998.5049409951898,10559.078801843318,12.100070834747019,0.0,9,65,83,86,92,94,98,180,830,1000,1000
GET,logout,350,0,15,48.251088911368115,7.474735000869259,198.54256200051168,10497.0,1.9516243281850032,0.0,15,85,89,91,95,97,100,100,200,200,200
POST,setCurrency,353,0,19,54.14444994053684,7.2739379975246266,1000.8196370035876,10511.385269121813,1.9683525367123031,0.0,19,81,87,90,95,97,100,100,1000,1000,1000
GET,viewCart,447,0,8,32.17347177173367,5.249424000794534,97.33593899727566,16745.38255033557,2.492503070567704,0.0,8,10,81,84,88,92,95,95,97,97,97
GET,viewProduct,3224,0,7,31.10383550864625,5.001192999770865,913.1006210009218,7997.449131513647,17.97724809733843,0.0,7,9,75,81,88,90,93,96,850,910,910
,Aggregated,9415,1,10,39.00112287019728,4.368198002339341,1006.0902610057383,10929.694105151355,52.498694428176584,0.005576069509100009,10,69,84,86,91,95,98,100,910,1000,1000
