{
  "RES_TIME": {
    "precision": 0.4,
    "recall": 1,
    "mhd_pos": 4.25,
    "mhd_false": 3.611111111111111
  },
  "CPU": {
    "precision": 0.9,
    "recall": 1,
    "mhd_pos": 4.555555555555555,
    "mhd_false": 0.3333333333333333
  },
  "MEM": {
    "precision": 0,
    "recall": 0,
    "mhd_pos": -1,
    "mhd_false": 0.03333333333333333
  }
}