{"RES_TIME": {"precision": 0.4, "recall": 1, "mhd_pos": 3.9166666666666665, "mhd_false": 1.222222222222222}, "CPU": {"precision": 0.9, "recall": 1, "mhd_pos": 4.62962962962963, "mhd_false": 0.0}, "MEM": {"precision": 0, "recall": 0, "mhd_pos": -1, "mhd_false": 0.03333333333333333}}