Type,Name,Request Count,Failure Count,Median Response Time,Average Response Time,Min Response Time,Max Response Time,Average Content Size,Requests/s,Failures/s,50%,66%,75%,80%,90%,95%,98%,99%,99.9%,99.99%,100%
GET,home,4827,0,690.0,675.4097739875348,99.7574569992139,1408.8833349960623,10535.401284441685,26.911195459333037,0.0,690.0,700.0,710.0,790.0,800.0,820.0,900.0,990.0,1300.0,1400.0,1400.0
GET,viewCart,1068,0,390.0,367.0689573829008,100.10104200046044,982.5503669999308,16629.562734082396,5.954248342773499,0.0,390.0,400.0,400.0,410.0,490.0,500.0,520.0,580.0,700.0,980.0,980.0
POST,addToCart,1694,0,490.0,475.95134775556966,15.126793005038053,1698.2377380045364,16738.321723730816,9.444285292751225,0.0,490.0,500.0,510.0,590.0,600.0,610.0,700.0,800.0,1600.0,1700.0,1700.0
POST,checkout,218,1,300.0,300.3088826559396,110.33741499704774,587.1429100006935,6800.472477064221,1.215380279704703,0.0055751388977279,300.0,310.0,380.0,390.0,400.0,400.0,480.0,500.0,590.0,590.0,590.0
POST,cartEmpty,402,0,780.0,763.6121384850086,285.5440080020344,2023.0735350050963,10514.268656716418,2.241205836886654,0.0,790.0,800.0,810.0,810.0,900.0,990.0,1000.0,1200.0,2000.0,2000.0,2000.0
GET,logout,927,0,710.0,747.3879646536544,313.8886129963794,1344.693864994042,10499.0,5.168153758193852,0.0,710.0,800.0,800.0,810.0,900.0,910.0,1000.0,1100.0,1300.0,1300.0,1300.0
GET,viewProduct,5476,5476,300.0,308.1597043455172,11.65311999648111,104.85120199882658,7985.714648894807,30.529460603958498,0.0,300.0,310.0,354.44444444444446,391.1111111111111,402.22222222222223,430.0,502.22222222222223,528.8888888888889,801.1111111111111,801.1111111111111,801.1111111111111
POST,setCurrency,966,0,780.0,745.409469889355,54.28426499565831,1227.5091729970882,10513.347826086956,5.385584175205244,0.0,780.0,800.0,800.0,810.0,900.0,910.0,1000.0,1200.0,1200.0,1200.0,1200.0
,Aggregated,15578,1,500.0,509.1329285711003,11.65311999648111,2023.0735350050963,10675.114905636154,86.84951374880671,0.0055751388977279,500.0,610.0,700.0,700.0,800.0,810.0,900.0,980.0,1300.0,2000.0,2000.0
