Type,Name,Request Count,Failure Count,Median Response Time,Average Response Time,Min Response Time,Max Response Time,Average Content Size,Requests/s,Failures/s,50%,66%,75%,80%,90%,95%,98%,99%,99.9%,99.99%,100%
GET,home,4841,0,690.0,672.0897572571406,90.26421799353557,1391.7474670015508,10535.733319562074,26.986749653716604,0.0,690.0,700.0,710.0,790.0,800.0,880.0,900.0,1000.0,1300.0,1400.0,1400.0
GET,viewCart,1073,0,390.0,367.1032416542095,97.22775599948363,839.8365499961074,16622.613233923577,5.981570414880792,0.0,390.0,400.0,400.0,410.0,490.0,500.0,590.0,600.0,700.0,840.0,840.0
POST,addToCart,1704,0,490.0,471.8604116883051,102.215246995911,1194.7124939979403,16735.849765258215,9.499157490174156,0.0,490.0,500.0,510.0,580.0,600.0,610.0,700.0,810.0,1200.0,1200.0,1200.0
POST,checkout,217,0,300.0,298.97222322602823,103.85348500130932,989.4949680019636,6806.092165898617,1.2096931780327418,0.0,300.0,300.0,310.0,390.0,400.0,410.0,500.0,500.0,990.0,990.0,990.0
POST,cartEmpty,400,0,790.0,756.8267566501345,112.5712810026016,1487.960395003029,10513.5025,2.22984917609722,0.0,790.0,800.0,810.0,820.0,900.0,910.0,1000.0,1300.0,1500.0,1500.0,1500.0
GET,logout,935,0,710.0,734.5545814461468,196.6566189948935,1413.94850800134,10499.0,5.212272449127251,0.0,710.0,790.0,800.0,800.0,890.0,900.0,990.0,1000.0,1400.0,1400.0,1400.0
GET,viewProduct,5499,5499,300.0,311.3347667597816,9.128301004238892,107.3359599977266,7985.968989371035,30.654851548396532,0.0,300.0,310.0,364.44444444444446,390.0,400.0,418.8888888888889,530.0,678.8888888888889,1021.1111111111111,1021.1111111111111,1021.1111111111111
POST,setCurrency,971,0,710.0,731.4833388228014,74.13216099666897,1406.077154999366,10513.728115345006,5.412958874976002,0.0,710.0,790.0,800.0,810.0,900.0,910.0,1000.0,1000.0,1400.0,1400.0,1400.0
,Aggregated,15640,0,500.0,506.9235233543592,9.128301004238892,1487.960395003029,10676.487787723783,87.1871027854013,0.0,500.0,610.0,700.0,700.0,800.0,810.0,900.0,980.0,1200.0,1400.0,1500.0
