Type,Name,Request Count,Failure Count,Median Response Time,Average Response Time,Min Response Time,Max Response Time,Average Content Size,Requests/s,Failures/s,50%,66%,75%,80%,90%,95%,98%,99%,99.9%,99.99%,100%
POST,addToCart,1694,0,490.0,467.55842556734376,103.02415600745007,1092.2615520248655,16723.14049586777,9.446083648062153,0.0,490,500,510,510,600,600,690,700,800,1100,1100
POST,cartEmpty,400,0,720.0,750.7065748927562,301.6905120166484,1093.22950601927,10511.6325,2.2304802002508035,0.0,780,800,800,810,900,910,1000,1000,1100,1100,1100
POST,checkout,217,0,300.0,288.9790172254922,111.70157100423239,1143.410906981444,6808.239631336405,1.210035508636061,0.0,300,300,310,320,400,410,480,500,1100,1100,1100
GET,home,4826,0,690.0,674.5175613051207,83.54477401007898,1702.4567449989263,10532.135308744302,26.910743616025947,0.0,690,700,710,780,800,810,900,910,1500,1700,1700
GET,logout,928,0,780.0,749.7297867775756,298.92484899028204,1310.414612002205,10489.442887931034,5.174714064581864,0.0,780,800,800,810,900,900,990,1000,1300,1300,1300
POST,setCurrency,968,0,710.0,744.255081148833,37.619773007463664,1700.5573710193858,10511.559917355371,5.397762084606945,0.0,710,800,800,810,900,910,1000,1000,1700,1700,1700
GET,viewCart,1067,0,390.0,368.77084342261924,101.4105299836956,942.6749509875663,16614.94283036551,5.949805934169019,0.0,390,400,400,410,490,500,520,600,890,940,940
GET,viewProduct,5474,0,300.0,311.27440412957554,12.240131996804848,1101.549282000633,7984.8597004019,30.524121540432247,0.0,300,310,380,390,400,410,500,510,1000,1100,1100
,Aggregated,15574,0,500.0,508.78640935427967,12.240131996804848,1702.4567449989263,10670.719468344678,86.84374659676504,0.0,500,610,700,700,790,810,900,910,1300,1700,1700
