Type,Name,Request Count,Failure Count,Median Response Time,Average Response Time,Min Response Time,Max Response Time,Average Content Size,Requests/s,Failures/s,25%,50%,75%,80%,90%,95%,98%,99%,99.9%,99.99%,100%
POST,get_trip_information,124,0,43,46.84018845161899,26.17552699666703,157.1962199996051,635.5,0.6922225720510746,0.0,39,43,48,50,57,90,100,110,160,160,160
GET,home,62,0,1,1.2416144678765353,0.8431930000369903,13.006622000830248,18119.0,0.3461112860255373,0.0,1,1,1,1,1,1,1,13,13,13,13
,Aggregated,186,0,39,31.640663790371505,0.8431930000369903,157.1962199996051,6463.333333333333,1.038333858076612,0.0,1,39,44,46,52,65,100,110,160,160,160
