Type,Name,Request Count,Failure Count,Median Response Time,Average Response Time,Min Response Time,Max Response Time,Average Content Size,Requests/s,Failures/s,50%,66%,75%,80%,90%,95%,98%,99%,99.9%,99.99%,100%
POST,addToCart,2206,0,210.0,233.8255688639041,15.289112983737141,1191.3469470164273,16987.784224841344,12.306740268659048,0.0,210,290,290,300,300,310,390,410,1100,1200,1200
POST,cartEmpty,700,0,300.0,297.7670819649523,105.82429700298235,1195.2744080044795,10513.28,3.905130638287096,0.0,300,300,310,320,400,400,490,1000,1200,1200,1200
POST,checkout,497,1,190.0,174.31658469413415,20.953227998688817,498.03175299894065,6803.961770623742,2.7726427531838382,0.005578758054695852,190,200,200,200,210,290,290,300,500,500,500
GET,home,2780,0,210.0,241.4935905813711,13.989123981446028,1104.2746570019517,10552.029496402878,15.508947392054466,0.0,210,290,290,300,300,310,390,610,1100,1100,1100
GET,logout,587,0,300.0,286.45725567207165,104.66519498731941,1009.5364089938812,10499.0,3.2747309781064646,0.0,300,300,310,310,390,400,410,500,1000,1000,1000
POST,setCurrency,602,0,300.0,289.6243868115961,56.09878199175,1115.0963740074076,10513.416943521595,3.3584123489269024,0.0,300,300,310,310,390,400,400,410,1100,1100,1100
GET,viewCart,995,0,190.0,168.19802303997398,12.771709996741265,998.7368159927428,16970.238190954773,5.550864264422372,0.0,190,200,200,200,200,280,290,300,1000,1000,1000
GET,viewProduct,4292,0,110.0,148.11588771910215,8.991050999611616,1051.9660690042656,7997.3744175209695,23.944029570754594,0.0,110,190,190,190,200,200,210,300,1000,1100,1100
,Aggregated,12659,1,200.0,207.5849908881967,8.991050999611616,1195.2744080044795,11158.280037917688,70.62149821439478,0.005578758054695852,200,210,290,290,300,310,400,480,1100,1200,1200
