Type,Name,Request Count,Failure Count,Median Response Time,Average Response Time,Min Response Time,Max Response Time,Average Content Size,Requests/s,Failures/s,50%,66%,75%,80%,90%,95%,98%,99%,99.9%,99.99%,100%
POST,addToCart,1255,0,110.0,150.15412500539546,7.675248984014615,1055.464886012487,16714.5984063745,7.014028009328217,0.0,110,190,200,200,200,210,290,300,960,1100,1100
POST,cartEmpty,309,0,190.0,172.4738984248747,8.519458991941065,305.4157820006367,10513.93851132686,1.7269598843684613,0.0,190,200,200,210,290,290,300,300,310,310,310
POST,checkout,161,1,100,126.53979344668753,9.166428993921727,818.9665350073483,6795.540372670807,0.8998075772923051,0.005588866939703758,100,110,190,190,200,200,200,200,820,820,820
GET,home,3553,0,190.0,156.53210803337882,6.205051991855726,1097.9772830032744,10535.504081058261,19.857244236767453,0.0,190,190,200,200,200,280,300,500,920,1100,1100
GET,logout,694,0,190.0,170.21842986169662,8.337346982443705,793.2586490060203,10499.0,3.878673656154408,0.0,190,200,200,200,210,290,300,300,790,790,790
POST,setCurrency,701,0,200.0,180.2786188832429,7.429635996231809,905.6766559951939,10513.034236804566,3.9177957247323345,0.0,200,200,200,210,290,290,300,400,910,910,910
GET,viewCart,785,0,100.0,112.96568337833853,5.565075989579782,957.1794369840063,16615.32611464968,4.38726054766745,0.0,100,100,110,110,190,200,200,610,960,960,960
GET,viewProduct,4034,0,99,100.23205627649153,5.200338986469433,1011.9634790171403,7985.476698066435,22.54548923476496,0.0,99,100,100,100,190,190,200,200,920,1000,1000
,Aggregated,11492,1,100.0,135.38030166333994,5.200338986469433,1097.9772830032744,10673.924730247129,64.22725887107559,0.005588866939703758,100,190,190,200,200,210,290,310,930,1100,1100
