Type,Name,Request Count,Failure Count,Median Response Time,Average Response Time,Min Response Time,Max Response Time,Average Content Size,Requests/s,Failures/s,50%,66%,75%,80%,90%,95%,98%,99%,99.9%,99.99%,100%
GET,home,2399,0,100.0,128.02515192554813,7.868215994676575,1115.3939200157763,10551.23218007503,13.376434495463409,0.0,100.0,110.0,190.0,190.0,200.0,200.0,210.0,410.0,1000.0,1100.0,1100.0
GET,viewCart,883,0,98.0,90.6871702877482,5.98699098918587,685.9585710044485,16980.84711211778,4.923464635053851,0.0,98.0,100.0,100.0,100.0,110.0,190.0,190.0,200.0,690.0,690.0,690.0
POST,addToCart,1949,0,110.0,132.8039356001023,10.129841015441343,1015.598294994561,16995.848127244742,10.867307558006743,0.0,110.0,110.0,190.0,190.0,200.0,200.0,200.0,300.0,1000.0,1000.0,1000.0
POST,checkout,446,4,99.0,116.72311668133368,9.35552699957043,1508.062754990533,6791.17264573991,2.4868235869014925,0.0223033505551703,99.0,100.0,110.0,180.0,190.0,190.0,200.0,300.0,1500.0,1500.0,1500.0
POST,cartEmpty,617,0,120.0,154.6532201004853,11.104477976914495,1209.233712987043,10512.7131280389,3.4402918231350244,0.0,120.0,190.0,200.0,200.0,200.0,210.0,290.0,300.0,1200.0,1200.0,1200.0
GET,logout,515,0,110.0,148.61882029946676,11.590064008487388,1015.0077840080484,10497.0,2.871556383978181,0.0,110.0,190.0,200.0,200.0,200.0,210.0,280.0,300.0,1000.0,1000.0,1000.0
GET,viewProduct,3747,3747,96.0,85.73725800512827,5.703496019123122,6.879070017021149,7997.080595752525,20.892663632555813,0.0,95.55555555555556,97.77777777777777,99.22222222222223,99.88888888888889,100.0,108.88888888888889,190.0,295.55555555555554,854.4444444444445,854.4444444444445,854.4444444444445
POST,setCurrency,521,0,180.0,159.45057643140842,11.997751978924498,1202.3162220139056,10511.769673704415,2.9050114098109363,0.0,180.0,190.0,200.0,200.0,200.0,210.0,290.0,530.0,1200.0,1200.0,1200.0
,Aggregated,11077,4,100.0,115.0553662688102,5.703496019123122,1508.062754990533,11175.622912340888,61.76355352490545,0.0223033505551703,100.0,100.0,110.0,190.0,190.0,200.0,210.0,290.0,1000.0,1200.0,1500.0
