Type,Name,Request Count,Failure Count,Median Response Time,Average Response Time,Min Response Time,Max Response Time,Average Content Size,Requests/s,Failures/s,50%,66%,75%,80%,90%,95%,98%,99%,99.9%,99.99%,100%
POST,addToCart,1965,0,110.0,127.86948423551318,8.229215003666468,296.64928099373356,17005.329262086514,10.965328225363075,0.0,110,110,190,190,200,200,200,210,290,300,300
POST,cartEmpty,618,0,180.0,166.19329849991735,13.51648299896624,5172.653673005698,10511.09061488673,3.448637579274494,0.0,180,190,200,200,200,200,210,290,5200,5200,5200
POST,checkout,452,4,100.0,111.22929329645655,9.528791000775527,207.89838599739596,6790.900442477876,2.5223045078188857,0.022321278830255625,100,100,110,110,190,190,200,200,210,210,210
GET,home,2410,0,100.0,134.86321187093944,7.2976890005520545,5165.641465995577,10550.320331950208,13.448570495229013,0.0,100,110,190,190,190,200,200,200,5100,5200,5200
GET,logout,518,0,110.0,152.2824412315746,9.640004005632363,4953.955502001918,10497.0,2.8906056085181033,0.0,110,190,190,200,200,200,210,280,5000,5000,5000
POST,setCurrency,524,0,120.0,148.12601957066556,12.495738999859896,293.92275099962717,10511.223282442748,2.9240875267634867,0.0,120,190,200,200,200,200,280,290,290,290,290
GET,viewCart,892,0,97,90.32265305593951,7.091559004038572,290.8531490029418,17009.075112107625,4.977645179147004,0.0,97,99,100,100,100,110,190,190,290,290,290
GET,viewProduct,3771,0,95,80.06290356621713,5.537172000913415,211.30975700361887,7996.591620259878,21.04338561722349,0.0,95,98,99,100,100,110,190,190,200,210,210
,Aggregated,11150,4,100.0,113.74460366473345,5.537172000913415,5172.653673005698,11182.031748878924,62.220564739337554,0.022321278830255625,100,100,110,180,190,200,200,210,300,5200,5200
