Type,Name,Request Count,Failure Count,Median Response Time,Average Response Time,Min Response Time,Max Response Time,Average Content Size,Requests/s,Failures/s,50%,66%,75%,80%,90%,95%,98%,99%,99.9%,99.99%,100%
POST,addToCart,1941,0,110.0,135.61672357392357,8.020626999496017,1059.2793369996798,17004.225656877898,10.82410385049399,0.0,110,180,190,190,200,200,210,290,1100,1100,1100
POST,cartEmpty,607,0,190.0,156.95520251073137,8.59384700015653,1065.4143000001568,10513.464579901152,3.384972198480089,0.0,190,190,200,200,200,210,290,300,1100,1100,1100
POST,checkout,446,2,100.0,118.46151130941605,8.866192000823503,967.2903040000165,6799.9775784753365,2.4871459646163423,0.011153120917562072,100,100,110,180,190,200,200,290,970,970,970
GET,home,2380,0,100.0,131.18990439538942,6.328432000373141,1086.5372279995427,10553.06218487395,13.272213891898867,0.0,100,110,190,190,200,200,290,590,1000,1100,1100
GET,logout,514,0,110.0,146.97670281128444,9.174067999992985,846.5990269996837,10499.0,2.8663520758134524,0.0,110,190,200,200,200,210,310,390,850,850,850
POST,setCurrency,519,0,140.0,155.92346501926764,9.58605699997861,893.9433289997396,10514.040462427745,2.894234878107358,0.0,140,190,200,200,200,210,290,700,890,890,890
GET,viewCart,884,0,97,93.45947562781689,5.685539999831235,1057.3419460006335,17001.56221719457,4.929679445562436,0.0,97,100,100,100,110,190,200,200,1100,1100,1100
GET,viewProduct,3722,0,96,83.73957898065264,5.317081000612234,937.0340899995426,7997.917248790973,20.755958027583016,0.0,96,98,100,100,100,110,190,190,830,940,940
,Aggregated,11013,2,100.0,115.7120555613372,5.317081000612234,1086.5372279995427,11185.58567147916,61.41466033255555,0.011153120917562072,100,110,110,190,200,200,210,300,940,1100,1100
