Type,Name,Request Count,Failure Count,Median Response Time,Average Response Time,Min Response Time,Max Response Time,Average Content Size,Requests/s,Failures/s,50%,66%,75%,80%,90%,95%,98%,99%,99.9%,99.99%,100%
POST,addToCart,146,0,8,11.800896760502077,7.545214990386739,88.45106398803182,16413.095890410958,0.8172340280534868,0.0,8,9,9,9,9,28,79,80,88,88,88
GET,home,730,0,8,19.363238158865435,6.568013021023944,550.4998709948268,10411.713698630138,4.086170140267433,0.0,8,9,11,28,57,72,89,95,550,550,550
GET,logout,146,0,10,30.033214658431785,8.30494798719883,95.2211569820065,10383.0,0.8172340280534868,0.0,10,57,62,63,66,68,83,94,95,95,95
POST,setCurrency,146,0,9,11.822728568740661,7.914929010439664,80.83103600074537,10396.623287671233,0.8172340280534868,0.0,9,10,10,10,11,18,70,77,81,81,81
GET,viewCart,146,0,6,9.2811649653276,5.451767996419221,75.87356498697773,16410.945205479453,0.8172340280534868,0.0,6,6,6,6,7,57,68,68,76,76,76
GET,viewProduct,730,0,6,13.761571282361418,5.37311498192139,100.08481499971822,7922.068493150685,4.086170140267433,0.0,6,7,7,8,49,63,74,86,100,100,100
,Aggregated,2044,0,8,16.325860868509743,5.37311498192139,550.4998709948268,10376.61252446184,11.441276392748815,0.0,8,9,9,10,56,67,79,90,140,550,550
