Type,Name,Request Count,Failure Count,Median Response Time,Average Response Time,Min Response Time,Max Response Time,Average Content Size,Requests/s,Failures/s,50%,66%,75%,80%,90%,95%,98%,99%,99.9%,99.99%,100%
POST,addToCart,1513,0,390.0,360.9661969234007,7.808886002749205,613.6013139985153,16728.585591539988,8.43931041759606,0.0,390,400,400,410,490,500,510,590,610,610,610
POST,cartEmpty,356,0,600.0,563.0235256433203,8.53308500154526,808.3061800025462,10515.547752808989,1.9857200982578966,0.0,600,610,680,690,700,710,790,800,810,810,810
POST,checkout,193,1,210.0,230.25337629529304,8.38296999791055,402.2897809991264,6796.352331606217,1.0765280307971181,0.005577865444544653,210,290,290,300,300,320,390,400,400,400,400
GET,home,4332,0,500.0,493.6597276964506,6.460520999098662,810.9850699984236,10535.832871652816,24.16331310576744,0.0,500,590,600,600,600,690,700,700,800,810,810
GET,logout,838,0,600.0,556.0661805286586,8.280738002213184,805.8892039989587,10499.0,4.6742512425284195,0.0,600,600,610,690,700,700,790,800,810,810,810
POST,setCurrency,866,0,600.0,549.4960056616366,7.672011997783557,898.9301630026603,10514.057736720555,4.83043147497567,0.0,600,600,610,680,700,700,800,800,900,900,900
GET,viewCart,955,0,290.0,272.07669271725695,5.484631001309026,499.39450100282556,16617.850261780106,5.326861499540144,0.0,290,300,310,310,390,400,410,490,500,500,500
GET,viewProduct,4902,0,210.0,231.01593846409315,5.1298209982633125,507.42225799695007,7985.962668298654,27.34269640915789,0.0,210,290,300,300,300,310,390,400,500,510,510
,Aggregated,13955,1,350.0,377.1889247697679,5.1298209982633125,898.9301630026603,10671.972841275528,77.83911227862063,0.005577865444544653,350,500,510,590,600,620,700,710,800,810,900
