Type,Name,Request Count,Failure Count,Median Response Time,Average Response Time,Min Response Time,Max Response Time,Average Content Size,Requests/s,Failures/s,50%,66%,75%,80%,90%,95%,98%,99%,99.9%,99.99%,100%
GET,home,3382,0,410.0,410.3677846595856,5.932251006015576,1301.403773992206,10554.77202838557,18.84804003836438,0.0,410.0,490.0,490.0,500.0,500.0,580.0,600.0,600.0,1300.0,1300.0,1300.0
GET,viewCart,688,0,210.0,241.8399882307376,5.602831995929591,750.7404750067508,16707.91569767442,3.834255336012624,0.0,210.0,290.0,300.0,300.0,310.0,380.0,390.0,400.0,750.0,750.0,750.0
POST,addToCart,2340,0,310.0,335.21922481832473,7.568742003059015,1196.6639230086002,16795.931623931625,13.040926578880146,0.0,310.0,390.0,400.0,400.0,410.0,490.0,500.0,510.0,1100.0,1200.0,1200.0
POST,checkout,473,2,200.0,219.0546501796394,7.935787012684159,1073.80195800215,6798.849894291755,2.636050543508679,0.0111460910930599,200.0,210.0,290.0,290.0,300.0,300.0,390.0,410.0,1100.0,1100.0,1100.0
POST,cartEmpty,1156,0,500.0,481.4131597075263,8.529993996489793,1206.2454120023176,10511.44982698962,6.442440651788654,0.0,500.0,510.0,590.0,590.0,600.0,610.0,700.0,710.0,1200.0,1200.0,1200.0
GET,logout,550,0,500.0,476.4771851419937,8.397740995860659,1097.6689609960886,10497.0,3.0651750505914874,0.0,500.0,510.0,520.0,590.0,600.0,610.0,620.0,690.0,1100.0,1100.0,1100.0
GET,viewProduct,4817,4817,200.0,208.8743753087241,5.108887009555474,5.508135000127368,7995.953001811703,26.8453603976349,0.0,200.0,210.0,234.44444444444446,290.0,300.0,301.1111111111111,311.1111111111111,371.1111111111111,862.2222222222222,862.2222222222222,862.2222222222222
POST,setCurrency,575,0,500.0,481.8929168362798,8.420682002906688,1296.5692799916724,10511.766956521738,3.204501189254737,0.0,500.0,510.0,590.0,590.0,600.0,690.0,700.0,900.0,1300.0,1300.0,1300.0
,Aggregated,13981,2,300.0,325.0227732145146,5.108887009555474,1301.403773992206,10885.78535154853,77.91674978603561,0.0111460910930599,300.0,400.0,410.0,490.0,500.0,590.0,600.0,690.0,1100.0,1300.0,1300.0
