Type,Name,Request Count,Failure Count,Median Response Time,Average Response Time,Min Response Time,Max Response Time,Average Content Size,Requests/s,Failures/s,50%,66%,75%,80%,90%,95%,98%,99%,99.9%,99.99%,100%
POST,addToCart,2320,0,310.0,325.92520978840435,7.7509640250355005,992.0231090218294,16792.480172413794,12.940217646630277,0.0,310,390,390,400,410,490,500,510,890,990,990
POST,cartEmpty,1146,0,500.0,499.70042330093935,8.535892004147172,1505.3280599822756,10511.204188481675,6.392021303033749,0.0,500,580,590,600,610,690,790,820,1500,1500,1500
POST,checkout,470,1,210.0,229.95669298478342,8.426645013969392,1099.9643029936124,6802.423404255319,2.621509609446651,0.005577680020099257,210,280,290,290,300,310,390,400,1100,1100,1100
GET,home,3356,0,410.0,422.0372298091873,6.558042019605637,1317.9445030109491,10554.466030989273,18.718694147453107,0.0,410,490,500,500,510,590,600,690,1300,1300,1300
GET,logout,545,0,500.0,487.85924602181376,8.451104018604383,1588.2613899884745,10497.0,3.039835610954095,0.0,500,510,590,590,600,610,700,710,1600,1600,1600
POST,setCurrency,569,0,500.0,477.38648230102126,8.86025300133042,1285.9885870129801,10511.254833040422,3.1736999314364773,0.0,500,510,590,590,600,610,700,790,1300,1300,1300
GET,viewCart,682,0,210.0,241.23862602688575,5.410957004642114,682.4695579998661,16714.058651026393,3.803977773707693,0.0,210,290,300,300,310,310,400,490,680,680,680
GET,viewProduct,4776,0,200.0,205.66301624721424,5.232130002696067,1102.5500380201265,7995.58270519263,26.63899977599405,0.0,200,210,210,290,300,300,310,400,1000,1100,1100
,Aggregated,13864,1,300.0,327.2884641382467,5.232130002696067,1588.2613899884745,10885.024596076168,77.3289557986561,0.005577680020099257,300,400,410,490,510,590,610,700,1200,1500,1600
