Type,Name,Request Count,Failure Count,Median Response Time,Average Response Time,Min Response Time,Max Response Time,Average Content Size,Requests/s,Failures/s,50%,66%,75%,80%,90%,95%,98%,99%,99.9%,99.99%,100%
POST,addToCart,2501,0,400.0,390.4519304303382,7.635145004314836,1012.074799000402,16993.682926829268,13.944231895229589,0.0,400,410,490,490,500,510,600,600,700,1000,1000
POST,cartEmpty,767,0,600.0,555.6432391054068,7.937615999253467,996.2146090038004,10512.740547588006,4.2763797935390215,0.0,600,610,610,690,700,710,800,810,1000,1000,1000
POST,checkout,566,1,280.0,247.57508380933893,8.033623002120294,598.8526809960604,6804.0123674911665,3.1557118163534374,0.00557546257306261,280,290,300,300,310,390,400,400,600,600,600
GET,home,3123,0,500.0,486.3231557934661,6.123848004790489,1088.3206759972381,10550.422030099264,17.412169615674532,0.0,500,510,590,590,600,610,700,700,810,1100,1100
GET,logout,660,0,590.0,548.3382596105498,7.986475000507198,806.7192750022514,10497.0,3.6798052982213227,0.0,590,600,610,620,700,710,790,800,810,810,810
POST,setCurrency,693,0,590.0,550.6284595022823,7.623021003382746,1008.3319680052227,10512.008658008657,3.863795563132389,0.0,590,600,610,680,700,710,800,810,1000,1000,1000
GET,viewCart,1148,0,300.0,292.1497452124631,5.648970996844582,513.8151299979654,16999.776132404182,6.400631033875876,0.0,300,310,310,390,400,400,480,490,510,510,510
GET,viewProduct,4849,0,210.0,239.81708898007335,4.99640100315446,1042.12145999918,7996.385852753145,27.035418016780596,0.0,210,290,300,300,310,310,400,400,1000,1000,1000
,Aggregated,14307,1,310.0,370.6830992608899,4.99640100315446,1088.3206759972381,11174.080659816873,79.76814303280676,0.00557546257306261,310,480,500,510,600,610,700,710,950,1100,1100
