Type,Name,Request Count,Failure Count,Median Response Time,Average Response Time,Min Response Time,Max Response Time,Average Content Size,Requests/s,Failures/s,50%,66%,75%,80%,90%,95%,98%,99%,99.9%,99.99%,100%
POST,addToCart,2514,0,400.0,386.95722231506375,7.646753001608886,797.112558997469,17002.813444709627,14.019816866425842,0.0,400,410,490,490,500,510,600,600,700,800,800
POST,cartEmpty,770,0,600.0,551.8902127752149,7.933371001854539,891.6744269954506,10512.503896103895,4.294056876351591,0.0,600,600,620,690,700,710,800,810,890,890,890
POST,checkout,573,7,220.0,246.47810467533645,7.723440001427662,507.89362299838103,6785.089005235602,3.1954475196746253,0.039036880694105366,220,290,300,300,310,390,400,420,510,510,510
GET,home,3136,0,500.0,482.871951758522,6.093379000958521,792.1298329965794,10550.543048469388,17.488522550959203,0.0,500,510,590,600,600,610,700,700,710,790,790
GET,logout,667,0,590.0,551.605386995637,8.207011000195052,806.6734040039591,10497.0,3.71965706042404,0.0,590,600,610,620,700,710,790,800,810,810,810
POST,setCurrency,697,0,590.0,545.4531439080081,7.8261689995997585,805.4565190032008,10512.215208034433,3.886957977684492,0.0,590,600,610,690,700,710,720,790,810,810,810
GET,viewCart,1150,0,300.0,292.9520081087843,5.452685996715445,504.80328899720917,17000.89652173913,6.413201828317311,0.0,300,310,320,390,400,410,490,500,500,500,500
GET,viewProduct,4868,0,210.0,237.105297114292,5.118278000736609,491.44266200164566,7996.90755957272,27.147362174129274,0.0,210,290,300,300,310,310,390,400,410,490,490
,Aggregated,14375,7,310.0,368.1745631678687,5.118278000736609,891.6744269954506,11173.742608695653,80.16502285396638,0.039036880694105366,310,420,500,510,600,610,700,710,800,890,890
