Type,Name,Request Count,Failure Count,Median Response Time,Average Response Time,Min Response Time,Max Response Time,Average Content Size,Requests/s,Failures/s,50%,66%,75%,80%,90%,95%,98%,99%,99.9%,99.99%,100%
GET,home,3127,0,500.0,485.0420336360347,6.26305298646912,805.7010899938177,10550.645027182603,17.429662548052363,0.0,500.0,510.0,590.0,590.0,600.0,610.0,700.0,700.0,790.0,810.0,810.0
GET,viewCart,1156,0,300.0,295.5637801962666,5.519318990991451,506.1246020050021,16998.55190311419,6.443456957322844,0.0,300.0,310.0,390.0,390.0,400.0,410.0,490.0,500.0,510.0,510.0,510.0
POST,addToCart,2510,0,400.0,388.0090722989811,7.584866994875483,692.5141140091,17000.017928286852,13.990551005951849,0.0,400.0,410.0,490.0,490.0,500.0,510.0,590.0,600.0,680.0,690.0,690.0
POST,checkout,573,4,220.0,244.36778001933007,7.865674997447059,413.5039759858046,6793.956369982548,3.1938588551435894,0.0222956988142658,220.0,290.0,300.0,300.0,310.0,390.0,400.0,400.0,410.0,410.0,410.0
POST,cartEmpty,767,0,600.0,548.2632535006766,8.540324997738935,887.3023939959239,10512.783572359844,4.275200247635485,0.0,600.0,600.0,610.0,680.0,700.0,710.0,790.0,800.0,890.0,890.0,890.0
GET,logout,669,0,590.0,559.2553297157197,7.85894101136364,899.758624000242,10497.0,3.7289556266859702,0.0,590.0,600.0,620.0,690.0,700.0,710.0,790.0,800.0,900.0,900.0,900.0
GET,viewProduct,4856,4856,210.0,237.10896269650124,5.081572002382018,5.939608003245667,7996.492151789846,27.066978360518796,0.0,210.0,290.0,300.0,300.0,310.0,325.55555555555554,397.77777777777777,401.1111111111111,457.77777777777777,457.77777777777777,457.77777777777777
POST,setCurrency,693,0,590.0,546.6976243159955,7.779879990266636,894.1412229905836,10512.454545454546,3.8627298195715674,0.0,590.0,600.0,610.0,680.0,700.0,710.0,790.0,800.0,890.0,890.0,890.0
,Aggregated,14351,4,310.0,369.1246116128191,5.081572002382018,899.758624000242,11177.345272106471,79.99139342088246,0.0222956988142658,310.0,480.0,500.0,510.0,600.0,610.0,700.0,710.0,800.0,890.0,900.0
