Type,Name,Request Count,Failure Count,Median Response Time,Average Response Time,Min Response Time,Max Response Time,Average Content Size,Requests/s,Failures/s,50%,66%,75%,80%,90%,95%,98%,99%,99.9%,99.99%,100%
POST,addToCart,2317,0,300.0,309.2329012248624,101.2451980059268,1193.8514130015392,16997.747086750107,12.9242373946412,0.0,300,310,310,390,400,400,500,900,1100,1200,1200
POST,cartEmpty,716,0,400.0,421.5853731718843,198.60765900375554,1204.404928997974,10512.469273743016,3.993851521175269,0.0,400,480,490,500,500,530,600,1000,1200,1200,1200
POST,checkout,524,2,200.0,216.50770343893166,101.01630099961767,1098.8903469988145,6799.501908396946,2.9228745769494986,0.01115600983568511,200,210,280,290,300,300,310,670,1100,1100,1100
GET,home,2939,0,310.0,357.4104596023171,91.13422099471791,1300.2214829975856,10550.792106158557,16.393756453539268,0.0,310,390,400,400,410,500,800,990,1200,1300,1300
GET,logout,622,0,400.0,410.15973083113045,112.34111899830168,1294.173520996992,10499.0,3.469519058898069,0.0,400,410,490,490,500,510,610,990,1300,1300,1300
POST,setCurrency,643,0,400.0,412.9757026190308,62.50037800054997,1312.6653670042288,10512.493001555209,3.5866571621727625,0.0,400,410,490,490,500,510,710,1100,1300,1300,1300
GET,viewCart,1066,0,200.0,223.9873837410769,15.777328000694979,1014.5420670014573,16997.454971857413,5.946153242420163,0.0,200,210,290,290,300,300,390,640,910,1000,1000
GET,viewProduct,4536,0,200.0,196.85210141401794,10.442949998832773,1097.3598279961152,7996.57385361552,25.301830307333827,0.0,200,200,200,210,290,300,390,700,1100,1100,1100
,Aggregated,13363,2,290.0,286.9551409971773,10.442949998832773,1312.6653670042288,11162.469655017587,74.53887971713006,0.01115600983568511,290,300,390,390,410,500,600,890,1200,1300,1300
