Type,Name,Request Count,Failure Count,Median Response Time,Average Response Time,Min Response Time,Max Response Time,Average Content Size,Requests/s,Failures/s,50%,66%,75%,80%,90%,95%,98%,99%,99.9%,99.99%,100%
POST,addToCart,2328,0,300.0,307.13990911249994,101.82091999740805,1141.3701550045516,16999.65764604811,12.982028403009194,0.0,300,310,310,390,400,400,500,770,1100,1100,1100
POST,cartEmpty,718,0,400.0,428.8159999887994,189.92327799787745,1503.808774999925,10513.477715877438,4.003907385464176,0.0,400,420,490,500,500,590,990,1100,1500,1500,1500
POST,checkout,529,1,200.0,217.97481968081837,96.06689000065671,902.9573929947219,6805.041587901701,2.9499540486219344,0.0055764726817049805,200,210,220,290,300,300,390,710,900,900,900
GET,home,2956,0,310.0,352.58116238507034,100.5512500050827,1300.2593789933599,10551.590324763194,16.48405324711992,0.0,310,390,400,400,410,490,690,900,1200,1300,1300
GET,logout,631,0,400.0,402.7601827162403,181.28237000200897,1201.1040490033338,10498.992076069731,3.5187542621558427,0.0,400,400,480,490,500,510,600,700,1200,1200,1200
POST,setCurrency,649,0,400.0,409.5054418259247,21.92296300199814,1402.632593002636,10513.525423728814,3.619130770426532,0.0,400,410,490,490,500,510,790,900,1400,1400,1400
GET,viewCart,1072,0,200.0,224.94412269485625,17.571515003510285,996.8584700036445,16989.933768656716,5.977978714787739,0.0,200,210,290,290,300,310,510,700,900,1000,1000
GET,viewProduct,4555,0,200.0,195.28752232839682,10.539889000938274,1035.4555169978994,7997.681668496158,25.400833065166186,0.0,200,200,200,210,280,300,510,630,950,1000,1000
,Aggregated,13438,1,290.0,285.0897204048962,10.539889000938274,1503.808774999925,11162.75033487126,74.93663989675153,0.0055764726817049805,290,300,390,390,410,490,590,800,1100,1400,1500
