Type,Name,Request Count,Failure Count,Median Response Time,Average Response Time,Min Response Time,Max Response Time,Average Content Size,Requests/s,Failures/s,50%,66%,75%,80%,90%,95%,98%,99%,99.9%,99.99%,100%
POST,addToCart,1734,0,11,41.43339516494363,7.26215500071703,1001.817888000005,16814.482698961936,9.669501232535408,0.0,11,82,86,87,91,94,96,98,110,1000,1000
POST,cartEmpty,902,0,12,44.1126627571921,7.76278800003638,187.2626960011985,10513.696230598669,5.029925093279664,0.0,12,84,87,90,93,96,98,100,190,190,190
POST,checkout,365,4,10,32.82620879457283,5.432099000245216,699.9321709990909,6788.915068493151,2.035390974553301,0.022305654515652616,10,11,78,82,87,90,93,96,700,700,700
GET,home,2271,0,9,36.1156286657909,5.756542999733938,1001.6217190004681,10561.338617349185,12.664035351261772,0.0,9,64,82,84,89,91,95,97,190,1000,1000
GET,logout,365,0,14,45.950516383577266,7.576644000437227,104.54779000065173,10499.0,2.035390974553301,0.0,14,85,89,90,94,96,98,99,100,100,100
POST,setCurrency,367,0,13,46.03624329154117,7.396748000246589,1003.1704329994682,10513.850136239782,2.0465438018111275,0.0,13,80,85,87,93,95,98,110,1000,1000,1000
GET,viewCart,464,0,8,31.807313995661136,5.6050279999908525,99.47986000042874,16747.625,2.5874559238157033,0.0,8,10,80,83,88,90,92,94,99,99,99
GET,viewProduct,3370,0,7,27.382107192279797,5.021559998567682,612.7048199996352,7997.962017804154,18.79251392943733,0.0,7,8,70,80,86,89,91,93,99,610,610
,Aggregated,9838,4,10,35.20419014362683,5.021559998567682,1003.1704329994682,10928.762858304533,54.86075728124761,0.022305654515652616,10,60,82,84,89,92,95,97,190,1000,1000
