Type,Name,Request Count,Failure Count,Median Response Time,Average Response Time,Min Response Time,Max Response Time,Average Content Size,Requests/s,Failures/s,50%,66%,75%,80%,90%,95%,98%,99%,99.9%,99.99%,100%
GET,home,3020,0,400.0,391.1942601294989,10.937771992757916,1299.186505988473,10550.264900662252,16.839059912051674,0.0,400.0,400.0,410.0,420.0,500.0,510.0,600.0,900.0,1200.0,1300.0,1300.0
GET,viewCart,1090,0,210.0,248.6289403489428,11.475275998236611,1193.2402779930271,16995.707339449542,6.077673941766994,0.0,210.0,290.0,290.0,300.0,310.0,380.0,400.0,800.0,1100.0,1200.0,1200.0
POST,addToCart,2406,0,310.0,337.9097585805729,14.395623991731554,1293.3718019921798,17000.363258520367,13.415489453111366,0.0,310.0,390.0,390.0,400.0,400.0,480.0,500.0,830.0,1200.0,1300.0,1300.0
POST,checkout,546,0,200.0,225.03833211556497,88.75849598553032,1008.0972560099326,6805.46336996337,3.0444128185364945,0.0,200.0,220.0,290.0,290.0,300.0,300.0,390.0,400.0,1000.0,1000.0,1000.0
POST,cartEmpty,754,0,490.0,465.72531005343706,98.22572200209834,1312.015158997383,10511.72148541114,4.204189130359921,0.0,490.0,500.0,500.0,510.0,590.0,600.0,800.0,1100.0,1300.0,1300.0,1300.0
GET,logout,639,0,410.0,445.5306156647646,99.89749398664571,1315.317141008563,10497.0,3.562966650265238,0.0,410.0,490.0,500.0,500.0,510.0,600.0,700.0,800.0,1300.0,1300.0,1300.0
GET,viewProduct,4675,4675,200.0,210.84387866125033,7.762605993775651,38.05354400537908,7996.542247313539,26.067087777762108,0.0,200.0,201.11111111111111,210.0,211.11111111111111,292.22222222222223,300.0,380.0,656.6666666666666,1033.3333333333333,1033.3333333333333,1033.3333333333333
POST,setCurrency,661,0,420.0,456.1597012849817,21.741245000157505,1406.59948400571,10511.81845688351,3.685635298631177,0.0,420.0,500.0,500.0,500.0,590.0,600.0,810.0,1300.0,1400.0,1400.0,1400.0
,Aggregated,13791,0,300.0,312.6199295642629,7.762605993775651,1406.59948400571,11164.558117612936,76.89651498248497,0.0,300.0,390.0,400.0,400.0,490.0,500.0,600.0,800.0,1300.0,1400.0,1400.0
