Type,Name,Request Count,Failure Count,Median Response Time,Average Response Time,Min Response Time,Max Response Time,Average Content Size,Requests/s,Failures/s,50%,66%,75%,80%,90%,95%,98%,99%,99.9%,99.99%,100%
GET,home,2733,0,100.0,126.45427335713156,6.243094001547433,995.9053420025156,10555.01207464325,15.24007467718904,0.0,100.0,110.0,190.0,190.0,200.0,200.0,210.0,290.0,940.0,1000.0,1000.0
GET,viewCart,553,0,98.0,94.8050025895848,5.416528001660481,1025.9986669989305,16683.537070524413,3.0837033649782435,0.0,98.0,100.0,100.0,100.0,110.0,190.0,190.0,190.0,1000.0,1000.0,1000.0
POST,addToCart,1898,0,110.0,129.930803970396,7.63132399879396,1044.3514750077156,16789.261854583772,10.583849885585364,0.0,110.0,110.0,190.0,190.0,200.0,200.0,200.0,210.0,930.0,1000.0,1000.0
POST,checkout,384,4,100.0,111.0041828485843,8.046018992899917,1046.0114210000029,6788.817708333333,2.141305772426122,0.0223052684627721,100.0,100.0,110.0,110.0,190.0,190.0,200.0,200.0,1000.0,1000.0,1000.0
POST,cartEmpty,950,0,190.0,159.03004350350545,7.754228994599543,1095.6013999966672,10511.665263157896,5.297501259908375,0.0,190.0,190.0,200.0,200.0,200.0,210.0,290.0,300.0,1100.0,1100.0,1100.0
GET,logout,449,0,110.0,143.9394692402322,7.472604003851302,290.2764099999331,10497.0,2.503766384946169,0.0,110.0,190.0,190.0,200.0,200.0,200.0,210.0,210.0,290.0,290.0,290.0
GET,viewProduct,3896,3896,96.0,83.34602134235048,5.07938300142996,5.471270997077227,7996.303169025357,21.725331482740028,0.0,95.77777777777777,98.22222222222223,99.66666666666667,100.0,100.0,118.88888888888889,188.88888888888889,192.22222222222223,781.1111111111111,781.1111111111111,781.1111111111111
POST,setCurrency,457,0,190.0,155.38151569152328,7.814707001671195,1083.739540001261,10511.155361050329,2.548376921871713,0.0,190.0,190.0,200.0,200.0,200.0,210.0,290.0,300.0,1100.0,1100.0,1100.0
,Aggregated,11320,4,100.0,114.74381527225871,5.07938300142996,1095.6013999966672,10883.78922261484,63.12390974964506,0.0223052684627721,100.0,110.0,110.0,190.0,200.0,200.0,200.0,280.0,1000.0,1100.0,1100.0
