Type,Name,Request Count,Failure Count,Median Response Time,Average Response Time,Min Response Time,Max Response Time,Average Content Size,Requests/s,Failures/s,50%,66%,75%,80%,90%,95%,98%,99%,99.9%,99.99%,100%
GET,home,2766,0,100.0,123.75036597566856,5.975603009574115,800.7453239988536,10554.730657989878,15.42108084304546,0.0,100.0,110.0,190.0,190.0,200.0,200.0,200.0,200.0,300.0,800.0,800.0
GET,viewCart,562,0,97.0,89.88928772370105,5.71623099676799,200.3001709963428,16695.339857651245,3.133278175629627,0.0,97.0,99.0,100.0,100.0,110.0,190.0,190.0,190.0,200.0,200.0,200.0
POST,addToCart,1920,0,110.0,130.35057202069615,7.450643999618478,889.8023139918223,16795.927604166667,10.704437895389471,0.0,110.0,110.0,190.0,190.0,200.0,200.0,200.0,210.0,830.0,890.0,890.0
POST,checkout,391,4,100.0,107.15903932473722,8.52409600338433,201.25417099916376,6788.470588235294,2.179914175571502,0.0223009122820614,100.0,100.0,100.0,110.0,190.0,190.0,200.0,200.0,200.0,200.0,200.0
POST,cartEmpty,960,0,190.0,151.702446825675,8.099155995296314,297.33263900561724,10510.967708333334,5.352218947694737,0.0,190.0,190.0,200.0,200.0,200.0,210.0,280.0,290.0,300.0,300.0,300.0
GET,logout,454,0,180.0,151.40754461430382,7.557998993434012,804.6495909948135,10497.0,2.531153544013969,0.0,180.0,190.0,200.0,200.0,200.0,210.0,210.0,290.0,800.0,800.0,800.0
GET,viewProduct,3941,3941,96.0,82.20492466422823,5.07825700333342,5.534960990189575,7995.662620487592,21.971973825900996,0.0,95.88888888888889,98.11111111111111,99.88888888888889,100.0,100.0,115.55555555555556,186.66666666666666,191.11111111111111,435.55555555555554,435.55555555555554,435.55555555555554
POST,setCurrency,462,0,190.0,154.145870006931,7.554408002761193,790.2713259973098,10511.248917748915,2.575755368578092,0.0,190.0,190.0,200.0,200.0,200.0,200.0,280.0,290.0,790.0,790.0,790.0
,Aggregated,11456,4,100.0,113.00346386219276,5.07825700333342,889.8023139918223,10885.434270251397,63.86981277582385,0.0223009122820614,100.0,110.0,110.0,190.0,200.0,200.0,200.0,210.0,790.0,830.0,890.0
