Type,Name,Request Count,Failure Count,Median Response Time,Average Response Time,Min Response Time,Max Response Time,Average Content Size,Requests/s,Failures/s,50%,66%,75%,80%,90%,95%,98%,99%,99.9%,99.99%,100%
GET,home,2723,0,100.0,124.71420724269863,6.083318003220484,1067.0619040029123,10555.343738523688,15.178874919005438,0.0,100.0,110.0,190.0,190.0,190.0,200.0,200.0,210.0,1000.0,1100.0,1100.0
GET,viewCart,551,0,98.0,90.61800528127748,5.807862005895004,737.301650995505,16705.758620689656,3.071450635465294,0.0,98.0,100.0,100.0,100.0,110.0,190.0,190.0,190.0,740.0,740.0,740.0
POST,addToCart,1889,0,100.0,126.83846666594869,7.461954999598674,999.0211810072652,16791.14028586554,10.529891561513503,0.0,100.0,110.0,190.0,190.0,200.0,200.0,200.0,200.0,780.0,1000.0,1000.0
POST,checkout,384,4,100.0,109.69085049703152,7.734405997325666,1028.0371270055184,6789.1953125,2.140539099852401,0.0222972822901291,100.0,100.0,100.0,110.0,190.0,190.0,190.0,200.0,1000.0,1000.0,1000.0
POST,cartEmpty,950,0,190.0,159.4586771029495,7.718690991168842,1074.2073190049268,10511.413684210527,5.29560454390568,0.0,190.0,190.0,200.0,200.0,200.0,200.0,290.0,300.0,1100.0,1100.0,1100.0
GET,logout,448,0,190.0,162.42679868491905,7.597072995849885,1080.8603039913578,10497.0,2.497295616494468,0.0,190.0,190.0,200.0,200.0,200.0,210.0,290.0,680.0,1100.0,1100.0,1100.0
GET,viewProduct,3877,3877,96.0,85.67621124025239,5.000150005798787,5.43972100422252,7995.976933761094,21.611640859707705,0.0,95.77777777777777,97.77777777777777,99.22222222222223,100.0,100.0,123.33333333333333,188.88888888888889,246.66666666666666,933.3333333333334,933.3333333333334,933.3333333333334
POST,setCurrency,453,0,190.0,164.5994670906903,7.565872991108335,1076.6817200055812,10511.87196467991,2.525167219357129,0.0,190.0,190.0,200.0,200.0,200.0,210.0,290.0,940.0,1100.0,1100.0,1100.0
,Aggregated,11275,4,100.0,115.4939125387296,5.000150005798787,1085.46027400007,10884.506164079825,62.85046445530162,0.0222972822901291,100.0,110.0,110.0,190.0,190.0,200.0,200.0,210.0,1000.0,1100.0,1100.0
