Type,Name,Request Count,Failure Count,Median Response Time,Average Response Time,Min Response Time,Max Response Time,Average Content Size,Requests/s,Failures/s,50%,66%,75%,80%,90%,95%,98%,99%,99.9%,99.99%,100%
POST,addToCart,1832,0,110.0,134.35707552364607,7.551810995209962,1075.203040993074,16794.575873362446,10.214303713878362,0.0,110,110,190,190,200,200,210,720,1000,1100,1100
POST,cartEmpty,914,0,190.0,159.8495016832575,8.301089983433485,916.8041069933679,10511.7352297593,5.096000870351977,0.0,190,200,200,200,200,290,290,300,920,920,920
POST,checkout,372,1,99,110.10414631985647,6.310374999884516,1080.3411999950185,6800.844086021505,2.0740835052198423,0.005575493293601726,99,100,110,110,190,190,200,200,1100,1100,1100
GET,home,2640,0,110.0,136.34765978054156,6.129917019279674,1097.866461990634,10555.233712121211,14.719302295108557,0.0,110,180,190,190,200,200,290,610,990,1100,1100
GET,logout,435,0,120.0,158.08705957753628,8.661227999255061,1099.4483859976754,10497.0,2.425339582716751,0.0,120,190,200,200,200,210,610,710,1100,1100,1100
POST,setCurrency,443,0,130.0,151.86020298410284,8.334434009157121,848.1104279926512,10512.011286681716,2.4699435290655645,0.0,130,190,200,200,200,210,290,700,850,850,850
GET,viewCart,536,0,98,102.4275047243803,5.824168008984998,1067.383763001999,16690.54104477612,2.988464405370525,0.0,98,100,100,100,110,190,590,740,1100,1100,1100
GET,viewProduct,3764,0,95,87.12987493936791,5.127743002958596,1062.3289950017352,7996.277895855473,20.9861567571169,0.0,95,98,100,100,100,180,190,510,900,1100,1100
,Aggregated,10936,1,100.0,119.97632624283722,5.127743002958596,1099.4483859976754,10884.99049012436,60.973594658828475,0.005575493293601726,100,110,180,190,200,200,280,620,990,1100,1100
