Type,Name,Request Count,Failure Count,Median Response Time,Average Response Time,Min Response Time,Max Response Time,Average Content Size,Requests/s,Failures/s,50%,66%,75%,80%,90%,95%,98%,99%,99.9%,99.99%,100%
GET,home,2721,0,100.0,126.1526255804456,5.867658008355647,1087.6783639978385,10554.954061006983,15.170916263721162,0.0,100.0,110.0,190.0,190.0,200.0,200.0,210.0,290.0,1000.0,1100.0,1100.0
GET,viewCart,549,0,98.0,94.25595793215189,5.644026008667424,986.2816530076088,16707.998178506376,3.060945618810334,0.0,98.0,100.0,100.0,100.0,110.0,190.0,200.0,200.0,990.0,990.0,990.0
POST,addToCart,1881,0,110.0,133.9618318596858,7.697321998421103,1087.613217998296,16804.524720893143,10.487502202153438,0.0,110.0,180.0,190.0,190.0,200.0,200.0,210.0,300.0,1000.0,1100.0,1100.0
POST,checkout,383,3,100.0,113.2807320423209,8.134679999784566,608.0938910017721,6792.190600522194,2.1354137923576646,0.0167264787913133,100.0,100.0,110.0,180.0,190.0,190.0,200.0,200.0,610.0,610.0,610.0
POST,cartEmpty,939,0,190.0,158.7128591127809,8.038965010200627,1097.4676640034886,10511.8785942492,5.235387861681063,0.0,190.0,190.0,200.0,200.0,200.0,290.0,300.0,610.0,1100.0,1100.0,1100.0
GET,logout,448,0,110.0,148.014248888785,8.09488698723726,1093.6566770105856,10497.0,2.49782083283612,0.0,110.0,190.0,190.0,200.0,200.0,210.0,290.0,790.0,1100.0,1100.0,1100.0
GET,viewProduct,3871,3871,96.0,84.95954915342537,5.089771002531052,5.401473987149075,7995.6161750112415,21.582733133724595,0.0,95.77777777777777,98.33333333333333,99.88888888888889,100.0,101.11111111111111,134.44444444444446,191.11111111111111,286.6666666666667,898.8888888888889,898.8888888888889,898.8888888888889
POST,setCurrency,456,0,110.0,145.09607048711857,7.786434987792745,896.5178359940182,10511.38596491228,2.542424776279621,0.0,110.0,190.0,200.0,200.0,200.0,200.0,290.0,300.0,900.0,900.0,900.0
,Aggregated,11248,3,100.0,115.63389914287424,5.089771002531052,1097.4676640034886,10883.82272403983,62.713144481564,0.0167264787913133,100.0,110.0,110.0,190.0,200.0,200.0,210.0,290.0,1000.0,1100.0,1100.0
