Type,Name,Request Count,Failure Count,Median Response Time,Average Response Time,Min Response Time,Max Response Time,Average Content Size,Requests/s,Failures/s,50%,66%,75%,80%,90%,95%,98%,99%,99.9%,99.99%,100%
GET,home,3478,0,510.0,537.1830042381011,11.635183007456362,1506.510140025057,10554.109258194365,19.391121079654837,0.0,510.0,590.0,600.0,600.0,680.0,700.0,1000.0,1200.0,1500.0,1500.0,1500.0
GET,viewCart,701,0,300.0,317.0250437177416,98.54250799980946,1166.5873699821532,16717.79029957204,3.908331189430144,0.0,300.0,310.0,320.0,390.0,400.0,490.0,790.0,930.0,1200.0,1200.0,1200.0
POST,addToCart,2365,0,400.0,420.5979244306538,104.70636800164355,1397.6463680155575,16803.968710359408,13.185739319546776,0.0,400.0,410.0,490.0,490.0,500.0,600.0,990.0,1100.0,1200.0,1400.0,1400.0
POST,checkout,476,4,290.0,272.64188140323296,97.74739199201576,1176.6461780061943,6793.373949579832,2.6538739602977865,0.0223014618512419,290.0,300.0,300.0,300.0,390.0,400.0,510.0,810.0,1200.0,1200.0,1200.0
POST,cartEmpty,1157,0,600.0,621.4963730819619,293.9911979774479,1596.6968330030795,10511.47018150389,6.450697840471721,0.0,600.0,610.0,690.0,700.0,710.0,810.0,1100.0,1400.0,1500.0,1600.0,1600.0
GET,logout,568,0,600.0,602.6353970966585,294.3235519924201,1498.01509999088,10497.0,3.1668075828763502,0.0,600.0,610.0,680.0,690.0,790.0,910.0,1100.0,1100.0,1500.0,1500.0,1500.0
GET,viewProduct,4915,4915,290.0,279.44826282878756,15.09205502225086,98.6092289967928,7995.6344233623195,27.40292124971349,0.0,290.0,300.0,300.0,303.3333333333333,357.77777777777777,456.6666666666667,777.7777777777778,902.2222222222222,1144.4444444444443,1144.4444444444443,1144.4444444444443
POST,setCurrency,598,0,600.0,593.2522520642334,68.30035298480652,1500.7084149983712,10511.478260869566,3.334068546760665,0.0,600.0,610.0,690.0,690.0,710.0,800.0,1000.0,1200.0,1500.0,1500.0,1500.0
,Aggregated,14258,4,400.0,421.0883810610201,11.635183007456362,1596.6968330030795,10878.920465703464,79.49356076875176,0.0223014618512419,400.0,500.0,510.0,590.0,610.0,710.0,920.0,1100.0,1400.0,1500.0,1600.0
