Type,Name,Request Count,Failure Count,Median Response Time,Average Response Time,Min Response Time,Max Response Time,Average Content Size,Requests/s,Failures/s,50%,66%,75%,80%,90%,95%,98%,99%,99.9%,99.99%,100%
GET,home,3236,0,500.0,521.2218210156656,77.30483199702576,800.3427340008784,10549.65543881335,18.046858637275285,0.0,500.0,590.0,590.0,600.0,610.0,680.0,700.0,700.0,790.0,800.0,800.0
GET,viewCart,1200,0,300.0,313.9556417231506,100.59045598609372,588.8738019857556,16999.6975,6.692283796270193,0.0,300.0,310.0,390.0,390.0,400.0,410.0,490.0,500.0,510.0,590.0,590.0
POST,addToCart,2600,0,400.0,413.9730663780602,101.5846980153583,701.9474130065646,17003.26846153846,14.499948225252083,0.0,400.0,420.0,490.0,490.0,500.0,580.0,600.0,600.0,690.0,700.0,700.0
POST,checkout,593,1,290.0,267.4336386943655,102.60867499164306,505.8508269721642,6803.197301854974,3.307103575990187,0.0055769031635584,290.0,300.0,300.0,310.0,380.0,390.0,400.0,410.0,510.0,510.0,510.0
POST,cartEmpty,789,0,600.0,596.9167998885304,203.7332940089982,813.8946969993412,10511.11660329531,4.400176596047651,0.0,600.0,610.0,690.0,690.0,700.0,710.0,800.0,800.0,810.0,810.0,810.0
GET,logout,690,0,600.0,597.6741981529799,218.57443201588467,810.6196849839762,10497.0,3.84806318285536,0.0,600.0,610.0,690.0,690.0,700.0,710.0,790.0,800.0,810.0,810.0,810.0
GET,viewProduct,5032,5032,290.0,255.06132896414758,11.523394001415,100.39830699679442,7996.627119904286,28.06297671902634,0.0,273.3333333333333,297.77777777777777,300.0,300.0,308.8888888888889,381.1111111111111,400.0,404.44444444444446,483.3333333333333,483.3333333333333,483.3333333333333
POST,setCurrency,717,0,600.0,591.6053003946032,23.26293900841847,902.7780930045992,10511.504881450488,3.99863956827144,0.0,600.0,610.0,690.0,690.0,700.0,710.0,800.0,800.0,900.0,900.0,900.0
,Aggregated,14857,1,390.0,396.4129569346865,11.523394001415,902.7780930045992,11179.48899508649,82.85605030098854,0.0055769031635584,390.0,490.0,500.0,510.0,600.0,680.0,700.0,710.0,810.0,900.0,900.0
