Type,Name,Request Count,Failure Count,Median Response Time,Average Response Time,Min Response Time,Max Response Time,Average Content Size,Requests/s,Failures/s,50%,66%,75%,80%,90%,95%,98%,99%,99.9%,99.99%,100%
POST,addToCart,2493,0,400.0,440.06576957625185,103.2936479896307,1306.4839690050576,17003.93060569595,13.915628170892024,0.0,400,490,490,500,510,600,1000,1200,1300,1300,1300
POST,cartEmpty,759,0,600.0,621.9171039022049,298.98244299693033,1592.6946159743238,10511.032938076416,4.23664732519336,0.0,600,610,690,700,710,800,1200,1300,1600,1600,1600
POST,checkout,566,5,290.0,282.80772135526973,101.1415529937949,1187.6794710115064,6791.386925795053,3.1593443821600022,0.02790940266925797,290,300,300,300,390,400,800,1000,1200,1200,1200
GET,home,3114,0,510.0,533.3298653646042,22.032407025108114,1406.008498976007,10549.557161207451,17.381975982413863,0.0,510,590,600,600,610,690,910,1100,1300,1400,1400
GET,logout,663,0,600.0,607.9994640432051,225.8080070023425,1401.9170039973687,10497.0,3.7007867939436068,0.0,600,610,680,690,710,810,1200,1300,1400,1400,1400
POST,setCurrency,691,0,600.0,604.6672751296898,151.36983600677922,1501.7370819987264,10510.953690303908,3.8570794488914513,0.0,600,610,690,700,710,800,1000,1100,1500,1500,1500
GET,viewCart,1153,0,300.0,324.92104110482967,108.8904800126329,1017.6627070177346,16996.97918473547,6.4359082555308875,0.0,300,310,390,390,400,410,510,780,1000,1000,1000
GET,viewProduct,4830,0,290.0,273.69642569796173,14.481527003226802,1200.549449014943,7996.88281573499,26.960482978503197,0.0,290,300,300,300,310,400,800,900,1100,1200,1200
,Aggregated,14269,5,400.0,414.0089596144162,14.481527003226802,1592.6946159743238,11178.706286355035,79.64785333752839,0.02790940266925797,400,500,510,590,610,700,900,1100,1300,1500,1600
