Type,Name,Request Count,Failure Count,Median Response Time,Average Response Time,Min Response Time,Max Response Time,Average Content Size,Requests/s,Failures/s,50%,66%,75%,80%,90%,95%,98%,99%,99.9%,99.99%,100%
POST,addToCart,1554,0,310.0,329.18434020345535,19.491626997478306,1088.869290004368,16715.19111969112,8.670215494564173,0.0,310,390,390,400,400,480,500,510,1000,1100,1100
POST,cartEmpty,360,0,500.0,499.41087007791793,108.63545000029262,1203.8207079967833,10513.177777777777,2.008544130014866,0.0,500,510,590,600,600,690,700,990,1200,1200,1200
POST,checkout,193,0,200.0,230.5586178341598,13.333474998944439,891.0069039993687,6805.849740932643,1.07680282525797,0.0,200,280,290,290,300,310,390,810,890,890,890
GET,home,4506,0,410.0,435.34165095629106,10.90877899696352,1201.7762869945727,10535.202618730582,25.140277360686078,0.0,410,490,500,500,510,590,600,600,1100,1200,1200
GET,logout,882,0,500.0,501.7244950940619,96.45615400222596,1205.3034720011055,10499.0,4.920933118536422,0.0,500,510,590,590,600,690,700,710,1200,1200,1200
POST,setCurrency,901,0,500.0,496.0919659900413,20.263106998754665,1187.36576000083,10513.387347391787,5.026939614287207,0.0,500,510,590,590,600,610,690,700,1200,1200,1200
GET,viewCart,997,0,210.0,244.96788531579043,9.997528002713807,825.4353239972261,16604.452357071215,5.562551382291171,0.0,210,290,300,300,300,310,400,410,830,830,830
GET,viewProduct,5081,0,200.0,218.13606310859865,8.4943990004831,1002.1474989989656,7986.410352292855,28.34836867945982,0.0,200,210,280,290,300,300,390,530,910,1000,1000
,Aggregated,14474,0,310.0,341.2719258463361,8.4943990004831,1205.3034720011055,10668.203191930357,80.75463260509771,0.0,310,400,430,490,500,590,600,690,1100,1200,1200
