Type,Name,Request Count,Failure Count,Median Response Time,Average Response Time,Min Response Time,Max Response Time,Average Content Size,Requests/s,Failures/s,50%,66%,75%,80%,90%,95%,98%,99%,99.9%,99.99%,100%
GET,home,4376,0,500.0,468.5312366858819,6.457926996517927,1590.831472989521,10533.95680987203,24.40020126501813,0.0,500.0,500.0,510.0,590.0,600.0,610.0,700.0,710.0,1200.0,1600.0,1600.0
GET,viewCart,969,0,290.0,255.3911382459252,5.399084009695798,1106.0776819940656,16624.148606811144,5.40306102052161,0.0,290.0,300.0,300.0,300.0,310.0,390.0,400.0,400.0,1100.0,1100.0,1100.0
POST,addToCart,1546,0,390.0,346.9629878508189,7.522124011302367,1190.991302995826,16733.138421733507,8.620363609624778,0.0,390.0,400.0,400.0,400.0,490.0,500.0,500.0,590.0,1200.0,1200.0,1200.0
POST,checkout,200,1,210.0,229.07867237554456,9.052488007000647,400.2982639940456,6797.03,1.115182873172675,0.0055759143658633,210.0,290.0,290.0,300.0,300.0,390.0,400.0,400.0,400.0,400.0,400.0
POST,cartEmpty,371,0,590.0,537.6787682019476,9.622265002690256,1390.6673829915237,10512.439353099731,2.068664229735312,0.0,590.0,600.0,600.0,610.0,690.0,700.0,800.0,800.0,1400.0,1400.0,1400.0
GET,logout,847,0,510.0,528.7670484756245,7.71992900990881,1015.807768999366,10497.0,4.722799467886279,0.0,510.0,600.0,600.0,600.0,690.0,700.0,790.0,800.0,1000.0,1000.0,1000.0
GET,viewProduct,4974,4974,210.0,227.0131751918605,5.124603005242534,6.198209011927247,7984.838997540507,27.73459805580443,0.0,208.88888888888889,272.22222222222223,291.1111111111111,298.8888888888889,300.0,310.0,386.6666666666667,555.5555555555555,995.5555555555555,995.5555555555555,995.5555555555555
POST,setCurrency,875,0,510.0,523.9569381346561,8.012006990611553,1413.4424020012375,10511.721142857145,4.878925070130453,0.0,510.0,600.0,600.0,600.0,690.0,700.0,710.0,800.0,1400.0,1400.0,1400.0
,Aggregated,14158,1,310.0,361.26222132494,5.124603005242534,1590.831472989521,10675.30724678627,78.94379559189366,0.0055759143658633,310.0,470.0,500.0,500.0,600.0,610.0,700.0,710.0,1100.0,1400.0,1600.0
