Type,Name,Request Count,Failure Count,Median Response Time,Average Response Time,Min Response Time,Max Response Time,Average Content Size,Requests/s,Failures/s,50%,66%,75%,80%,90%,95%,98%,99%,99.9%,99.99%,100%
GET,home,4290,0,500.0,469.6168117791743,6.136067997431383,1406.0214169876415,10533.990675990675,23.906774585777296,0.0,500.0,500.0,510.0,590.0,600.0,610.0,710.0,900.0,1200.0,1400.0,1400.0
GET,viewCart,950,0,290.0,269.21471762329975,5.453344012494199,1103.9051829866366,16614.031578947368,5.294040992188446,0.0,290.0,300.0,300.0,310.0,390.0,400.0,500.0,590.0,1100.0,1100.0,1100.0
POST,addToCart,1518,0,380.0,356.857565723338,7.715785002801567,1306.9169289956335,16721.754940711464,8.459320238044274,0.0,390.0,400.0,400.0,410.0,490.0,500.0,810.0,910.0,1300.0,1300.0,1300.0
POST,checkout,197,1,210.0,261.8457363450251,9.65662499947939,1288.146596009028,6798.563451776649,1.0978169215380251,0.0055726747286194,210.0,290.0,300.0,300.0,390.0,400.0,880.0,1100.0,1300.0,1300.0,1300.0
POST,cartEmpty,366,0,590.0,547.5514254835243,8.444186998531222,1297.1921139978804,10510.857923497268,2.0395989506747063,0.0,590.0,600.0,600.0,610.0,700.0,710.0,900.0,1000.0,1300.0,1300.0,1300.0
GET,logout,832,0,590.0,537.9363158361125,7.693570005358197,1196.3823099940782,10497.0,4.636465374211355,0.0,590.0,600.0,600.0,610.0,700.0,710.0,900.0,1000.0,1200.0,1200.0,1200.0
GET,viewProduct,4875,4875,210.0,239.62664129923849,5.179334999411367,5.562442005611956,7985.514367629009,27.166789302019655,0.0,206.66666666666666,288.8888888888889,296.6666666666667,300.0,307.77777777777777,380.0,640.0,798.8888888888889,997.7777777777778,997.7777777777778,997.7777777777778
POST,setCurrency,852,0,580.0,537.0795043428261,8.136432996252552,1389.7602719953284,10511.99295774648,4.747918868783743,0.0,580.0,600.0,610.0,620.0,700.0,710.0,810.0,910.0,1400.0,1400.0,1400.0
,Aggregated,13880,1,310.0,370.16218349874976,5.179334999411367,1406.0214169876415,10674.493443804036,77.3487252332375,0.0055726747286194,310.0,490.0,500.0,510.0,600.0,650.0,710.0,900.0,1200.0,1400.0,1400.0
