Type,Name,Request Count,Failure Count,Median Response Time,Average Response Time,Min Response Time,Max Response Time,Average Content Size,Requests/s,Failures/s,50%,66%,75%,80%,90%,95%,98%,99%,99.9%,99.99%,100%
GET,home,4381,0,500.0,466.2306317147111,6.048522001947276,1303.3201810030732,10533.657612417255,24.41791018841765,0.0,500.0,500.0,510.0,590.0,600.0,610.0,700.0,890.0,1200.0,1300.0,1300.0
GET,viewCart,970,0,290.0,263.3533554599464,5.611699001747184,1105.2425200032303,16630.101030927835,5.406385045141548,0.0,290.0,300.0,300.0,300.0,390.0,400.0,410.0,600.0,1100.0,1100.0,1100.0
POST,addToCart,1553,0,380.0,345.63550337002835,7.685901000513695,1202.2581530036405,16737.938828074693,8.655789665056519,0.0,380.0,390.0,400.0,400.0,490.0,500.0,590.0,880.0,1200.0,1200.0,1200.0
POST,checkout,201,2,210.0,236.34053472626724,9.256303004804067,1003.0475310049952,6786.950248756219,1.1202921588386092,0.0111471856600856,210.0,290.0,290.0,300.0,310.0,380.0,410.0,800.0,1000.0,1000.0,1000.0
POST,cartEmpty,373,0,510.0,523.0331664077327,8.426937987678684,1201.880460997927,10509.758713136727,2.0789501256059766,0.0,510.0,600.0,600.0,600.0,690.0,700.0,800.0,890.0,1200.0,1200.0,1200.0
GET,logout,849,0,510.0,523.4394301375834,8.964877997641452,1313.716172997374,10497.0,4.731980312706365,0.0,510.0,600.0,600.0,600.0,690.0,700.0,790.0,810.0,1300.0,1300.0,1300.0
GET,viewProduct,4980,4980,200.0,227.3615363127333,5.195734003791586,5.669014994055033,7985.390499891671,27.756492293613302,0.0,203.33333333333334,277.77777777777777,290.0,300.0,300.0,310.0,398.8888888888889,671.1111111111111,986.6666666666666,986.6666666666666,986.6666666666666
POST,setCurrency,872,0,580.0,533.4828058716452,7.89879699004814,1208.7089010019554,10511.38990825688,4.860172947797349,0.0,580.0,600.0,610.0,680.0,700.0,710.0,800.0,1000.0,1200.0,1200.0,1200.0
,Aggregated,14179,2,310.0,361.0234199602296,5.195734003791586,1313.716172997374,10677.850342055151,79.02797273717732,0.0111471856600856,310.0,410.0,500.0,500.0,600.0,610.0,700.0,800.0,1200.0,1300.0,1300.0
