Type,Name,Request Count,Failure Count,Median Response Time,Average Response Time,Min Response Time,Max Response Time,Average Content Size,Requests/s,Failures/s,50%,66%,75%,80%,90%,95%,98%,99%,99.9%,99.99%,100%
POST,addToCart,1550,0,380.0,347.2232687032705,7.7725959999952465,1098.1555469988962,16724.37419354839,8.642375878298367,0.0,380,400,400,400,490,500,600,830,1100,1100,1100
POST,cartEmpty,370,0,590.0,531.5487521484839,8.768091000092681,1105.1400030046352,10512.0,2.0630187580454167,0.0,590,600,600,610,690,700,790,820,1100,1100,1100
POST,checkout,201,1,210.0,234.95508413422309,8.686880006280262,786.4461350036436,6799.044776119403,1.12072100099224,0.005575726373095721,210,290,300,300,310,390,400,490,790,790,790
GET,home,4376,0,500.0,467.10610980257593,6.428647000575438,1193.743768002605,10534.000685557587,24.399378608666872,0.0,500,500,510,590,600,610,700,800,1100,1200,1200
GET,logout,847,0,520.0,527.5837147969689,7.989010999153834,1306.5971530013485,10497.0,4.722640238012075,0.0,520,600,600,610,690,700,790,800,1300,1300,1300
POST,setCurrency,873,0,510.0,518.4822285303637,7.579228004033212,1102.7364839974325,10511.846506300115,4.8676091237125645,0.0,510,600,600,610,690,700,800,1000,1100,1100,1100
GET,viewCart,969,0,290.0,260.671423153617,5.787335998320486,898.8018839954748,16613.57894736842,5.402878855529753,0.0,290,300,300,300,310,390,410,630,900,900,900
GET,viewProduct,4970,0,210.0,228.2714074136815,5.235292002907954,998.8514619981288,7984.5967806841045,27.711360074285732,0.0,210,290,290,300,300,310,490,650,900,1000,1000
,Aggregated,14156,1,310.0,361.17189241409716,5.235292002907954,1306.5971530013485,10675.714891212207,78.92998253754303,0.005575726373095721,310,480,500,500,600,610,700,750,1100,1200,1300
