Type,Name,Request Count,Failure Count,Median Response Time,Average Response Time,Min Response Time,Max Response Time,Average Content Size,Requests/s,Failures/s,50%,66%,75%,80%,90%,95%,98%,99%,99.9%,99.99%,100%
POST,addToCart,2191,0,300.0,285.17818497763324,91.59497400014516,1192.7799079994656,16811.70287539936,12.221465434090831,0.0,300,300,300,310,390,400,410,720,1100,1200,1200
POST,cartEmpty,1071,0,400.0,400.47385952287624,95.95359400009329,1396.0587699993994,10513.968253968254,5.974070962990086,0.0,400,400,410,490,500,510,790,900,1200,1400,1400
POST,checkout,447,3,200.0,201.9344235212266,12.495639000007941,1098.4008470004483,6794.639821029083,2.493379757662529,0.016734092333305563,200,200,210,210,290,300,310,700,1100,1100,1100
GET,home,3112,0,310.0,336.68575994697585,11.095645000750665,1298.858606000067,10556.992287917737,17.35883178041564,0.0,310,390,390,400,400,480,500,720,1200,1300,1300
GET,logout,513,0,400.0,391.6442091130729,103.78374500032805,1213.0042550006692,10499.0,2.8615297889952513,0.0,400,400,410,410,500,500,590,790,1200,1200,1200
POST,setCurrency,533,0,400.0,387.79054592122566,37.680643999919994,1093.416874000468,10513.409005628519,2.973090404550622,0.0,400,400,410,490,500,510,600,700,1100,1100,1100
GET,viewCart,652,0,200.0,207.59361776684264,11.685907999890333,926.2849800006734,16729.230061349692,3.6368760671050757,0.0,200,200,210,210,290,300,310,660,930,930,930
GET,viewProduct,4467,0,190.0,185.84058025989003,7.886323000093398,1025.7246080000186,7996.768748600851,24.917063484291983,0.0,190,200,200,200,210,290,300,660,1000,1000,1000
,Aggregated,12986,3,290.0,274.5164354042746,7.886323000093398,1396.0587699993994,10904.368011704913,72.43630768010202,0.016734092333305563,290,300,310,390,400,490,510,700,1200,1300,1400
