Type,Name,Request Count,Failure Count,Median Response Time,Average Response Time,Min Response Time,Max Response Time,Average Content Size,Requests/s,Failures/s,50%,66%,75%,80%,90%,95%,98%,99%,99.9%,99.99%,100%
POST,addToCart,2383,0,490.0,470.8210424048784,103.58982800244121,1903.0404079967411,16798.768359211077,13.29131793993122,0.0,490,500,500,510,600,610,900,1000,1900,1900,1900
POST,cartEmpty,1164,0,710.0,741.2592683041042,298.97545400308445,2299.07114499656,10513.838487972509,6.492276156978574,0.0,710,790,800,810,900,910,1100,1400,2200,2300,2300
POST,checkout,480,6,290.0,293.09046119807743,95.03570399829186,1188.3831909945002,6786.383333333333,2.677227281228278,0.03346534101535347,290,300,310,320,400,410,590,790,1200,1200,1200
GET,home,3440,0,610.0,645.8070463663165,27.690230999724008,1510.762056997919,10556.812209302325,19.186795515469324,0.0,610,690,700,700,790,800,1000,1200,1500,1500,1500
GET,logout,554,0,700.0,703.3258983446816,309.64371700247284,1592.8424300000188,10498.990974729242,3.089966487084304,0.0,700,710,790,790,800,900,1000,1200,1600,1600,1600
POST,setCurrency,589,0,700.0,710.479526633013,27.444065002782736,1703.6136460010312,10513.3039049236,3.2851809763405324,0.0,700,790,800,800,890,900,1100,1200,1700,1700,1700
GET,viewCart,696,0,310.0,364.01612892234556,111.0680389974732,1189.8756230002618,16720.119252873563,3.881979557781003,0.0,310,390,400,400,490,500,730,1000,1200,1200,1200
GET,viewProduct,4908,0,300.0,303.51046001977505,12.101368003641255,1193.9359629977844,7996.859616951915,27.37464895055914,0.0,300,300,310,310,400,480,710,900,1100,1200,1200
,Aggregated,14214,6,490.0,485.30684857244944,12.101368003641255,2299.07114499656,10886.241592795835,79.27939286537237,0.03346534101535347,490,600,620,690,780,800,910,1100,1500,2200,2300
