{"s0": {"RES_TIME": 7.270398308533007, "CPU": 29.14606533018999, "MEM": 172.11629552979554}, "s1": {"RES_TIME": 7.733083040541638, "CPU": 13.378626953481675, "MEM": 194.15091337477975}, "s2": {"RES_TIME": 5.322491584186237, "CPU": 15.727370856750007, "MEM": 198.64604203366883}, "s3": {"RES_TIME": 1.6370173666908652, "CPU": 5.2511041445218245, "MEM": 66.82268594925942}, "s4": {"RES_TIME": 5.126138011164241, "CPU": 13.233767264033816, "MEM": 202.80780215890294}, "s5": {"RES_TIME": 2.4055292749346058, "CPU": 7.434057302062472, "MEM": 188.7948289001601}, "s6": {"RES_TIME": 2.4342711080999675, "CPU": 5.123181760381966, "MEM": 182.11227954008197}, "s7": {"RES_TIME": 5.248454202342037, "CPU": 6.699965411626721, "MEM": 184.5258242539421}, "s8": {"RES_TIME": 1.6896379962851007, "CPU": 4.44047606405064, "MEM": 67.04656897755758}, "s9": {"RES_TIME": 2.387686811933099, "CPU": 7.1156722915493775, "MEM": 184.24238691219273}}