Type,Name,Request Count,Failure Count,Median Response Time,Average Response Time,Min Response Time,Max Response Time,Average Content Size,Requests/s,Failures/s,50%,66%,75%,80%,90%,95%,98%,99%,99.9%,99.99%,100%
GET,home,4697,0,510.0,535.6277387680765,9.977412999433,1297.747819997312,10535.546731956569,26.18525479260482,0.0,510.0,590.0,600.0,600.0,610.0,690.0,700.0,710.0,1200.0,1300.0,1300.0
GET,viewCart,1036,0,300.0,286.46076710437046,8.712431997992098,495.9603390016128,16618.991312741313,5.775585259769767,0.0,300.0,300.0,310.0,310.0,390.0,400.0,410.0,410.0,490.0,500.0,500.0
POST,addToCart,1611,0,390.0,382.0387996095611,13.64313699741615,1095.3242399991725,16716.412166356302,8.981146576726925,0.0,390.0,400.0,410.0,420.0,490.0,500.0,580.0,590.0,1100.0,1100.0,1100.0
POST,checkout,200,0,210.0,250.7946274099595,14.803475998633076,995.2682729999652,6807.295,1.1149778493764029,0.0,220.0,290.0,300.0,300.0,310.0,390.0,400.0,410.0,1000.0,1000.0,1000.0
POST,cartEmpty,366,0,600.0,608.215899128213,96.47153999685544,1295.4069699990214,10512.58743169399,2.040409464358817,0.0,600.0,610.0,690.0,700.0,710.0,790.0,800.0,810.0,1300.0,1300.0,1300.0
GET,logout,910,0,600.0,606.8249456395753,101.77861100237352,1290.5212150071748,10499.0,5.073149214662633,0.0,600.0,610.0,690.0,700.0,700.0,790.0,800.0,800.0,1300.0,1300.0,1300.0
GET,viewProduct,5289,5289,210.0,248.7088723600142,7.617155002662912,101.36287000204902,7985.54716231527,29.485589226758975,0.0,227.77777777777777,294.44444444444446,300.0,300.0,310.0,337.77777777777777,400.0,405.55555555555554,647.7777777777778,647.7777777777778,647.7777777777778
POST,setCurrency,938,0,600.0,584.800165260018,20.902737000142224,1208.1114789980347,10514.170575692964,5.229246113575329,0.0,600.0,610.0,620.0,690.0,700.0,710.0,800.0,800.0,1200.0,1200.0,1200.0
,Aggregated,15047,0,400.0,406.53012278640034,7.617155002662912,1297.747819997312,10666.123612680269,83.88535849783366,0.0,400.0,500.0,570.0,590.0,600.0,690.0,700.0,780.0,1100.0,1300.0,1300.0
