Type,Name,Request Count,Failure Count,Median Response Time,Average Response Time,Min Response Time,Max Response Time,Average Content Size,Requests/s,Failures/s,25%,50%,75%,80%,90%,95%,98%,99%,99.9%,99.99%,100%
POST,admin_create_user,17,17,1700.0,1558.9666550590396,605.5698369964375,2505.900964002649,143.0,0.09486843573270692,0.09486843573270692,910,1700,1900,2000,2500,2500,2500,2500,2500,2500,2500
POST,admin_login,17,0,1100.0,1078.1346705296207,352.2002519966918,1943.037581993849,341.0,0.09486843573270692,0.0,540,1100,1400,1400,1800,1900,1900,1900,1900,1900,1900
POST,get_trip_information,2007,0,29,50.042171395005525,16.53615500254091,1195.5210649975925,635.3512705530643,11.20005591267899,0.0,21,29,38,40,87,140,270,400,1100,1200,1200
GET,home,1004,0,1,1.1389579461706942,0.5510730043170042,12.819711002521217,18119.0,5.60281820444928,0.0,1,1,1,1,1,2,2,5,12,13,13
POST,login,1505,0,990.0,980.2547562085224,408.41150599590037,1998.793992002902,64.0,8.398646810454348,0.0,800,990,1100,1200,1300,1400,1500,1600,2000,2000,2000
,Aggregated,4550,17,33,356.41588624100416,0.5510730043170042,2505.900964002649,4301.3569230769235,25.39125779904803,0.09486843573270692,19,33,810,900,1100,1200,1400,1500,2000,2500,2500
