Type,Name,Request Count,Failure Count,Median Response Time,Average Response Time,Min Response Time,Max Response Time,Average Content Size,Requests/s,Failures/s,25%,50%,75%,80%,90%,95%,98%,99%,99.9%,99.99%,100%
POST,admin_create_user,17,17,1500.0,1492.4584887665012,694.8960190056823,2305.9969950045343,143.0,0.09489397363188513,0.09489397363188513,1100,1500,2000,2100,2200,2300,2300,2300,2300,2300,2300
POST,admin_login,17,0,1300.0,1270.2306478227804,456.6303940009675,2244.0934580008616,341.0,0.09489397363188513,0.0,550,1300,1600,1900,2200,2200,2200,2200,2200,2200,2200
POST,get_trip_information,2024,0,29,40.086847988201946,16.457980003906414,722.1581829944625,635.5,11.297964860643265,0.0,21,29,37,40,72,110,180,230,650,720,720
GET,home,1012,0,1,1.1496904456147992,0.567478004086297,14.476611002464779,18119.0,5.648982430321633,0.0,1,1,1,1,1,2,2,5,14,14,14
POST,login,1450,0,1000.0,1054.0219431214832,492.3363900015829,1991.2248269974953,64.0,8.093897750954909,0.0,900,1000,1200,1300,1400,1500,1600,1700,2000,2000,2000
,Aggregated,4520,17,32,366.72495573169346,0.567478004086297,2305.9969950045343,4363.65221238938,25.230632989183576,0.09489397363188513,19,32,900,1000,1200,1300,1500,1600,2100,2300,2300
