Type,Name,Request Count,Failure Count,Median Response Time,Average Response Time,Min Response Time,Max Response Time,Average Content Size,Requests/s,Failures/s,50%,66%,75%,80%,90%,95%,98%,99%,99.9%,99.99%,100%
POST,addToCart,2417,0,500.0,481.4393912149979,7.722189009655267,1999.712749995524,16991.117914770377,13.479299904477125,0.0,500,510,590,600,610,700,790,900,1900,2000,2000
POST,cartEmpty,741,0,720.0,716.3671596292639,8.414045005338266,2206.37093501864,10513.734143049933,4.132462237988229,0.0,720,800,810,890,910,990,1100,1500,2200,2200,2200
POST,checkout,551,2,300.0,304.9533371886487,8.427613007370383,1998.6032849992625,6800.791288566244,3.0728565359399655,0.011153744232086989,300,310,380,390,400,500,790,820,2000,2000,2000
GET,home,3024,0,690.0,641.3748391326518,6.558444001711905,1502.0413690072019,10551.986772486773,16.864461278915527,0.0,690,700,780,790,810,900,1000,1100,1400,1500,1500
GET,logout,637,0,710.0,707.0678421408118,8.645438007079065,1294.2152259929571,10499.0,3.5524675379197057,0.0,710,800,800,810,900,910,1000,1000,1300,1300,1300
POST,setCurrency,676,0,720.0,724.0868570264887,8.700845995917916,1409.0507609944325,10513.684911242604,3.769965550445402,0.0,720,800,890,900,910,1000,1200,1300,1400,1400,1400
GET,viewCart,1108,0,390.0,379.17401954260697,6.079388986108825,1113.4163490205538,16978.819494584837,6.1791743045761915,0.0,390,410,480,490,500,590,690,880,1100,1100,1100
GET,viewProduct,4699,0,300.0,299.3242893652095,5.042237986344844,1102.7633030025754,7996.813364545648,26.20572207328838,0.0,300,310,390,390,410,490,510,800,1100,1100,1100
,Aggregated,13853,2,410.0,474.16072015837506,5.042237986344844,2206.37093501864,11167.207464087202,77.25640942355052,0.011153744232086989,410,590,690,700,800,890,910,1000,1500,2100,2200
