Type,Name,Request Count,Failure Count,Median Response Time,Average Response Time,Min Response Time,Max Response Time,Average Content Size,Requests/s,Failures/s,50%,66%,75%,80%,90%,95%,98%,99%,99.9%,99.99%,100%
POST,addToCart,1915,0,110.0,131.06344959376577,9.895135997794569,889.5666239986895,16790.32323759791,10.683416056190442,0.0,110,110,190,190,200,200,200,210,860,890,890
POST,cartEmpty,960,0,190.0,158.10884483547247,10.362510998675134,954.0473570014001,10512.354166666666,5.355655046445339,0.0,190,190,200,200,200,210,290,290,950,950,950
POST,checkout,390,3,100.0,109.82405029730543,10.143540996068623,210.14445900073042,6792.966666666666,2.175734862618419,0.016736422020141684,100,100,100,110,190,190,200,200,210,210,210
GET,home,2759,0,100.0,129.72943913435705,8.11564399919007,946.9058960021357,10555.799202609642,15.391929451190302,0.0,100,110,190,190,200,200,200,290,860,950,950
GET,logout,457,0,120.0,149.3078632624541,11.348170999553986,303.331351999077,10497.0,2.5495149544015834,0.0,120,190,200,200,200,210,280,290,300,300,300
POST,setCurrency,460,0,190.0,157.39390240474756,12.464642997656483,948.3389260058175,10512.623913043479,2.566251376421725,0.0,190,190,200,200,200,210,290,300,950,950,950
GET,viewCart,563,0,98,92.14854967849112,8.098386999336071,858.1849450056325,16698.342806394317,3.1408685324465893,0.0,98,100,100,100,110,190,190,200,860,860,860
GET,viewProduct,3929,0,96,85.4357088926063,6.186270002217498,859.4497529993532,7994.977093407992,21.91913403904556,0.0,96,99,100,100,100,110,190,190,770,860,860
,Aggregated,11433,3,100,116.48012958339214,6.186270002217498,954.0473570014001,10886.416863465407,63.78250431875996,0.016736422020141684,100,110,110,190,200,200,200,210,840,950,950
