Type,Name,Request Count,Failure Count,Median Response Time,Average Response Time,Min Response Time,Max Response Time,Average Content Size,Requests/s,Failures/s,50%,66%,75%,80%,90%,95%,98%,99%,99.9%,99.99%,100%
POST,addToCart,1867,0,110.0,136.75680788483547,8.19334700008767,1011.9812989996717,16798.969469737545,10.414012446499186,0.0,110,180,190,190,200,200,210,600,900,1000,1000
POST,cartEmpty,931,0,190.0,163.97066508162547,9.60937899981218,915.3168019993245,10513.236305048335,5.193061375303022,0.0,190,200,200,200,200,210,300,300,920,920,920
POST,checkout,379,3,100.0,113.17410526122825,8.613731999503216,726.192579999406,6794.572559366755,2.114038948700156,0.01673381753588514,100,100,110,180,190,190,200,200,730,730,730
GET,home,2693,0,110.0,135.53708364239856,7.628891999956977,903.7008479999713,10557.010397326401,15.021390208046228,0.0,110,190,190,190,200,200,290,530,830,900,900
GET,logout,443,0,110.0,148.85009170430413,11.32446900010109,1027.2649290000118,10499.0,2.4710270561323724,0.0,110,190,200,200,200,210,300,530,1000,1000,1000
POST,setCurrency,452,0,190.0,156.72032423229425,10.504582999601553,824.8746649996974,10513.714601769912,2.5212285087400277,0.0,190,190,200,200,200,210,290,300,820,820,820
GET,viewCart,548,0,98,95.67557185767951,6.547908000356983,718.9167730002737,16714.421532846714,3.056710669888352,0.0,98,100,100,100,110,190,200,200,720,720,720
GET,viewProduct,3836,0,96,88.32070471166952,5.814602000100422,889.3899639997471,7996.213764337852,21.396974689218467,0.0,96,98,100,100,100,170,190,200,890,890,890
,Aggregated,11149,3,100.0,120.53839945151547,5.814602000100422,1027.2649290000118,10888.232666606871,62.18844390252781,0.01673381753588514,100,110,180,190,200,200,210,340,880,1000,1000
