Type,Name,Request Count,Failure Count,Median Response Time,Average Response Time,Min Response Time,Max Response Time,Average Content Size,Requests/s,Failures/s,50%,66%,75%,80%,90%,95%,98%,99%,99.9%,99.99%,100%
GET,home,3109,0,90.0,70.10955997548675,5.934566986979917,1005.2830709901172,10534.414602766165,17.327088230200218,0.0,90.0,95.0,97.0,99.0,100.0,110.0,190.0,250.0,940.0,1000.0,1000.0
GET,viewCart,685,0,12.0,52.34623269163527,5.445955001050606,1017.711733991746,16603.950364963504,3.817644077737906,0.0,12.0,90.0,93.0,94.0,96.0,99.0,100.0,190.0,1000.0,1000.0,1000.0
POST,addToCart,1104,0,92.0,70.69158300525842,7.421955000609159,1059.305217990186,16714.231884057972,6.152816148646202,0.0,92.0,96.0,98.0,99.0,100.0,100.0,110.0,190.0,1000.0,1100.0,1100.0
POST,checkout,143,1,80.0,64.67018142534694,5.167427996639162,974.8663379868958,6796.167832167832,0.7969680337467453,0.005573203033194,80.0,93.0,95.0,97.0,98.0,100.0,200.0,200.0,970.0,970.0,970.0
POST,cartEmpty,275,0,94.0,85.50084601812573,7.856306998291984,1026.6693450103048,10512.370909090909,1.5326308341283563,0.0,94.0,98.0,100.0,100.0,110.0,190.0,200.0,950.0,1000.0,1000.0,1000.0
GET,logout,609,0,95.0,83.07884115703199,7.627027021953836,944.2837749957108,10497.0,3.39408064721516,0.0,95.0,99.0,100.0,100.0,110.0,190.0,200.0,200.0,940.0,940.0,940.0
GET,viewProduct,3536,3536,13.0,51.154597104056684,5.036964023020119,5.243714986136183,7985.264624782566,19.706845925374065,0.0,34.77777777777778,88.77777777777777,91.22222222222223,92.55555555555556,95.11111111111111,97.33333333333333,99.66666666666667,102.22222222222223,791.1111111111111,791.1111111111111,791.1111111111111
POST,setCurrency,612,0,92.0,83.41344947671043,7.419614994432777,1041.0012229986023,10511.949346405228,3.410800256314742,0.0,92.0,97.0,100.0,100.0,110.0,190.0,200.0,200.0,1000.0,1000.0,1000.0
,Aggregated,10073,1,86.0,64.26241545516454,5.036964023020119,1059.305217990186,10672.387173632484,56.1388741533634,0.005573203033194,86.0,93.0,95.0,97.0,100.0,100.0,190.0,200.0,1000.0,1100.0,1100.0
