Type,Name,Request Count,Failure Count,Median Response Time,Average Response Time,Min Response Time,Max Response Time,Average Content Size,Requests/s,Failures/s,50%,66%,75%,80%,90%,95%,98%,99%,99.9%,99.99%,100%
GET,home,2854,0,190.0,175.55238574836434,7.248196023283526,1095.9528769890312,10554.934828311145,15.915559138312735,0.0,190.0,200.0,200.0,200.0,210.0,290.0,300.0,300.0,1000.0,1100.0,1100.0
GET,viewCart,604,0,100.0,119.60192251775494,7.006947009358555,1027.450169000076,16738.331125827815,3.3682542815490164,0.0,100.0,110.0,110.0,190.0,190.0,200.0,200.0,200.0,1000.0,1000.0,1000.0
POST,addToCart,2036,0,190.0,169.3190023784789,9.076357004232705,1039.8440590070095,16808.381139489193,11.353916750387082,0.0,190.0,200.0,200.0,200.0,200.0,280.0,290.0,300.0,940.0,1000.0,1000.0
POST,checkout,421,3,110.0,142.15865741505158,11.258521000854673,834.3481319898274,6792.429928741092,2.3477401531989006,0.0167297398090182,110.0,190.0,190.0,190.0,200.0,200.0,200.0,210.0,830.0,830.0,830.0
POST,cartEmpty,1005,0,200.0,214.91266802391755,9.863660001428798,1104.8551469866652,10510.57313432836,5.604462836021129,0.0,200.0,210.0,290.0,290.0,300.0,300.0,310.0,380.0,1100.0,1100.0,1100.0
GET,logout,476,0,200.0,197.1760785750465,13.845303998095916,1103.8532130187375,10497.0,2.654452049697569,0.0,200.0,200.0,210.0,210.0,290.0,300.0,300.0,310.0,1100.0,1100.0,1100.0
GET,viewProduct,4122,4122,100.0,112.35880689071026,6.354512996040285,9.95700599742122,7996.016869425381,22.986662497591137,0.0,100.0,100.0,110.0,110.0,190.0,190.0,200.0,270.0,754.4444444444445,754.4444444444445,754.4444444444445
POST,setCurrency,484,0,200.0,208.7644339267435,11.828627000795676,1106.3815249945037,10511.04958677686,2.699064689188285,0.0,200.0,210.0,220.0,290.0,290.0,300.0,310.0,390.0,1100.0,1100.0,1100.0
,Aggregated,12002,3,110.0,154.2756554225204,6.354512996040285,1106.3815249945037,10908.454090984837,66.93011239594586,0.0167297398090182,110.0,190.0,200.0,200.0,210.0,290.0,300.0,300.0,1000.0,1100.0,1100.0
