Type,Name,Request Count,Failure Count,Median Response Time,Average Response Time,Min Response Time,Max Response Time,Average Content Size,Requests/s,Failures/s,50%,66%,75%,80%,90%,95%,98%,99%,99.9%,99.99%,100%
POST,addToCart,2016,0,190.0,174.55038325395088,9.948890990926884,1183.4124349988997,16810.56994047619,11.245136929167476,0.0,190,200,200,200,210,290,300,300,1100,1200,1200
POST,cartEmpty,988,0,200.0,216.50995607499934,9.477258994593285,1114.4204900047043,10512.0,5.511009566476918,0.0,200,210,290,290,300,300,310,390,1100,1100,1100
POST,checkout,416,0,110.0,142.58560493772166,10.717968994867988,719.6073670056649,6806.471153846154,2.32042508062186,0.0,110,190,190,190,200,200,200,290,720,720,720
GET,home,2819,0,190.0,177.19980871987235,8.024065988138318,1095.7481789955636,10555.929052855623,15.724226688156307,0.0,190,200,200,200,210,290,300,300,900,1100,1100
GET,logout,468,0,200.0,196.82580435028675,13.643598009366542,1088.3155379997334,10497.0,2.610478215699593,0.0,200,200,210,210,290,300,300,310,1100,1100,1100
POST,setCurrency,478,0,200.0,198.76296843527393,12.523801997303963,1013.748711993685,10512.05230125523,2.6662576647530027,0.0,200,210,210,210,290,300,300,350,1000,1000,1000
GET,viewCart,600,0,100.0,119.19844022115285,7.879557000705972,994.6002009965014,16732.975,3.346766943204606,0.0,100,110,190,190,190,200,200,200,990,990,990
GET,viewProduct,4076,0,100.0,116.28265782224047,5.6828409869922325,1097.3053900088416,7995.5360647693815,22.735703434169956,0.0,100,100,110,180,190,200,200,290,1000,1100,1100
,Aggregated,11861,0,180.0,156.58524866719597,5.6828409869922325,1183.4124349988997,10912.365567827334,66.16000452224972,0.0,180,190,200,200,210,290,300,310,1100,1100,1200
