Type,Name,Request Count,Failure Count,Median Response Time,Average Response Time,Min Response Time,Max Response Time,Average Content Size,Requests/s,Failures/s,50%,66%,75%,80%,90%,95%,98%,99%,99.9%,99.99%,100%
POST,addToCart,1847,0,100.0,120.6889487781513,7.714164996286854,1090.0357749997056,16985.66269626421,10.299368078404056,0.0,100,110,150,190,190,200,200,200,1100,1100,1100
POST,cartEmpty,603,0,110.0,144.54570710770278,7.89917100337334,1101.7811389974668,10514.467661691542,3.36248995737826,0.0,110,190,190,200,200,200,280,860,1100,1100,1100
POST,checkout,420,1,97,99.28300076677434,7.955096996738575,907.4530129946652,6801.742857142857,2.342032806134111,0.005576268586033598,97,100,100,100,110,190,190,200,910,910,910
GET,home,2325,0,100,119.6471030609676,6.082095998863224,1094.3312110030092,10553.476989247312,12.964824462528117,0.0,100,110,110,190,190,200,290,710,1100,1100,1100
GET,logout,491,0,110.0,125.31178816896615,8.211196000047494,873.215829997207,10499.0,2.737947875742497,0.0,110,110,190,190,200,200,200,280,870,870,870
POST,setCurrency,496,0,110.0,130.36632051015687,7.582265003293287,707.1800400008215,10514.834677419354,2.765829218672665,0.0,110,190,190,190,200,200,210,290,710,710,710
GET,viewCart,823,0,97,91.7908602699188,5.4863749974174425,1085.542565000651,16982.956257594167,4.589269046305652,0.0,97,99,100,100,110,190,190,200,1100,1100,1100
GET,viewProduct,3586,0,94,81.55530344815732,5.140825000125915,1075.274710994563,7997.411042944786,19.996499149516485,0.0,94,97,98,99,100,100,190,600,1000,1100,1100
,Aggregated,10591,1,99,106.14133734767417,5.140825000125915,1101.7811389974668,11154.033141346426,59.05826059468184,0.005576268586033598,99,100,110,110,190,200,200,500,1100,1100,1100
