Type,Name,Request Count,Failure Count,Median Response Time,Average Response Time,Min Response Time,Max Response Time,Average Content Size,Requests/s,Failures/s,50%,66%,75%,80%,90%,95%,98%,99%,99.9%,99.99%,100%
POST,addToCart,1889,0,100.0,120.57818172589376,8.101216997602023,1090.0020379995112,16978.677607199577,10.536975460094004,0.0,100,110,110,190,190,200,200,290,1100,1100,1100
POST,cartEmpty,614,0,110.0,130.94159272154403,8.442769998509903,987.6190979994135,10514.07654723127,3.4249353798293907,0.0,110,120,190,190,200,200,210,290,990,990,990
POST,checkout,430,5,98,110.32110663287567,6.044171997928061,1087.9684570027166,6788.341860465116,2.398570380010811,0.02789035325593966,98,100,100,110,190,190,200,910,1100,1100,1100
GET,home,2367,0,100.0,113.93059926108461,6.47140799992485,1108.28259500704,10552.937051119561,13.203293231361837,0.0,100,100,110,180,190,200,200,300,1100,1100,1100
GET,logout,501,0,110.0,128.4772610258465,8.094561999314465,1093.8356359984027,10499.0,2.794613396245154,0.0,110,110,190,190,200,200,210,290,1100,1100,1100
POST,setCurrency,507,0,110.0,136.65938285222546,8.162355006788857,1116.2481720020878,10513.998027613412,2.8280818201522817,0.0,110,190,190,190,200,200,210,290,1100,1100,1100
GET,viewCart,843,0,96,83.6626660405414,5.5578960018465295,200.9732329970575,16962.14827995255,4.702313558951427,0.0,96,99,100,100,100,190,190,190,200,200,200
GET,viewProduct,3659,0,94,77.07666331674439,5.232561001321301,1076.424409999163,7997.201421153321,20.410160512696645,0.0,94,96,98,99,100,100,190,190,990,1100,1100
,Aggregated,10810,5,98,102.82022950439732,5.232561001321301,1116.2481720020878,11154.264662349677,60.298943739341546,0.02789035325593966,98,100,100,110,190,200,200,210,1100,1100,1100
