Type,Name,Request Count,Failure Count,Median Response Time,Average Response Time,Min Response Time,Max Response Time,Average Content Size,Requests/s,Failures/s,50%,66%,75%,80%,90%,95%,98%,99%,99.9%,99.99%,100%
POST,addToCart,1262,0,200.0,203.32724423683783,11.31676299701212,1144.4584139971994,16702.47147385103,7.03920453812523,0.0,200,200,210,210,290,300,710,910,1100,1100,1100
POST,cartEmpty,319,0,290.0,265.77335031374486,93.83627300121589,1207.6869490047102,10514.034482758621,1.7793234926005932,0.0,290,300,300,300,390,400,500,800,1200,1200,1200
POST,checkout,155,2,190.0,174.2783090321257,12.322359994868748,1094.2331539990846,6785.1032258064515,0.8645615716397866,0.01115563318244886,190,190,200,200,200,200,820,1100,1100,1100,1100
GET,home,3667,0,210.0,238.56787172977377,10.549726001045201,1191.8409800055088,10536.103081538042,20.453853440019984,0.0,210,290,290,290,300,320,700,910,1100,1200,1200
GET,logout,710,0,290.0,269.847117553479,14.685743997688405,1114.1803999998956,10499.0,3.9602497797693452,0.0,290,300,300,300,390,400,700,890,1100,1100,1100
POST,setCurrency,717,0,290.0,282.78839362616685,12.21417699707672,1302.3976430049515,10513.931659693166,3.999294495907916,0.0,290,300,300,300,390,400,810,1100,1300,1300,1300
GET,viewCart,786,0,110.0,144.48272002676023,8.925214999180753,1065.4308020020835,16589.631043257,4.384163840702402,0.0,110,190,190,190,200,200,210,300,1100,1100,1100
GET,viewProduct,4131,0,100.0,137.03968561126155,7.383133000985254,1055.8462819972192,7985.841926894214,23.04196033834812,0.0,100,110,190,190,200,200,290,760,1000,1100,1100
,Aggregated,11747,2,190.0,197.26290077501787,7.383133000985254,1302.3976430049515,10653.087511705116,65.52261149711337,0.01115563318244886,190,200,210,290,300,310,520,890,1100,1300,1300
