Type,Name,Request Count,Failure Count,Median Response Time,Average Response Time,Min Response Time,Max Response Time,Average Content Size,Requests/s,Failures/s,50%,66%,75%,80%,90%,95%,98%,99%,99.9%,99.99%,100%
GET,home,3081,0,590.0,551.6945054772067,6.447909006965347,1498.8187290000496,10550.1158714703,17.172104488639985,0.0,590.0,600.0,610.0,690.0,700.0,780.0,910.0,1200.0,1500.0,1500.0,1500.0
GET,viewCart,1144,0,310.0,345.4906286634895,5.4729830008000135,1190.9081079938917,16994.30769230769,6.376140063292484,0.0,310.0,390.0,400.0,400.0,490.0,570.0,900.0,990.0,1100.0,1200.0,1200.0
POST,addToCart,2503,0,410.0,441.37559585566765,7.506720008677803,1408.2140609971248,17003.63284059129,13.950593162955494,0.0,410.0,490.0,500.0,510.0,590.0,610.0,990.0,1200.0,1400.0,1400.0,1400.0
POST,checkout,568,2,290.0,273.83577091006345,8.544771000742912,1197.2219470044363,6798.577464788732,3.165775835620744,0.011147098012749,290.0,300.0,310.0,310.0,390.0,400.0,500.0,800.0,1200.0,1200.0,1200.0
POST,cartEmpty,766,0,690.0,644.3227728057765,8.50076500501018,1614.2866900045192,10511.204960835508,4.269338538882904,0.0,690.0,700.0,710.0,790.0,800.0,900.0,1300.0,1400.0,1600.0,1600.0,1600.0
GET,logout,653,0,610.0,621.2258471163015,7.740072003798559,1403.369613995892,10497.0,3.63952750116258,0.0,610.0,700.0,710.0,710.0,800.0,810.0,1000.0,1300.0,1400.0,1400.0,1400.0
GET,viewProduct,4827,4827,290.0,277.7752404919665,5.104964002384804,5.529041998670436,7996.713682160684,26.903521053769943,0.0,291.1111111111111,300.0,304.44444444444446,310.0,385.55555555555554,404.44444444444446,675.5555555555555,904.4444444444445,1055.5555555555557,1055.5555555555557,1055.5555555555557
POST,setCurrency,687,0,610.0,618.498927951797,7.48478299647104,1502.380114994594,10511.589519650655,3.829028167379315,0.0,610.0,700.0,700.0,710.0,800.0,890.0,1100.0,1200.0,1500.0,1500.0,1500.0
,Aggregated,14229,2,400.0,423.1631599486411,5.104964002384804,1614.2866900045192,11180.966617471362,79.30602881170346,0.011147098012749,400.0,500.0,590.0,600.0,700.0,790.0,900.0,1100.0,1400.0,1500.0,1600.0
