Type,Name,Request Count,Failure Count,Median Response Time,Average Response Time,Min Response Time,Max Response Time,Average Content Size,Requests/s,Failures/s,50%,66%,75%,80%,90%,95%,98%,99%,99.9%,99.99%,100%
POST,addToCart,2527,0,410.0,432.2985037411664,7.749063996016048,1399.4024290004745,16995.852789869412,14.087996793047983,0.0,410,490,500,510,590,600,690,790,1300,1400,1400
POST,cartEmpty,778,0,690.0,635.6419589730957,7.831386996258516,1807.6285669958452,10511.614395886889,4.337341315786043,0.0,690,700,710,720,800,820,900,1200,1800,1800,1800
POST,checkout,579,4,290.0,277.45514788082,8.301109002786689,1205.9077320009237,6793.903281519862,3.227918537069562,0.022299955351085057,290,300,300,310,400,410,500,800,1200,1200,1200
GET,home,3114,0,590.0,554.1200444454191,6.34763600100996,1605.3384140031994,10550.377007064868,17.360515240819716,0.0,590,600,610,690,700,710,810,990,1400,1600,1600
GET,logout,660,0,680.0,624.98486553463,8.450206005363725,1599.2528949936968,10497.0,3.6794926329290343,0.0,680,700,710,710,800,810,900,910,1600,1600,1600
POST,setCurrency,697,0,680.0,624.1160528437651,7.721091998973861,1684.928629998467,10512.060258249641,3.885767219926571,0.0,680,700,710,710,800,810,1000,1000,1700,1700,1700
GET,viewCart,1159,0,310.0,332.42310998365616,5.777926999144256,1206.2219910003478,16998.202761000863,6.461412062976895,0.0,310,390,400,400,420,490,500,590,1200,1200,1200
GET,viewProduct,4880,0,290.0,268.59780473265096,5.120462003105786,1184.9072340046405,7996.798975409836,27.205945528323767,0.0,290,300,300,310,390,400,410,600,1100,1200,1200
,Aggregated,14394,4,400.0,417.9976854045018,5.120462003105786,1807.6285669958452,11177.874253161039,80.24638933087957,0.022299955351085057,400,500,590,600,700,710,800,900,1400,1700,1800
