{"RES_TIME": {"precision": 0.09090909090909091, "recall": 0.3333333333333333, "mhd_pos": 9.333333333333334, "mhd_false": 4.766666666666667, "true_positive": 1, "true_negative": 0, "false_positive": 10, "false_negative": 2}, "CPU": {"precision": 0.6923076923076923, "recall": 1, "mhd_pos": 0.0, "mhd_false": 3.666666666666667, "true_positive": 9, "true_negative": 0, "false_positive": 4, "false_negative": 0}, "MEM": {"precision": 0.3076923076923077, "recall": 1, "mhd_pos": 1.0, "mhd_false": 0.4444444444444444, "true_positive": 4, "true_negative": 0, "false_positive": 9, "false_negative": 0}}