Type,Name,Request Count,Failure Count,Median Response Time,Average Response Time,Min Response Time,Max Response Time,Average Content Size,Requests/s,Failures/s,50%,66%,75%,80%,90%,95%,98%,99%,99.9%,99.99%,100%
GET,home,2561,0,96.0,89.31330711497763,6.156299990834668,1097.2858000022825,10554.778602108552,14.276678570920286,0.0,96.0,99.0,100.0,100.0,110.0,190.0,200.0,370.0,1000.0,1100.0,1100.0
GET,viewCart,481,0,91.0,72.66998559291224,5.4860100208316,991.2183850246948,16649.964656964657,2.681406635147465,0.0,91.0,94.0,96.0,97.0,100.0,100.0,190.0,610.0,990.0,990.0,990.0
POST,addToCart,1694,0,97.0,88.72797036334023,7.3592909902799875,1094.9229910038412,16777.43093270366,9.443457047691902,0.0,97.0,100.0,100.0,100.0,110.0,190.0,190.0,190.0,850.0,1100.0,1100.0
POST,checkout,335,2,94.0,79.59453281277527,8.032518991967663,839.3974580103531,6796.188059701492,1.8675077396557187,0.011149299938243,94.0,96.0,97.0,99.0,100.0,110.0,190.0,190.0,840.0,840.0,840.0
POST,cartEmpty,870,0,100.0,104.50837836124474,7.901103002950549,1098.2140220003205,10512.624137931034,4.849945473135747,0.0,100.0,100.0,110.0,110.0,190.0,190.0,200.0,200.0,1100.0,1100.0,1100.0
GET,logout,414,0,99.0,105.36224258867328,7.709500991040841,1090.2314150007442,10497.0,2.307905087216321,0.0,99.0,100.0,110.0,110.0,190.0,200.0,210.0,810.0,1100.0,1100.0,1100.0
GET,viewProduct,3568,3568,88.0,61.56500798411108,5.004411010304466,5.475081998156384,7994.5684858725035,19.890351089825685,0.0,86.77777777777777,92.44444444444444,94.11111111111111,95.11111111111111,97.44444444444444,99.66666666666667,101.11111111111111,313.3333333333333,841.1111111111111,841.1111111111111,841.1111111111111
POST,setCurrency,420,0,99.0,103.4388331189153,7.063098018988967,1100.7561040169094,10511.9,2.3413529870310503,0.0,99.0,100.0,100.0,110.0,190.0,190.0,200.0,200.0,1100.0,1100.0,1100.0
,Aggregated,10343,2,94.0,81.05163801377425,5.004411010304466,1100.7561040169094,10844.914531567243,57.658604630624176,0.011149299938243,94.0,97.0,100.0,100.0,110.0,190.0,190.0,200.0,1000.0,1100.0,1100.0
