Type,Name,Request Count,Failure Count,Median Response Time,Average Response Time,Min Response Time,Max Response Time,Average Content Size,Requests/s,Failures/s,50%,66%,75%,80%,90%,95%,98%,99%,99.9%,99.99%,100%
POST,addToCart,1737,0,97,86.11201577489756,7.441172999278933,1079.3708459996196,16765.89291882556,9.689459766005706,0.0,97,100,100,100,110,190,190,190,900,1100,1100
POST,cartEmpty,896,0,100.0,98.90556269976354,7.894020000094315,619.8136259999956,10513.433035714286,4.99813238361607,0.0,100,100,110,110,190,190,200,200,620,620,620
POST,checkout,344,0,93,74.80625689827797,8.17769999957818,194.74410699967848,6806.15988372093,1.918925825852598,0.0,93,97,98,99,100,100,190,190,190,190,190
GET,home,2632,0,96,83.48447716451675,6.01316099982796,1080.8785090002857,10556.23556231003,14.682013876872203,0.0,96,99,100,100,110,190,190,200,1000,1100,1100
GET,logout,428,0,99,95.83175428736119,7.728333000159182,1000.5135279998285,10499.0,2.3875007368166044,0.0,99,100,100,110,190,190,200,200,1000,1000,1000
POST,setCurrency,430,0,99,99.35900751862751,7.215192000330717,710.639658999753,10513.911627906977,2.3986572823157477,0.0,99,100,100,110,190,190,200,200,710,710,710
GET,viewCart,495,0,91,65.27840971313083,5.61252500028786,196.74175299951457,16639.842424242423,2.761245011037895,0.0,91,94,96,97,99,100,100,180,200,200,200
GET,viewProduct,3663,0,89,61.45683982145718,4.999098000553204,1078.9681229998678,7996.7166257166255,20.433213081680424,0.0,89,93,94,95,98,99,100,100,990,1100,1100
,Aggregated,10625,0,94,77.63106192865868,4.999098000553204,1080.8785090002857,10843.3856,59.26914796419725,0.0,94,97,99,100,100,180,190,200,990,1100,1100
