Type,Name,Request Count,Failure Count,Median Response Time,Average Response Time,Min Response Time,Max Response Time,Average Content Size,Requests/s,Failures/s,50%,66%,75%,80%,90%,95%,98%,99%,99.9%,99.99%,100%
POST,addToCart,1719,0,97,88.01286057999532,7.369903999460803,915.7935990006081,16775.817335660267,9.58714724899896,0.0,97,100,100,100,110,180,190,190,910,920,920
POST,cartEmpty,884,0,100.0,102.78160384955909,8.072131000517402,907.7424469996913,10512.75,4.930214175750484,0.0,100,100,110,110,190,190,200,210,910,910,910
POST,checkout,340,1,93,79.28056830296822,7.601373999932548,648.5418260008373,6802.641176470588,1.8962362214424937,0.0055771653571838045,93,96,97,98,100,100,190,190,650,650,650
GET,home,2609,0,95,86.05149045419748,6.162551000670646,921.6604170005667,10555.492909160597,14.550824416892546,0.0,95,98,100,100,100,180,190,510,900,920,920
GET,logout,424,0,99,94.99335304245153,7.787195999299001,723.3617709998725,10499.0,2.3647181114459332,0.0,99,100,100,110,110,180,190,190,720,720,720
POST,setCurrency,427,0,99,101.27272089227647,8.107432000542758,806.155117000344,10512.978922716627,2.3814496075174847,0.0,99,100,100,110,190,190,190,290,810,810,810
GET,viewCart,492,0,89,61.778286004068576,5.493316999491071,191.54146000073524,16637.451219512193,2.743965355734432,0.0,89,94,96,96,99,100,100,110,190,190,190
GET,viewProduct,3628,0,88,61.030181425031884,4.997460000595311,898.0691709994062,7995.290242557883,20.233955915862843,0.0,88,92,94,95,97,99,100,100,880,900,900
,Aggregated,10523,1,93,78.77504755231884,4.997460000595311,921.6604170005667,10844.458519433621,58.68851105364518,0.0055771653571838045,93,97,99,100,100,110,190,200,890,920,920
