Type,Name,Request Count,Failure Count,Median Response Time,Average Response Time,Min Response Time,Max Response Time,Average Content Size,Requests/s,Failures/s,50%,66%,75%,80%,90%,95%,98%,99%,99.9%,99.99%,100%
POST,addToCart,1650,0,98,92.75609346116791,7.465367001714185,1078.7683819944505,16768.33696969697,9.219486163222491,0.0,98,100,100,100,110,190,190,200,880,1100,1100
POST,cartEmpty,845,0,100.0,106.9402388733665,7.815926997864153,731.535081002221,10511.998816568048,4.721494429044245,0.0,100,100,110,110,190,200,200,200,730,730,730
POST,checkout,327,1,94,76.87391861461958,5.2952160040149465,194.24577499739826,6799.107033639144,1.827134530529548,0.0055875673716499945,94,96,98,99,100,100,180,190,190,190,190
GET,home,2500,0,96,101.18124887560843,5.8222880034008995,5093.911472999025,10554.2248,13.968918429124987,0.0,96,99,100,100,110,190,200,620,5000,5100,5100
GET,logout,406,0,100.0,94.57299453193457,7.3490110007696785,858.1117229987285,10496.950738916255,2.268552352889898,0.0,100,100,110,110,190,190,190,200,860,860,860
POST,setCurrency,411,0,99,96.260092523374,7.433414997649379,296.11581900098827,10511.535279805354,2.296490189748148,0.0,99,100,110,110,190,190,200,200,300,300,300
GET,viewCart,475,0,92,66.37805088415534,5.4984550006338395,972.9916380019858,16652.633684210527,2.654094501533747,0.0,92,95,97,98,100,100,100,190,970,970,970
GET,viewProduct,3482,0,89,61.45440363057669,5.016215000068769,1072.2822440002346,7994.996840896037,19.45590958808528,0.0,89,93,95,96,98,100,100,110,850,1100,1100
,Aggregated,10096,1,94,83.6941651202101,5.016215000068769,5093.911472999025,10844.874009508716,56.41208018417834,0.0055875673716499945,94,98,100,100,110,190,190,200,1100,5000,5100
