Type,Name,Request Count,Failure Count,Median Response Time,Average Response Time,Min Response Time,Max Response Time,Average Content Size,Requests/s,Failures/s,50%,66%,75%,80%,90%,95%,98%,99%,99.9%,99.99%,100%
POST,addToCart,2433,0,490.0,480.31512330030165,103.79620600724593,1212.3052490060218,16812.374023838882,13.56878335889404,0.0,490,500,510,590,600,680,700,800,1200,1200,1200
POST,cartEmpty,1190,0,790.0,765.8246558223667,301.8087870150339,1293.6776730057318,10513.704201680672,6.636601807268355,0.0,790,800,810,890,900,910,1000,1000,1200,1300,1300
POST,checkout,492,2,300.0,303.9061072040198,101.65952000534162,801.5782430011313,6800.209349593496,2.743872343845404,0.01115395261725774,300,310,380,390,400,470,520,610,800,800,800
GET,home,3497,0,690.0,674.6133060539532,30.87964400765486,1487.8666430013254,10556.778667429226,19.502686151275157,0.0,690,700,710,790,800,810,900,910,1300,1500,1500
GET,logout,568,0,710.0,736.3359251192404,304.7719329770189,1301.3467979908455,10499.0,3.167722543301198,0.0,710,790,800,800,890,910,1000,1000,1300,1300,1300
POST,setCurrency,601,0,710.0,737.4703266692562,81.96213698829524,1388.2649549923372,10513.633943427621,3.3517627614859506,0.0,710,800,800,810,900,910,990,1000,1400,1400,1400
GET,viewCart,725,0,390.0,374.15676667326903,102.6125930075068,964.1627189994324,16734.817931034482,4.043307823755931,0.0,390,400,410,410,500,500,590,600,960,960,960
GET,viewProduct,4991,0,300.0,302.5529645060947,10.013654013164341,1007.6152939873282,7997.05549989982,27.83468875636669,0.0,300,300,310,390,400,410,490,500,900,1000,1000
,Aggregated,14497,2,490.0,498.81675828911256,10.013654013164341,1487.8666430013254,10899.27191832793,80.84942554619272,0.01115395261725774,490,600,690,700,800,810,900,910,1200,1400,1500
