Type,Name,Request Count,Failure Count,Median Response Time,Average Response Time,Min Response Time,Max Response Time,Average Content Size,Requests/s,Failures/s,50%,66%,75%,80%,90%,95%,98%,99%,99.9%,99.99%,100%
POST,addToCart,1440,0,300.0,315.2059985514522,13.5972559946822,1113.8981990079628,16699.09236111111,8.031691840622535,0.0,300,310,390,390,400,410,490,500,1000,1100,1100
POST,cartEmpty,344,0,500.0,496.24660911611625,100.2012190001551,1397.8723129985156,10513.47965116279,1.9186819397042725,0.0,500,510,580,590,600,610,700,1200,1400,1400,1400
POST,checkout,179,1,200.0,218.17003555323373,10.870313999475911,1099.9196839984506,6795.966480446928,0.998383916299607,0.005577563778210094,200,210,280,290,300,310,400,800,1100,1100,1100
GET,home,4193,0,410.0,432.2244278993308,9.828189999097958,1308.5194940067595,10535.418077748629,23.386724922034926,0.0,410,490,500,500,510,590,610,910,1300,1300,1300
GET,logout,812,0,500.0,489.67655744360087,99.1467200074112,1300.7431339938194,10499.0,4.528981787906597,0.0,500,500,510,590,600,610,890,1000,1300,1300,1300
POST,setCurrency,830,0,500.0,491.26377432922345,52.17515899857972,1203.7229769921396,10513.685542168674,4.629377935914379,0.0,500,510,580,590,600,610,700,810,1200,1200,1200
GET,viewCart,907,0,210.0,239.10517172760277,16.20276499306783,954.6979690057924,16600.871003307606,5.0588503468365555,0.0,210,290,290,300,300,310,400,650,950,950,950
GET,viewProduct,4723,0,200.0,210.49370580648343,7.773257995722815,1150.7071329979226,7986.190768579293,26.342833724486276,0.0,200,200,210,220,300,300,400,690,1100,1200,1200
,Aggregated,13428,1,300.0,334.55253162156504,7.773257995722815,1397.8723129985156,10655.50580875782,74.89552641380516,0.005577563778210094,300,400,410,490,500,590,610,800,1200,1400,1400
