{
  "dlingam": {
    "RES_TIME": {
      "mean_precision": 1.0,
      "mean_recall": 1.0,
      "mean_mhd_pos": 0.6733333333333332,
      "mean_mhd_false": -1
    },
    "CPU": {
      "mean_precision": 0.74,
      "mean_recall": 1.0,
      "mean_mhd_pos": 0.008333333333333333,
      "mean_mhd_false": 0.3333333333333333
    },
    "MEM": {
      "mean_precision": 1.0,
      "mean_recall": 1.0,
      "mean_mhd_pos": 0.3333333333333333,
      "mean_mhd_false": -1
    }
  },
  "dagma_lin": {
    "RES_TIME": {
      "mean_precision": 0.0,
      "mean_recall": 0.0,
      "mean_mhd_pos": -1,
      "mean_mhd_false": 4.637037037037037
    },
    "CPU": {
      "mean_precision": 0.8200000000000001,
      "mean_recall": 1.0,
      "mean_mhd_pos": 0.14666666666666667,
      "mean_mhd_false": 0.3333333333333333
    },
    "MEM": {
      "mean_precision": 0.0,
      "mean_recall": 0.0,
      "mean_mhd_pos": -1,
      "mean_mhd_false": 5.799999999999999
    }
  },
  "dagma_mlp": {
    "RES_TIME": {
      "mean_precision": 0.0,
      "mean_recall": 0.0,
      "mean_mhd_pos": -1,
      "mean_mhd_false": 4.844444444444444
    },
    "CPU": {
      "mean_precision": 0.66,
      "mean_recall": 1.0,
      "mean_mhd_pos": 0.0,
      "mean_mhd_false": 0.3333333333333333
    },
    "MEM": {
      "mean_precision": 0.0,
      "mean_recall": 0.0,
      "mean_mhd_pos": -1,
      "mean_mhd_false": 6.666666666666667
    }
  },
  "dag_gnn": {
    "RES_TIME": {
      "mean_precision": 0.7200000000000001,
      "mean_recall": 1.0,
      "mean_mhd_pos": 0.882037037037037,
      "mean_mhd_false": 2.7767857142857144
    },
    "CPU": {
      "mean_precision": 0.8200000000000001,
      "mean_recall": 1.0,
      "mean_mhd_pos": 0.04285714285714286,
      "mean_mhd_false": 0.3333333333333333
    },
    "MEM": {
      "mean_precision": 0.8,
      "mean_recall": 0.8,
      "mean_mhd_pos": 0.25,
      "mean_mhd_false": 1.6666666666666667
    }
  }
}