Type,Name,Request Count,Failure Count,Median Response Time,Average Response Time,Min Response Time,Max Response Time,Average Content Size,Requests/s,Failures/s,50%,66%,75%,80%,90%,95%,98%,99%,99.9%,99.99%,100%
POST,addToCart,1413,0,200.0,210.95587243573175,21.364107000408694,1108.3842240041122,16724.509554140128,7.88114381579225,0.0,200,200,210,290,300,300,310,400,1100,1100,1100
POST,cartEmpty,339,0,300.0,289.4686383956214,104.8140240018256,1107.430086005479,10513.952802359881,1.8908052042134276,0.0,300,300,310,310,390,400,400,500,1100,1100,1100
POST,checkout,182,1,190.0,169.67455509926606,92.53368101781234,289.8319050145801,6799.774725274725,1.0151225580142884,0.005577596472605981,190,200,200,200,200,210,290,290,290,290,290
GET,home,4005,0,210.0,239.3182107885153,15.193380997516215,1097.5785769987851,10535.760549313358,22.338273872786953,0.0,210,290,290,300,300,310,390,400,920,1100,1100
GET,logout,782,0,300.0,285.71889952440415,102.42607499822043,1094.6160790044814,10499.0,4.361680441577877,0.0,300,300,310,310,390,400,410,500,1100,1100,1100
POST,setCurrency,797,0,300.0,287.1209468189414,84.17247000033967,800.7516809739172,10513.52948557089,4.445344388666967,0.0,300,300,310,310,390,400,410,480,800,800,800
GET,viewCart,889,0,120.0,151.30032692042377,12.73831000435166,747.2597919986583,16612.859392575927,4.958483264146717,0.0,120,190,190,200,200,200,280,290,750,750,750
GET,viewProduct,4551,0,110.0,140.96905236957966,9.255287994164973,1104.6092539909296,7985.856954515491,25.383641546829818,0.0,110,190,190,190,200,200,210,290,1000,1100,1100
,Aggregated,12958,1,200.0,201.71974389665647,9.255287994164973,1108.3842240041122,10675.351906158357,72.2744950920283,0.005577596472605981,200,210,280,290,300,310,400,400,1100,1100,1100
