Type,Name,Request Count,Failure Count,Median Response Time,Average Response Time,Min Response Time,Max Response Time,Average Content Size,Requests/s,Failures/s,50%,66%,75%,80%,90%,95%,98%,99%,99.9%,99.99%,100%
POST,addToCart,2521,0,490.0,474.6515116592903,15.559311999822967,1908.8971500023035,16801.769932566443,14.06166319099368,0.0,490,500,510,580,600,610,700,790,1700,1900,1900
POST,cartEmpty,1225,0,710.0,746.6608621412498,17.228996999619994,2203.0066400002397,10513.914285714285,6.832819281621285,0.0,710,800,800,810,900,910,1000,1400,2200,2200,2200
POST,checkout,506,1,290.0,309.85913756519324,15.435757999512134,1794.870000998344,6803.685770750988,2.8223726991839757,0.0055778116584663555,290,300,310,380,400,410,800,1300,1800,1800,1800
GET,home,3699,0,620.0,647.8314976134315,11.705025000992464,1603.5492520022672,10556.107326304407,20.632325324667047,0.0,620,700,700,710,790,800,890,1000,1500,1600,1600
GET,logout,605,0,700.0,729.4417371586504,103.60973700153409,1516.1611600015021,10499.0,3.3745760533721447,0.0,700,790,800,800,890,900,1000,1200,1500,1500,1500
POST,setCurrency,639,0,700.0,713.6845272878943,20.0724629976321,1503.1014370033517,10513.663536776214,3.5642216497600008,0.0,700,790,800,800,890,900,1000,1100,1500,1500,1500
GET,viewCart,755,0,390.0,363.10084884765973,92.78676199755864,1010.4278729995713,16715.676821192053,4.211247802142098,0.0,390,400,400,410,490,500,600,730,1000,1000,1000
GET,viewProduct,5237,0,300.0,306.5302972216757,7.718365999608068,1097.4064340007317,7995.969066259308,29.210999655388303,0.0,300,310,310,390,400,410,510,880,1000,1100,1100
,Aggregated,15187,1,490.0,489.9697387004705,7.718365999608068,2203.0066400002397,10883.773292947915,84.71022565712853,0.0055778116584663555,490,600,690,700,790,810,900,990,1600,2200,2200
