Type,Name,Request Count,Failure Count,Median Response Time,Average Response Time,Min Response Time,Max Response Time,Average Content Size,Requests/s,Failures/s,50%,66%,75%,80%,90%,95%,98%,99%,99.9%,99.99%,100%
POST,addToCart,1418,0,200.0,217.1379134478895,15.826085000298917,998.8434120023157,16714.92031029619,7.9101636799432,0.0,200,210,290,290,300,300,380,400,900,1000,1000
POST,cartEmpty,328,0,300.0,304.03148384477123,108.39043500163825,903.1441679981072,10513.411585365853,1.8297134605228278,0.0,300,300,310,390,400,400,490,800,900,900,900
POST,checkout,176,0,190.0,169.8565794147891,95.88130900374381,293.0837349995272,6808.159090909091,0.9817974666220052,0.0,190,200,200,200,200,210,290,290,290,290,290
GET,home,4094,0,280.0,253.31380614264947,15.248985000653192,995.7884729956277,10535.73497801661,22.837947888355053,0.0,280,290,300,300,300,390,400,480,900,1000,1000
GET,logout,799,0,300.0,294.67527853434905,104.84050800005207,905.7340119979926,10499.0,4.457137362676034,0.0,300,300,310,310,390,400,410,500,910,910,910
POST,setCurrency,813,0,300.0,300.3908477652253,61.305107999942265,983.8745609959005,10514.08856088561,4.5352348884300575,0.0,300,300,310,390,400,400,500,700,980,980,980
GET,viewCart,907,0,190.0,155.85853474544794,11.592276001465507,802.0120489964029,16602.335170893053,5.0596039899213565,0.0,190,190,200,200,200,200,280,290,800,800,800
GET,viewProduct,4630,0,110.0,146.6502752680721,9.457806001591962,889.539361000061,7986.327213822894,25.827967445794794,0.0,110,190,190,200,200,200,210,300,790,890,890
,Aggregated,13165,0,200.0,210.7560304278449,9.457806001591962,998.8434120023157,10668.694189137865,73.43956618226532,0.0,200,210,290,290,300,380,400,490,900,1000,1000
