Type,Name,Request Count,Failure Count,Median Response Time,Average Response Time,Min Response Time,Max Response Time,Average Content Size,Requests/s,Failures/s,50%,66%,75%,80%,90%,95%,98%,99%,99.9%,99.99%,100%
POST,addToCart,1497,0,83,60.73889218055912,7.324799982598051,1002.2477630118374,16791.02404809619,8.349883105125002,0.0,83,93,95,96,99,100,100,180,920,1000,1000
POST,cartEmpty,719,0,89,67.02091219320586,7.759300002362579,926.3222459994722,10514.226703755216,4.010398097919089,0.0,89,95,97,98,100,100,110,190,930,930,930
POST,checkout,296,1,71,57.92288026724064,7.699000998400152,933.0954439938068,6802.790540540541,1.651012290659319,0.005577744225200402,72,89,92,93,96,98,100,190,930,930,930
GET,home,2323,0,70,59.923979071133,6.120737001765519,1008.9601770159788,10554.350839431769,12.957099835140534,0.0,70,90,93,94,98,100,180,440,1000,1000,1000
GET,logout,395,0,87,62.562857586757836,7.332307985052466,829.3374269851483,10499.0,2.2032089689541587,0.0,87,93,96,98,100,100,180,190,830,830,830
POST,setCurrency,398,0,77,61.67597785653797,7.446648989571258,995.7763779966626,10514.060301507538,2.21994220162976,0.0,77,91,95,96,99,100,110,190,1000,1000,1000
GET,viewCart,480,0,9,46.004268034509245,5.431825004052371,1007.2138769901358,16685.122916666667,2.677317228096193,0.0,9,85,89,90,94,96,100,100,1000,1000,1000
GET,viewProduct,3211,0,8,41.859790653217516,5.047359998570755,993.457077012863,7996.0526315789475,17.91013670711849,0.0,8,81,88,90,93,95,98,100,890,990,990
,Aggregated,9319,1,15,53.78430494476602,5.047359998570755,1008.9601770159788,10864.1656830132,51.97899843464254,0.005577744225200402,15,89,92,94,97,99,100,180,940,1000,1000
