Type,Name,Request Count,Failure Count,Median Response Time,Average Response Time,Min Response Time,Max Response Time,Average Content Size,Requests/s,Failures/s,50%,66%,75%,80%,90%,95%,98%,99%,99.9%,99.99%,100%
POST,addToCart,1601,0,390.0,379.6892785998384,15.769560995977372,1189.7746419999748,16716.70955652717,8.929877052948909,0.0,390,400,410,420,490,500,590,600,1000,1200,1200
POST,cartEmpty,372,0,600.0,586.4191639173109,101.45884301164187,898.0691000178922,10514.018817204302,2.0748996025590216,0.0,600,610,620,690,700,710,790,800,900,900,900
POST,checkout,202,2,280.0,244.37191540194965,93.25266900123097,503.47463102662005,6788.549504950495,1.1266927949379635,0.011155374207306569,280,290,300,300,310,390,400,400,500,500,500
GET,home,4615,0,510.0,525.6915464816237,11.81427200208418,1305.0057840009686,10535.622751895991,25.741025983359908,0.0,510,590,600,600,610,690,700,800,1300,1300,1300
GET,logout,892,0,600.0,589.1993939382575,99.4810440170113,1388.8800079876091,10499.0,4.97529689645873,0.0,600,600,610,690,700,790,800,900,1400,1400,1400
POST,setCurrency,920,0,600.0,586.0382809478324,20.570922002661973,1109.8953330074437,10513.878260869566,5.1314721353610215,0.0,600,610,620,690,700,790,800,810,1100,1100,1100
GET,viewCart,1021,0,300.0,288.15889808284436,11.13316899864003,965.9598310245201,16604.92948090108,5.694818532830003,0.0,300,300,310,310,390,400,410,480,790,970,970
GET,viewProduct,5219,0,210.0,248.70243595832883,7.652012980543077,1059.829448000528,7985.177428626173,29.10994899396649,0.0,210,290,300,300,310,380,400,410,890,1100,1100
,Aggregated,14842,2,400.0,401.4532680240874,7.652012980543077,1388.8800079876091,10667.96947850694,82.78403199242204,0.011155374207306569,400,500,510,590,600,690,700,800,1100,1300,1400
