Type,Name,Request Count,Failure Count,Median Response Time,Average Response Time,Min Response Time,Max Response Time,Average Content Size,Requests/s,Failures/s,50%,66%,75%,80%,90%,95%,98%,99%,99.9%,99.99%,100%
POST,addToCart,1632,0,490.0,488.70449099624557,109.15580200162367,1316.5499469978386,16728.15931372549,9.102066996111269,0.0,490,500,580,590,600,690,780,900,1300,1300,1300
POST,cartEmpty,381,0,800.0,805.9543915406578,390.4728140005318,1791.7666009998356,10512.992125984252,2.124931081812741,0.0,800,810,890,900,910,1000,1100,1400,1800,1800,1800
POST,checkout,209,0,300.0,308.8502981578331,108.26716100200429,992.0010540008661,6807.287081339713,1.1656446091833672,0.0,300,310,380,390,400,410,500,890,990,990,990
GET,home,4635,0,700.0,705.864988589412,25.903756999468897,1397.3363549994247,10534.742610571737,25.850539538588073,0.0,700,710,790,800,810,890,910,1000,1300,1400,1400
GET,logout,892,0,790.0,781.415242216384,300.24150399913196,1486.167712999304,10499.0,4.974904265031404,0.0,800,800,810,890,900,990,1000,1100,1500,1500,1500
POST,setCurrency,929,0,800.0,784.0178638234476,60.40621400097734,1689.764982998895,10512.452099031216,5.181262401585398,0.0,800,810,890,900,910,1000,1100,1200,1700,1700,1700
GET,viewCart,1028,0,390.0,386.1732353803347,93.23836600015056,999.5036600012099,16616.492217898834,5.733409848040677,0.0,390,400,410,480,500,510,600,800,990,1000,1000
GET,viewProduct,5255,0,300.0,323.3065631714736,11.055482002120698,1096.8880969994643,7986.381541389153,29.30843263760093,0.0,300,310,390,400,410,490,510,700,1000,1100,1100
,Aggregated,14961,0,500.0,532.1974035088466,11.055482002120698,1791.7666009998356,10676.988570282736,83.44119137795386,0.0,500,690,700,720,800,890,910,1000,1300,1700,1800
