Type,Name,Request Count,Failure Count,Median Response Time,Average Response Time,Min Response Time,Max Response Time,Average Content Size,Requests/s,Failures/s,50%,66%,75%,80%,90%,95%,98%,99%,99.9%,99.99%,100%
POST,addToCart,2552,0,500.0,496.06533099734645,7.74558300327044,2311.465606006095,16995.682210031347,14.221755669004908,0.0,500,590,590,600,690,710,1000,1100,1500,2300,2300
POST,cartEmpty,790,0,790.0,726.6295542886439,8.13229099730961,2301.116674003424,10512.155696202532,4.402502734527381,0.0,790,810,820,890,910,1100,1300,1400,2300,2300,2300
POST,checkout,579,5,300.0,320.182484093498,8.025611998164095,1921.7432619989268,6791.438687392055,3.2266444092295616,0.027863941357768235,300,310,390,390,410,500,990,1100,1900,1900,1900
GET,home,3181,0,690.0,625.3774352152953,6.009274999087211,1591.6124349969323,10550.672115686892,17.727039491812153,0.0,690,700,710,790,810,900,1100,1200,1400,1600,1600
GET,logout,663,0,710.0,695.8724366486092,7.736905994534027,1492.641217999335,10497.0,3.6947586240400683,0.0,710,800,810,810,900,910,1000,1200,1500,1500,1500
POST,setCurrency,704,0,710.0,691.9529621433495,8.194131005438976,1509.1554919999908,10511.775568181818,3.9232429431737676,0.0,710,800,810,820,900,990,1100,1300,1500,1500,1500
GET,viewCart,1164,0,400.0,385.7708277652328,5.5984369973884895,1308.9235279985587,16996.798109965635,6.486725548088446,0.0,400,410,490,490,510,590,790,900,1200,1300,1300
GET,viewProduct,4952,0,300.0,308.3056768949902,5.062861004262231,1293.791157004307,7996.17386914378,27.596447520733662,0.0,300,310,390,400,410,500,780,900,1200,1300,1300
,Aggregated,14585,5,410.0,475.7608926056177,5.062861004262231,2311.465606006095,11169.87603702434,81.27911694060994,0.027863941357768235,410,590,690,700,800,890,1000,1200,1500,2300,2300
