Type,Name,Request Count,Failure Count,Median Response Time,Average Response Time,Min Response Time,Max Response Time,Average Content Size,Requests/s,Failures/s,50%,66%,75%,80%,90%,95%,98%,99%,99.9%,99.99%,100%
GET,home,3269,0,690.0,619.9941583061951,6.429342000046745,1395.4374009990715,10552.282961150198,18.216095594796823,0.0,690.0,700.0,710.0,790.0,800.0,880.0,900.0,910.0,1200.0,1400.0,1400.0
GET,viewCart,1196,0,390.0,368.7803335126782,5.6872640052461065,796.1798090036609,16986.520066889632,6.664561129206793,0.0,390.0,400.0,410.0,490.0,500.0,520.0,600.0,600.0,690.0,800.0,800.0
POST,addToCart,2626,0,490.0,473.7836518952105,7.6291160003165714,1000.676001996908,17006.64737242955,14.63305813151926,0.0,490.0,510.0,590.0,600.0,610.0,690.0,700.0,790.0,1000.0,1000.0,1000.0
POST,checkout,593,4,300.0,300.2175666189472,8.33425999735482,813.7127320005675,6794.620573355818,3.304418686972933,0.0222895021043705,300.0,310.0,390.0,390.0,400.0,490.0,500.0,510.0,810.0,810.0,810.0
POST,cartEmpty,814,0,720.0,699.3106652469053,7.986205004272051,1307.0441040035803,10513.885749385749,4.535913678239406,0.0,720.0,800.0,810.0,890.0,900.0,980.0,1000.0,1100.0,1300.0,1300.0,1300.0
GET,logout,684,0,780.0,702.9541701139623,7.701411996094976,1304.0515319953556,10498.97807017544,3.811504859847363,0.0,780.0,800.0,810.0,820.0,900.0,980.0,1000.0,1100.0,1300.0,1300.0,1300.0
GET,viewProduct,5100,5100,300.0,289.9793053412463,5.0312870007473975,5.475769001350272,7996.800812916533,28.419115183072442,0.0,300.0,310.0,330.0,390.0,400.0,411.1111111111111,485.55555555555554,503.3333333333333,716.6666666666666,716.6666666666666,716.6666666666666
POST,setCurrency,726,0,710.0,690.4938121597222,7.673390005948022,1115.5105200014077,10513.633608815428,4.045544631943254,0.0,720.0,800.0,810.0,880.0,900.0,920.0,1000.0,1000.0,1100.0,1100.0,1100.0
,Aggregated,15008,4,400.0,461.10904714339983,5.0312870007473975,1395.4374009990715,11171.104677505333,83.63021189559828,0.0222895021043705,400.0,590.0,610.0,700.0,790.0,810.0,900.0,920.0,1100.0,1400.0,1400.0
