Type,Name,Request Count,Failure Count,Median Response Time,Average Response Time,Min Response Time,Max Response Time,Average Content Size,Requests/s,Failures/s,50%,66%,75%,80%,90%,95%,98%,99%,99.9%,99.99%,100%
POST,addToCart,2545,0,490.0,483.31744246646144,9.555819007800892,1289.280774013605,17016.706876227898,14.19184272040677,0.0,490,510,590,600,610,700,790,890,1200,1300,1300
POST,cartEmpty,783,0,800.0,740.3445951697104,88.60920302686282,1695.4285619722214,10512.121328224777,4.3662918860819255,0.0,800,810,890,900,910,1000,1100,1100,1700,1700,1700
POST,checkout,575,2,300.0,293.4989911926222,14.5999230153393,1080.7103650004137,6799.683478260869,3.2064084731763822,0.011152725124091763,300,310,380,390,400,420,500,580,1100,1100,1100
GET,home,3156,0,700.0,654.0328904784831,8.480874996166676,5067.657308012713,10550.7154626109,17.599000245816804,0.0,700,710,790,800,810,900,990,1000,2100,5100,5100
GET,logout,661,0,790.0,726.5981240934198,11.692631989717484,1300.3981030196883,10497.0,3.6859756535123283,0.0,790,800,810,890,910,990,1000,1100,1300,1300,1300
POST,setCurrency,706,0,790.0,724.4509266187812,12.109623989090323,1502.5989440036938,10512.454674220964,3.9369119688043925,0.0,790,800,890,890,910,1000,1000,1100,1500,1500,1500
GET,viewCart,1160,0,400.0,376.7442141668841,7.300270983250812,987.8582390083466,17003.702586206895,6.468580571973223,0.0,400,410,480,490,500,580,600,610,800,990,990
GET,viewProduct,4924,0,300.0,298.03865315531465,5.570581997744739,1079.885405022651,7996.03554021121,27.45800925551392,0.0,300,310,320,390,400,410,500,700,990,1100,1100
,Aggregated,14510,2,410.0,478.21721310612344,5.570581997744739,5067.657308012713,11178.736733287387,80.91302077528574,0.011152725124091763,410,590,690,700,800,890,910,1000,1300,4100,5100
