Type,Name,Request Count,Failure Count,Median Response Time,Average Response Time,Min Response Time,Max Response Time,Average Content Size,Requests/s,Failures/s,50%,66%,75%,80%,90%,95%,98%,99%,99.9%,99.99%,100%
POST,addToCart,1102,0,91,66.67097788018434,7.369063998339698,196.43702899884374,16723.404718693284,6.145194469016406,0.0,91,95,97,98,100,100,190,190,200,200,200
POST,cartEmpty,273,0,95,80.59308536268453,7.742572999632102,736.59422199853,10511.278388278388,1.5223576134677668,0.0,95,99,100,100,100,190,190,200,740,740,740
POST,checkout,141,3,85,58.43569784403681,4.356560999440262,188.1383760010067,6769.758865248227,0.7862726135492861,0.01672920454360183,85,90,93,94,97,99,110,170,190,190,190
GET,home,3125,0,89,67.49199480863636,5.756333001045277,1024.0145600000687,10534.23072,17.426254732918576,0.0,89,94,96,98,100,110,190,210,920,1000,1000
GET,logout,612,0,94,78.81095690690393,7.200772000942379,798.3282519999193,10497.0,3.4127577268947737,0.0,95,99,100,100,110,180,190,200,800,800,800
POST,setCurrency,614,0,92,75.19641239084672,7.417767999868374,800.0149990002683,10511.864820846906,3.4239105299238415,0.0,92,97,99,100,100,170,190,190,800,800,800
GET,viewCart,688,0,12,50.36857828054053,5.376283999794396,726.6203220005991,16609.341569767443,3.8365642419993535,0.0,12,89,92,94,96,99,100,100,730,730,730
GET,viewProduct,3547,0,10,50.25541537383007,5.040608999479446,1020.3638180009875,7985.099802650127,19.7794961720519,0.0,10,88,91,92,95,97,100,100,930,1000,1000
,Aggregated,10102,3,85,61.56579787408095,4.356560999440262,1024.0145600000687,10671.312908334983,56.332808099821904,0.01672920454360183,85,92,95,96,100,100,190,190,910,1000,1000
