{
  "RES_TIME": {
    "precision": 0.46153846153846156,
    "recall": 1,
    "mhd_pos": 7.388888888888889,
    "mhd_false": 2.0952380952380953,
    "true_positive": 6,
    "true_negative": 0,
    "false_positive": 7,
    "false_negative": 0
  },
  "CPU": {
    "precision": 0.8461538461538461,
    "recall": 1,
    "mhd_pos": 7.3939393939393945,
    "mhd_false": 1.6666666666666665,
    "true_positive": 11,
    "true_negative": 0,
    "false_positive": 2,
    "false_negative": 0
  },
  "MEM": {
    "precision": 0.7692307692307693,
    "recall": 1,
    "mhd_pos": 6.1000000000000005,
    "mhd_false": 0.0,
    "true_positive": 10,
    "true_negative": 0,
    "false_positive": 3,
    "false_negative": 0
  }
}