Type,Name,Request Count,Failure Count,Median Response Time,Average Response Time,Min Response Time,Max Response Time,Average Content Size,Requests/s,Failures/s,50%,66%,75%,80%,90%,95%,98%,99%,99.9%,99.99%,100%
GET,home,4297,0,300.0,320.9665317646005,16.06491199345328,896.2466519733425,10534.788922504073,23.963535267947016,0.0,300.0,310.0,390.0,390.0,400.0,410.0,490.0,500.0,810.0,900.0,900.0
GET,viewCart,957,0,200.0,192.09216540592843,17.838005995145068,700.2296310092788,16617.689655172413,5.337003316598858,0.0,200.0,200.0,200.0,210.0,290.0,300.0,300.0,310.0,700.0,700.0,700.0
POST,addToCart,1526,0,290.0,260.85813293058584,65.43457400402986,894.2506059829611,16734.488204456095,8.510205915496194,0.0,290.0,300.0,300.0,300.0,310.0,390.0,400.0,410.0,790.0,890.0,890.0
POST,checkout,197,1,200.0,202.2605216640892,96.90009398036636,890.3413059888408,6797.842639593909,1.098630776771134,0.0055768059734575,200.0,200.0,210.0,270.0,290.0,300.0,300.0,600.0,890.0,890.0,890.0
POST,cartEmpty,365,0,390.0,385.58077460453103,192.67263400251977,896.1497349955607,10514.161643835616,2.0355341803119997,0.0,390.0,400.0,410.0,490.0,500.0,510.0,590.0,600.0,900.0,900.0,900.0
GET,logout,835,0,390.0,375.9679797371783,114.36703900108114,814.0307590074372,10497.0,4.65663298783704,0.0,390.0,400.0,400.0,410.0,490.0,500.0,580.0,600.0,810.0,810.0,810.0
GET,viewProduct,4888,4888,190.0,173.51778270585447,11.11230900278315,17.492799001047388,7985.434682262677,27.259427598260416,0.0,190.0,200.0,200.0,200.0,207.77777777777777,253.33333333333334,296.6666666666667,300.0,726.6666666666666,726.6666666666666,726.6666666666666
POST,setCurrency,855,0,390.0,376.4151014821612,68.11953298165463,890.8953549980652,10512.768421052631,4.76816910730619,0.0,390.0,400.0,410.0,410.0,500.0,500.0,510.0,600.0,890.0,890.0,890.0
,Aggregated,13920,1,220.0,260.4710707728733,11.11230900278315,896.2466519733425,10680.366235632184,77.62913915052884,0.0055768059734575,220.0,300.0,310.0,380.0,400.0,410.0,500.0,500.0,800.0,900.0,900.0
