Type,Name,Request Count,Failure Count,Median Response Time,Average Response Time,Min Response Time,Max Response Time,Average Content Size,Requests/s,Failures/s,50%,66%,75%,80%,90%,95%,98%,99%,99.9%,99.99%,100%
POST,addToCart,2057,0,190.0,174.41974343069077,14.04807400831487,1062.5316799996654,17002.95867768595,11.475209827949593,0.0,190,200,200,200,210,290,300,300,990,1100,1100
POST,cartEmpty,669,0,200.0,214.69232567879828,96.78786499716807,1085.7167580106761,10514.291479820628,3.732093035925269,0.0,200,200,210,290,290,300,310,710,1100,1100,1100
POST,checkout,474,4,110.0,154.21878416049452,13.947635001386516,1064.2125199956354,6793.481012658228,2.6442632272475,0.022314457613902952,110,190,190,190,200,200,220,790,1100,1100,1100
GET,home,2484,0,190.0,175.77191562482597,12.254407003638335,1100.9935589972883,10554.041867954911,13.857278178233734,0.0,190,200,200,200,210,290,300,390,1100,1100,1100
GET,logout,528,0,200.0,207.08183028587385,14.057517008041032,1103.95418900589,10499.0,2.9455084050351896,0.0,200,200,210,210,290,300,310,700,1100,1100,1100
POST,setCurrency,537,0,200.0,215.28501360896897,19.459992996416986,1106.4845379878534,10513.990689013035,2.9957159346664715,0.0,200,210,210,290,300,300,310,400,1100,1100,1100
GET,viewCart,910,0,100,124.55442805066423,10.164908002479933,1065.349207012332,17001.385714285716,5.076539107162922,0.0,100,110,180,190,190,200,200,200,1100,1100,1100
GET,viewProduct,3910,0,100.0,112.29137194637597,7.674749998841435,1059.4890380016295,7998.357033248082,21.812382317590135,0.0,100,100,110,110,190,190,200,210,1000,1100,1100
,Aggregated,11569,4,110.0,154.67877714198116,7.674749998841435,1106.4845379878534,11183.319128706025,64.53899003381082,0.022314457613902952,110,190,200,200,210,290,300,390,1100,1100,1100
