Type,Name,Request Count,Failure Count,Median Response Time,Average Response Time,Min Response Time,Max Response Time,Average Content Size,Requests/s,Failures/s,50%,66%,75%,80%,90%,95%,98%,99%,99.9%,99.99%,100%
GET,home,2317,0,93.0,73.22039071571967,6.023415000527166,973.2771120034158,10549.280103582218,12.920243309093587,0.0,93.0,96.0,98.0,99.0,100.0,110.0,190.0,200.0,870.0,970.0,970.0
GET,viewCart,865,0,89.0,59.54637668113025,5.389413010561839,191.4187119982671,16990.349132947977,4.823483151646937,0.0,89.0,93.0,95.0,96.0,98.0,99.0,100.0,180.0,190.0,190.0,190.0
POST,addToCart,1835,0,95.0,79.27170479149153,7.539900005212985,909.5637680002257,17005.117166212534,10.23247581881171,0.0,95.0,98.0,100.0,100.0,100.0,110.0,190.0,190.0,880.0,910.0,910.0
POST,checkout,420,1,92.0,70.13146399514794,7.45085600647144,194.55918700259645,6801.609523809524,2.342038062071345,0.0055762811001698,92.0,95.0,96.0,97.0,100.0,100.0,100.0,180.0,190.0,190.0,190.0
POST,cartEmpty,549,0,96.0,84.679955794026,7.976135006174445,205.14094400277827,10511.462659380692,3.061378323993259,0.0,96.0,100.0,100.0,100.0,110.0,190.0,200.0,200.0,210.0,210.0,210.0
GET,logout,507,0,97.0,89.70457168685867,8.10990399622824,1004.1354490094818,10497.0,2.827174517786124,0.0,97.0,100.0,100.0,100.0,110.0,190.0,190.0,200.0,1000.0,1000.0,1000.0
GET,viewProduct,3579,3579,85.0,54.40936035806777,5.093157000374049,5.415793988504447,7996.913739897988,19.957510057507964,0.0,77.22222222222223,91.0,92.88888888888889,93.77777777777777,96.22222222222223,98.0,99.77777777777777,100.0,413.3333333333333,413.3333333333333,413.3333333333333
POST,setCurrency,510,0,98.0,88.92199862149188,7.533997995778918,202.6763649919303,10511.850980392155,2.8439033610866336,0.0,98.0,100.0,100.0,100.0,110.0,190.0,190.0,200.0,200.0,200.0,200.0
,Aggregated,10582,1,91.0,68.81074890109863,5.093157000374049,1004.1354490094818,11176.96890946891,59.00820660199757,0.0055762811001698,91.0,95.0,97.0,98.0,100.0,100.0,190.0,190.0,710.0,970.0,1000.0
