Type,Name,Request Count,Failure Count,Median Response Time,Average Response Time,Min Response Time,Max Response Time,Average Content Size,Requests/s,Failures/s,50%,66%,75%,80%,90%,95%,98%,99%,99.9%,99.99%,100%
POST,addToCart,2371,0,300.0,280.50634383106797,7.781458989484236,990.4544329911005,17012.17081400253,13.223243670806653,0.0,300,300,310,310,390,400,410,500,880,990,990
POST,cartEmpty,741,0,390.0,367.9439593983944,8.17858800292015,890.6548640225083,10512.628879892038,4.132612214284154,0.0,390,400,410,410,490,500,590,590,890,890,890
POST,checkout,545,2,200.0,198.7924119052285,8.141910017002374,600.4073400108609,6799.906422018349,3.039505609696173,0.011154149026407973,200,200,210,220,290,300,310,310,600,600,600
GET,home,2876,0,300.0,313.07017384740584,6.458858988480642,1015.9087060019374,10552.331710709319,16.039666299974666,0.0,300,310,390,390,400,410,490,500,910,1000,1000
GET,logout,616,0,390.0,361.4866105940623,7.890706998296082,1106.8946909799706,10499.0,3.4354779001336557,0.0,390,400,400,410,490,500,510,510,1100,1100,1100
POST,setCurrency,636,0,390.0,362.33772582604416,7.988872996065766,1002.3883020039648,10512.834905660377,3.5470193903977356,0.0,390,400,400,410,490,500,510,600,1000,1000,1000
GET,viewCart,1065,0,200.0,199.38425395491274,5.482050008140504,726.8593230110127,17003.492018779343,5.939584356562246,0.0,200,200,210,210,290,300,310,310,640,730,730
GET,viewProduct,4531,0,190.0,175.4044989196125,5.15566099784337,901.6005340090487,7997.590818803796,25.269724619327263,0.0,190,200,200,200,210,290,300,300,790,900,900
,Aggregated,13381,2,210.0,254.5910814161294,5.15566099784337,1106.8946909799706,11185.974142440775,74.62683406118255,0.011154149026407973,210,300,310,310,400,410,500,510,900,1000,1100
