Type,Name,Request Count,Failure Count,Median Response Time,Average Response Time,Min Response Time,Max Response Time,Average Content Size,Requests/s,Failures/s,50%,66%,75%,80%,90%,95%,98%,99%,99.9%,99.99%,100%
POST,addToCart,1905,0,110.0,158.32379552559163,8.412648996454664,1204.954679000366,17000.632020997375,10.622253179301023,0.0,110,190,200,200,200,210,300,810,1200,1200,1200
POST,cartEmpty,588,0,190.0,186.72201238274084,10.522465003305115,1096.507534995908,10514.137755102041,3.27867972148504,0.0,190,200,200,200,210,290,790,1000,1100,1100,1100
POST,checkout,439,4,100.0,141.20634189092343,8.629064002889208,1096.2509179953486,6792.833712984055,2.447857819271994,0.022303943683571702,100,110,190,190,200,200,700,870,1100,1100,1100
GET,home,2307,0,110.0,153.3097924647201,6.406139997125138,1202.2448220013757,10553.100130039013,12.86379951949998,0.0,110,190,190,200,200,210,520,890,1000,1200,1200
GET,logout,501,0,190.0,176.9036847385751,9.579162993759383,1110.175440000603,10498.960079840319,2.7935689463673556,0.0,190,200,200,200,210,300,720,980,1100,1100,1100
POST,setCurrency,507,0,190.0,177.09445942410716,9.28365199797554,1093.1073760002619,10514.090729783038,2.827024861892713,0.0,190,200,200,200,290,290,310,720,1100,1100,1100
GET,viewCart,874,0,100.0,107.98229166939814,7.238354999572039,986.3830679969396,17003.139588100687,4.873411694860416,0.0,100,100,100,110,190,200,200,200,990,990,990
GET,viewProduct,3634,0,98,101.50708738806293,5.189016002987046,1110.4476370019256,7998.021463951569,20.26313283652489,0.0,98,100,100,100,110,190,200,770,1100,1100,1100
,Aggregated,10755,4,100.0,136.56379028664338,5.189016002987046,1204.954679000366,11195.978614597861,59.96972857920341,0.022303943683571702,100,110,190,190,200,210,300,850,1100,1200,1200
