Type,Name,Request Count,Failure Count,Median Response Time,Average Response Time,Min Response Time,Max Response Time,Average Content Size,Requests/s,Failures/s,50%,66%,75%,80%,90%,95%,98%,99%,99.9%,99.99%,100%
POST,addToCart,2523,0,500.0,487.72053912169486,7.9527500056428835,1411.40436999558,17003.07689258819,14.060214471294794,0.0,500,580,590,600,690,700,800,1100,1400,1400,1400
POST,cartEmpty,778,0,800.0,744.0431330168485,8.775538997724652,1793.2296469953144,10513.72236503856,4.335650756507075,0.0,800,810,890,900,920,1000,1300,1600,1800,1800,1800
POST,checkout,571,4,300.0,301.7237115040596,8.381076011573896,1085.3282430034596,6794.952714535902,3.182077868850308,0.022291263529599356,300,310,390,390,400,480,510,910,1100,1100,1100
GET,home,3138,0,700.0,658.2378510752617,6.721249999827705,1706.644142002915,10552.179732313576,17.487496238970696,0.0,700,720,790,800,820,900,1000,1200,1600,1700,1700
GET,logout,658,0,790.0,729.478513809796,8.030193988815881,1608.3833450102247,10498.969604863221,3.666912850619094,0.0,790,810,820,890,910,1000,1100,1200,1600,1600,1600
POST,setCurrency,698,0,790.0,730.9804741103017,8.59934299660381,1687.205655995058,10513.638968481375,3.889825485915088,0.0,790,810,890,900,910,1000,1100,1400,1700,1700,1700
GET,viewCart,1153,0,400.0,383.51890644160966,5.79944699711632,1189.4214019994251,16978.932350390285,6.425456712407015,0.0,400,410,490,490,510,590,690,930,1100,1200,1200
GET,viewProduct,4880,0,300.0,301.055100483531,5.323930992744863,1210.8674360060832,7997.140778688525,27.195341506111216,0.0,300,310,380,390,400,420,600,900,1100,1200,1200
,Aggregated,14399,4,410.0,482.58813224090517,5.323930992744863,1793.2296469953144,11175.824362802972,80.24297589067528,0.022291263529599356,410,600,700,710,800,900,990,1100,1500,1700,1800
