Type,Name,Request Count,Failure Count,Median Response Time,Average Response Time,Min Response Time,Max Response Time,Average Content Size,Requests/s,Failures/s,50%,66%,75%,80%,90%,95%,98%,99%,99.9%,99.99%,100%
POST,addToCart,2331,0,300.0,318.0709738777878,92.57761300250422,1090.9090180066414,17003.51522951523,13.002395622246928,0.0,300,310,390,390,400,410,710,890,1000,1100,1100
POST,cartEmpty,715,0,410.0,446.31586893011047,15.514540005824529,1205.3467020014068,10513.623776223776,3.988293809483721,0.0,410,490,500,500,590,600,810,920,1200,1200,1200
POST,checkout,529,1,200.0,221.29380070118145,11.058962001698092,931.4166370022576,6801.952741020794,2.950779615687956,0.005578033299977232,200,210,290,290,300,300,310,600,930,930,930
GET,home,2930,0,390.0,378.25170889851546,19.50702999602072,1205.5440999974962,10551.82252559727,16.34363756893329,0.0,390,400,400,410,490,500,600,800,1200,1200,1200
GET,logout,626,0,410.0,430.01525519770377,97.62576100183651,1210.4643100028625,10499.0,3.4918488457857473,0.0,410,490,490,500,510,590,600,710,1200,1200,1200
POST,setCurrency,641,0,410.0,437.33058832142217,21.64364600321278,1298.288145000697,10513.817472698907,3.575519345285406,0.0,410,490,500,500,510,590,700,900,1300,1300,1300
GET,viewCart,1074,0,210.0,239.49111982219077,9.66090100700967,933.8271369924769,17010.709497206703,5.990807764175547,0.0,210,290,290,300,300,310,400,790,930,930,930
GET,viewProduct,4527,0,200.0,195.9445082143353,7.787925991578959,923.6745899979724,7997.816876518666,25.25175674899693,0.0,200,200,200,210,290,300,310,650,910,920,920
,Aggregated,13373,1,300.0,297.58871773579943,7.787925991578959,1298.288145000697,11175.866148209077,74.59503932059553,0.005578033299977232,300,310,390,400,490,500,600,800,1100,1200,1300
