Type,Name,Request Count,Failure Count,Median Response Time,Average Response Time,Min Response Time,Max Response Time,Average Content Size,Requests/s,Failures/s,50%,66%,75%,80%,90%,95%,98%,99%,99.9%,99.99%,100%
GET,home,896,0,7.0,16.557475935241786,5.726811999920756,120.57835999439703,10563.654017857143,4.996915858441685,0.0,7.0,7.0,7.0,8.0,61.0,65.0,71.0,74.0,120.0,120.0,120.0
GET,viewCart,128,0,6.0,13.154043476276913,5.4861879980308,79.66678000229876,16480.4140625,0.7138451226345265,0.0,6.0,6.0,6.0,7.0,57.0,65.0,68.0,72.0,80.0,80.0,80.0
POST,addToCart,640,0,8.0,17.69113104691087,7.244656000693794,79.59602399932919,16724.9078125,3.569225613172632,0.0,8.0,8.0,9.0,9.0,67.0,70.0,74.0,76.0,80.0,80.0,80.0
POST,checkout,128,1,8.0,19.223879429830504,4.207285004667938,70.24568799533881,6794.828125,0.7138451226345265,0.0055769150205822,8.0,9.0,9.0,56.0,59.0,62.0,68.0,70.0,70.0,70.0,70.0
POST,cartEmpty,384,0,8.0,10.401368057368169,7.434074999764562,72.1071030056919,10514.8125,2.14153536790358,0.0,8.0,9.0,9.0,9.0,9.0,9.0,65.0,70.0,72.0,72.0,72.0
GET,logout,127,0,8.0,9.220262637921502,7.393620995571837,79.56836799712619,10499.0,0.7082682076139443,0.0,8.0,8.0,8.0,9.0,9.0,9.0,10.0,69.0,80.0,80.0,80.0
GET,viewProduct,1280,1280,5.080451999674551,12.02982050905825,4.860526998527348,5.080451999674551,7998.561213034354,7.138451226345264,0.0,5.555555555555555,6.0,6.0,6.0,37.111111111111114,62.111111111111114,69.0,71.11111111111111,74.55555555555556,74.55555555555556,74.55555555555556
POST,setCurrency,128,0,8.0,8.082275195022248,7.245828004670329,9.178203996270897,10514.8125,0.7138451226345265,0.0,8.0,8.0,8.0,8.0,9.0,9.0,9.0,9.0,9.0,9.0,9.0
,Aggregated,3711,1,7.0,13.97533176965658,4.207285004667938,120.57835999439703,10806.769603880355,20.695931641380685,0.0055769150205822,7.0,8.0,8.0,9.0,57.0,65.0,70.0,73.0,80.0,120.0,120.0
