Type,Name,Request Count,Failure Count,Median Response Time,Average Response Time,Min Response Time,Max Response Time,Average Content Size,Requests/s,Failures/s,50%,66%,75%,80%,90%,95%,98%,99%,99.9%,99.99%,100%
POST,addToCart,1411,0,200.0,226.00423862083326,13.033846014877781,1036.9844109809492,16713.37491141035,7.871851813338547,0.0,200,280,290,290,300,300,310,390,1000,1000,1000
POST,cartEmpty,317,0,300.0,310.7898986914154,100.77030400861986,1212.827579001896,10513.097791798107,1.7685166724509707,0.0,300,310,380,390,400,400,490,500,1200,1200,1200
POST,checkout,171,0,190.0,170.7119290459607,91.81989700300619,301.30547599401325,6808.461988304093,0.9539947980729211,0.0,190,200,200,200,200,210,290,300,300,300,300
GET,home,4174,0,290.0,264.69333421043837,10.460307996254414,1118.219065014273,10535.118591279348,23.286399340095745,0.0,290,300,300,300,310,390,400,400,1100,1100,1100
GET,logout,817,0,300.0,309.20612687551227,102.73159202188253,1201.7626029846724,10499.0,4.557975146348401,0.0,300,310,310,390,400,400,490,500,1200,1200,1200
POST,setCurrency,830,0,300.0,306.2773689630102,22.657155990600586,999.7935839928687,10513.751807228915,4.6305010666697335,0.0,300,310,310,390,400,400,410,490,1000,1000,1000
GET,viewCart,920,0,190.0,162.5581260134704,9.856836986728013,921.5838189993519,16604.715217391305,5.132603591971271,0.0,190,190,200,200,200,210,210,290,920,920,920
GET,viewProduct,4689,0,120.0,150.5464623634917,7.058396004140377,1002.7328389987815,7986.163361057795,26.1595415682101,0.0,120,190,190,200,200,200,210,290,860,1000,1000
,Aggregated,13329,0,200.0,218.60091194326804,7.058396004140377,1212.827579001896,10659.510165803886,74.36138399715769,0.0,200,290,290,300,300,390,400,400,1000,1200,1200
