Type,Name,Request Count,Failure Count,Median Response Time,Average Response Time,Min Response Time,Max Response Time,Average Content Size,Requests/s,Failures/s,50%,66%,75%,80%,90%,95%,98%,99%,99.9%,99.99%,100%
POST,addToCart,2059,0,190.0,172.46422291553077,10.65946000016993,938.533099993947,16987.76639145216,11.486318184597904,0.0,190,200,200,200,210,290,290,300,910,940,940
POST,cartEmpty,669,0,200.0,222.016333059739,84.96962399658514,619.0622290014289,10513.52615844544,3.732077156627488,0.0,200,220,290,290,300,300,310,310,620,620,620
POST,checkout,473,2,110.0,141.44230307615842,11.96661400172161,522.0312919991557,6799.788583509514,2.6386733857769835,0.011157181335209232,110,190,190,190,200,200,200,200,520,520,520
GET,home,2489,0,200.0,182.41576002089067,9.910109001793899,986.9494770027814,10553.723182000804,13.885112171667888,0.0,200,200,200,200,280,290,300,300,790,990,990
GET,logout,529,0,200.0,211.22415917373445,11.978794995229691,1003.8225419993978,10499.0,2.951074463162842,0.0,200,210,210,290,300,300,310,700,1000,1000,1000
POST,setCurrency,537,0,200.0,209.71886181750097,11.543674001586623,707.8981960003148,10513.709497206704,2.9957031885036787,0.0,200,210,220,290,300,300,310,390,710,710,710
GET,viewCart,908,0,100.0,123.35018634018128,7.599044001835864,937.6584829951753,16994.55286343612,5.065360326184991,0.0,100,110,180,190,190,200,200,210,940,940,940
GET,viewProduct,3916,0,100,111.04583740807199,5.988422999507748,938.8413920023595,7998.504085801838,21.845761054339675,0.0,100,100,110,110,190,190,200,200,840,940,940
,Aggregated,11580,2,120.0,155.07615503737972,5.988422999507748,1003.8225419993978,11178.662003454232,64.60007993086145,0.011157181335209232,120,190,200,200,210,290,300,300,900,1000,1000
