Type,Name,Request Count,Failure Count,Median Response Time,Average Response Time,Min Response Time,Max Response Time,Average Content Size,Requests/s,Failures/s,50%,66%,75%,80%,90%,95%,98%,99%,99.9%,99.99%,100%
POST,addToCart,2375,0,410.0,432.52075147194984,98.4685610019369,1089.9489500006894,16804.21347368421,13.248437301764138,0.0,410,490,500,500,580,600,600,680,900,1100,1100
POST,cartEmpty,1144,0,700.0,689.9167412747075,215.54167900467291,1181.6820410022046,10513.595279720279,6.381563062407652,0.0,700,710,790,790,800,810,900,910,1100,1200,1200
POST,checkout,479,3,290.0,277.82362655953176,105.73269100859761,991.0396240011323,6795.19624217119,2.6720006179136937,0.01673486817064944,290,300,300,310,390,400,410,480,990,990,990
GET,home,3436,0,600.0,599.0593552393543,34.05583600397222,1314.4901160121663,10556.179860302678,19.167002344783825,0.0,600,610,690,690,700,790,800,890,1300,1300,1300
GET,logout,559,0,690.0,667.9480729426733,402.96247899823356,1299.3463270104257,10499.0,3.118263769131012,0.0,690,700,710,710,800,880,980,1100,1300,1300,1300
POST,setCurrency,594,0,690.0,662.4057943385815,110.94790400238708,1289.4006190035725,10513.29797979798,3.3135038977885887,0.0,690,700,710,790,800,890,910,1100,1300,1300,1300
GET,viewCart,709,0,310.0,337.22063490511107,107.4067970039323,999.7136330057401,16721.535966149506,3.955007177663484,0.0,310,390,390,400,410,490,500,500,1000,1000,1000
GET,viewProduct,4890,0,290.0,275.8592668377725,11.77274300425779,1094.2249910003738,7996.597750511248,27.277835118158585,0.0,290,300,300,310,390,400,410,420,990,1100,1100
,Aggregated,14186,3,400.0,448.52955435535614,11.77274300425779,1314.4901160121663,10893.575708444945,79.13361328961098,0.01673486817064944,400,520,600,610,700,780,800,890,1200,1300,1300
