Type,Name,Request Count,Failure Count,Median Response Time,Average Response Time,Min Response Time,Max Response Time,Average Content Size,Requests/s,Failures/s,50%,66%,75%,80%,90%,95%,98%,99%,99.9%,99.99%,100%
POST,addToCart,1613,0,410.0,423.94690850961007,8.159924000210594,1006.1215850000735,16731.213267203966,8.991543598532965,0.0,410,490,500,500,590,600,690,700,850,1000,1000
POST,cartEmpty,382,0,710.0,681.7458947906844,8.391024995944463,1002.2821439997642,10511.157068062827,2.129429420111341,0.0,710,800,800,800,890,900,990,1000,1000,1000,1000
POST,checkout,204,1,290.0,277.25323434292386,8.941075000620913,695.54714300466,6799.176470588235,1.1371822034102448,0.005574422565736495,290,300,310,310,400,410,500,600,700,700,700
GET,home,4612,0,690.0,613.382125674823,6.36028000008082,1013.5991380011546,10533.518430182134,25.709236873176714,0.0,690,700,710,710,800,800,890,900,990,1000,1000
GET,logout,884,0,700.0,678.8805037319283,7.660399998712819,1004.6655749974889,10497.0,4.927789548111061,0.0,700,790,800,800,890,900,910,910,1000,1000,1000
POST,setCurrency,923,0,710.0,679.7049939891369,7.760032000078354,1010.5598130030558,10511.647887323943,5.145192028174784,0.0,710,800,800,800,890,900,910,990,1000,1000,1000
GET,viewCart,1015,0,310.0,328.8835562029257,5.686547003278974,751.5313570038415,16625.5881773399,5.658038904222542,0.0,310,390,400,400,410,500,510,510,600,750,750
GET,viewProduct,5228,0,300.0,278.7640648982738,5.234755000856239,995.1776379966759,7985.009563886763,29.143081173670392,0.0,300,300,310,320,400,400,420,500,650,1000,1000
,Aggregated,14861,1,400.0,460.8320257209744,5.234755000856239,1013.5991380011546,10670.380795370433,82.84149374941005,0.005574422565736495,400,600,690,700,790,800,890,900,1000,1000,1000
