Type,Name,Request Count,Failure Count,Median Response Time,Average Response Time,Min Response Time,Max Response Time,Average Content Size,Requests/s,Failures/s,50%,66%,75%,80%,90%,95%,98%,99%,99.9%,99.99%,100%
GET,home,4611,0,680.0,608.1797132789135,6.10050199975376,1095.724409999093,10535.479939275643,25.70364024575436,0.0,680.0,700.0,700.0,710.0,800.0,810.0,890.0,900.0,1000.0,1100.0,1100.0
GET,viewCart,1018,0,310.0,334.8148893025604,5.62375899971812,798.0947930045659,16621.93713163065,5.674757269611351,0.0,310.0,390.0,400.0,400.0,490.0,500.0,500.0,590.0,790.0,800.0,800.0
POST,addToCart,1614,0,410.0,422.4398801603559,7.751023000309942,1101.0751260037068,16724.679058240396,8.997110248676542,0.0,410.0,490.0,500.0,500.0,590.0,600.0,620.0,690.0,810.0,1100.0,1100.0
POST,checkout,204,0,290.0,262.4727604414183,8.918015002564061,496.9391640042886,6807.85294117647,1.1371812210223138,0.0,290.0,300.0,310.0,320.0,390.0,400.0,420.0,480.0,500.0,500.0,500.0
POST,cartEmpty,380,0,710.0,691.3806019341025,9.193546000460628,1073.499997997715,10513.313157894738,2.118278745041565,0.0,710.0,790.0,800.0,810.0,900.0,910.0,990.0,1000.0,1100.0,1100.0,1100.0
GET,logout,890,0,700.0,679.2525227742645,8.143238999764435,1097.8192600014154,10499.0,4.96123179759735,0.0,700.0,790.0,800.0,800.0,890.0,900.0,910.0,1000.0,1100.0,1100.0,1100.0
GET,viewProduct,5222,5222,300.0,281.8737270884395,5.109500001708511,5.540119000215782,7985.708003902637,29.10960949107119,0.0,300.0,300.0,310.0,331.1111111111111,400.0,407.77777777777777,483.3333333333333,521.1111111111111,876.6666666666666,876.6666666666666,876.6666666666666
POST,setCurrency,921,0,710.0,678.0625644353916,8.211281001422321,1096.2351459966158,10513.672095548318,5.13403874785074,0.0,710.0,790.0,800.0,800.0,900.0,910.0,1000.0,1000.0,1100.0,1100.0,1100.0
,Aggregated,14860,0,400.0,460.5706597290752,5.109500001708511,1101.0751260037068,10673.350201884254,82.8358477666254,0.0,400.0,600.0,690.0,700.0,790.0,800.0,890.0,900.0,1000.0,1100.0,1100.0
