Type,Name,Request Count,Failure Count,Median Response Time,Average Response Time,Min Response Time,Max Response Time,Average Content Size,Requests/s,Failures/s,50%,66%,75%,80%,90%,95%,98%,99%,99.9%,99.99%,100%
POST,addToCart,2258,0,300.0,286.88872876049965,13.926430998253636,1191.2879149895161,16998.37865367582,12.596460944179409,0.0,300,300,310,310,390,400,410,490,1100,1200,1200
POST,cartEmpty,718,0,400.0,398.79673865462365,97.68656200321857,1273.4345159988152,10513.782729805014,4.005429122196995,0.0,400,400,480,490,500,510,590,710,1300,1300,1300
POST,checkout,515,0,200.0,207.9896347220587,12.313792991335504,1102.6187800016487,6807.617475728155,2.8729749274811316,0.0,200,200,210,280,290,300,320,400,1100,1100,1100
GET,home,2763,0,310.0,343.8528727972596,10.285183001542464,1307.368548004888,10553.20159247195,15.413649950738577,0.0,310,390,400,400,400,490,500,800,1300,1300,1300
GET,logout,586,0,400.0,393.14089604767054,100.4969439964043,1185.5744439963019,10499.0,3.2690549660270745,0.0,400,400,410,480,500,500,590,710,1200,1200,1200
POST,setCurrency,604,0,400.0,395.49823144370026,23.022929002763703,1105.7105189975118,10513.862582781458,3.369469623686609,0.0,400,410,410,490,500,510,600,600,1100,1100,1100
GET,viewCart,1018,0,200.0,210.58520177128636,19.727631995920092,1031.627431002562,17005.35658153242,5.679006749855907,0.0,200,210,210,280,300,300,310,310,860,1000,1000
GET,viewProduct,4334,0,190.0,186.46842173524126,8.0450139939785,1103.9681260008365,7997.720812182741,24.177618127579077,0.0,190,200,200,200,210,290,310,770,1100,1100,1100
,Aggregated,12796,0,290.0,272.20243274425974,8.0450139939785,1307.368548004888,11180.995311034698,71.38366441174477,0.0,290,300,310,390,400,490,510,710,1100,1300,1300
