Type,Name,Request Count,Failure Count,Median Response Time,Average Response Time,Min Response Time,Max Response Time,Average Content Size,Requests/s,Failures/s,50%,66%,75%,80%,90%,95%,98%,99%,99.9%,99.99%,100%
POST,addToCart,2307,0,300.0,287.82224369247547,12.800836993847042,498.7377580109751,16998.129605548333,12.867294638886966,0.0,300,300,310,310,390,400,400,410,490,500,500
POST,cartEmpty,728,0,400.0,395.29795928059946,101.68732999591157,599.7462349914713,10514.309065934065,4.060420674950026,0.0,400,410,480,490,500,500,580,590,600,600,600
POST,checkout,530,3,200.0,196.09673992850935,17.182543990202248,392.7908949990524,6797.118867924528,2.9560754913784533,0.016732502781387472,200,200,210,210,290,300,300,300,390,390,390
GET,home,2818,0,310.0,338.52819640518265,21.35815899237059,598.5977189993719,10553.145493257629,15.717397612649966,0.0,310,390,400,400,400,480,490,500,590,600,600
GET,logout,601,0,400.0,388.9971990283085,99.71005898842122,601.8640760012204,10498.991680532446,3.352078057204624,0.0,400,400,410,410,490,500,500,590,600,600,600
POST,setCurrency,617,0,400.0,389.33855953470294,71.65964999876451,605.4802740109153,10513.45542949757,3.44131807203869,0.0,400,400,410,410,500,500,510,590,610,610,610
GET,viewCart,1038,0,200.0,206.05072464448432,18.014651999692433,389.93197098898236,17006.296724470136,5.789445962360065,0.0,200,210,210,280,290,300,300,310,390,390,390
GET,viewProduct,4415,0,190.0,176.46055361559237,8.751991001190618,403.3989370072959,7998.4575311438275,24.62466659327523,0.0,190,200,200,200,210,290,300,300,310,400,400
,Aggregated,13054,3,290.0,266.3283104358418,8.751991001190618,605.4802740109153,11182.224682089782,72.80869710274402,0.016732502781387472,290,300,310,390,400,410,500,500,590,600,610
