Type,Name,Request Count,Failure Count,Median Response Time,Average Response Time,Min Response Time,Max Response Time,Average Content Size,Requests/s,Failures/s,25%,50%,75%,80%,90%,95%,98%,99%,99.9%,99.99%,100%
POST,admin_create_user,20,20,1500.0,1309.0325629982544,212.06339599302737,2305.455040994275,143.0,0.11163447252083336,0.11163447252083336,600,1500,2200,2200,2300,2300,2300,2300,2300,2300,2300
POST,admin_login,20,0,860.0,1001.8522782498621,259.6047400002135,2255.07000899961,341.0,0.11163447252083336,0.0,560,960,1600,1600,2000,2300,2300,2300,2300,2300,2300
POST,get_trip_information,1320,0,1000.0,1201.6877192932152,19.0818649934954,4202.895889997308,635.0477272727272,7.367875186375002,0.0,110,1000,2100,2300,2800,3100,3400,3700,4200,4200,4200
GET,home,669,0,1,1.128705128556137,0.6240770017029718,9.743956004967913,18119.0,3.734173105821876,0.0,1,1,1,1,1,2,3,3,10,10,10
POST,login,1408,0,1500.0,1460.0897169814077,199.67108299897518,2305.698712996673,64.0,7.859066865466668,0.0,1300,1500,1600,1700,1800,1900,2000,2100,2300,2300,2300
,Aggregated,3437,20,1300.0,1073.3217665210484,0.6240770017029718,4202.895889997308,3799.728251382019,19.184384102705213,0.11163447252083336,52,1300,1600,1700,2100,2600,3100,3400,4000,4200,4200
