Type,Name,Request Count,Failure Count,Median Response Time,Average Response Time,Min Response Time,Max Response Time,Average Content Size,Requests/s,Failures/s,50%,66%,75%,80%,90%,95%,98%,99%,99.9%,99.99%,100%
POST,addToCart,1456,0,300.0,304.64359017490665,7.977209010277875,599.9211629969068,16726.457417582416,8.122313457030588,0.0,300,310,390,390,400,410,490,500,590,600,600
POST,cartEmpty,349,0,500.0,482.0264463213187,9.802533997572027,788.7318989960477,10513.601719197708,1.946900684411865,0.0,500,510,520,590,600,610,690,700,790,790,790
POST,checkout,188,1,200.0,215.3294229836784,8.858410990796983,398.2767080015037,6798.558510638298,1.0487602540671364,0.005578511989718811,200,210,290,290,300,310,390,400,400,400,400
GET,home,4109,0,410.0,423.9672593334809,6.5025860094465315,697.8118090046337,10536.177902165977,22.922105765754594,0.0,410,490,500,500,510,590,600,600,690,700,700
GET,logout,796,0,500.0,475.6587750188689,8.74193399795331,798.4637039917288,10499.0,4.440495543816174,0.0,500,500,590,590,600,600,690,700,800,800,800
POST,setCurrency,819,0,500.0,470.6986660319325,8.228459002566524,713.6676269874442,10514.105006105006,4.568801319579706,0.0,500,500,520,590,600,610,690,700,710,710,710
GET,viewCart,914,0,210.0,229.2451384202423,5.734489997848868,405.59106299770065,16615.51750547046,5.098759958602993,0.0,210,290,290,300,300,310,390,390,410,410,410
GET,viewProduct,4672,0,200.0,197.24308608070803,5.280740006128326,409.5391299924813,7986.702268835616,26.062808015966283,0.0,200,200,210,210,290,300,300,310,400,410,410
,Aggregated,13303,1,300.0,322.44817291312813,5.280740006128326,798.4637039917288,10679.017138991205,74.21094499922934,0.005578511989718811,300,400,480,490,500,590,600,610,700,790,800
