{"RES_TIME": {"precision": 0.38461538461538464, "recall": 1, "mhd": 0.0}, "CPU": {"precision": 0.7692307692307693, "recall": 1, "mhd": 0.0}, "MEM": {"precision": 0.9090909090909091, "recall": 1, "mhd": 0.0}}