{"RES_TIME": {"precision": 0.6923076923076923, "recall": 1, "mhd": 0.0}, "CPU": {"precision": 0.8461538461538461, "recall": 1, "mhd": 0.0}, "MEM": {"precision": 0.9090909090909091, "recall": 1, "mhd": 0.0}}