Type,Name,Request Count,Failure Count,Median Response Time,Average Response Time,Min Response Time,Max Response Time,Average Content Size,Requests/s,Failures/s,50%,66%,75%,80%,90%,95%,98%,99%,99.9%,99.99%,100%
POST,addToCart,2569,0,500.0,532.6685134017217,111.0413080023136,1397.7006299974164,16801.124951342936,14.325817926281218,0.0,500,590,600,600,690,700,800,900,1300,1400,1400
POST,cartEmpty,1250,0,810.0,834.8361086423047,314.2949850007426,1691.3329290036927,10514.4544,6.970522541008767,0.0,810,890,900,910,990,1000,1100,1200,1600,1700,1700
POST,checkout,518,5,310.0,343.6065932065682,108.57740099891089,1306.0817509976914,6789.880308880309,2.888584540994033,0.027882090164035065,310,390,400,400,480,500,580,990,1300,1300,1300
GET,home,3725,0,710.0,730.8741446818858,98.14103999815416,1697.1122009999817,10557.24322147651,20.772157172206125,0.0,710,790,800,800,890,900,1000,1200,1700,1700,1700
GET,logout,602,0,800.0,790.100759805667,409.5563450027839,1610.5884729986428,10498.975083056479,3.357003655749822,0.0,800,810,820,890,900,990,1000,1100,1600,1600,1600
POST,setCurrency,648,0,800.0,785.8137711927168,32.91031999833649,1708.429532001901,10514.703703703704,3.613518885258945,0.0,800,810,890,900,910,1000,1100,1200,1700,1700,1700
GET,viewCart,754,0,400.0,409.52789275607256,190.63788399944315,1009.8304599960102,16716.89124668435,4.204619196736488,0.0,400,410,490,490,500,590,600,690,1000,1000,1000
GET,viewProduct,5312,0,310.0,341.2717318748757,12.278123998839874,1197.6401709980564,7996.264683734939,29.621932590270855,0.0,310,390,400,400,410,500,590,810,1100,1200,1200
,Aggregated,15378,5,500.0,547.466016578633,12.278123998839874,1708.429532001901,10883.252178436727,85.75415650850626,0.027882090164035065,500,690,710,790,810,900,1000,1000,1500,1700,1700
