Type,Name,Request Count,Failure Count,Median Response Time,Average Response Time,Min Response Time,Max Response Time,Average Content Size,Requests/s,Failures/s,50%,66%,75%,80%,90%,95%,98%,99%,99.9%,99.99%,100%
POST,addToCart,2369,0,390.0,400.1309071933739,100.05772599834017,2296.5859240066493,16803.155339805824,13.210923823627981,0.0,390,400,410,480,500,580,900,1000,2200,2300,2300
POST,cartEmpty,1167,0,590.0,578.0575937916848,211.6843880066881,2105.885914992541,10511.028277634961,6.507871718942108,0.0,590,600,610,610,700,800,1100,1200,2100,2100,2100
POST,checkout,482,3,280.0,264.5230643547583,99.58864099462517,1099.8738880007295,6795.721991701244,2.6879127408141357,0.016729747349465574,280,290,300,300,310,400,700,910,1100,1100,1100
GET,home,3398,0,490.0,491.7597671408964,78.0978020047769,1410.613955988083,10554.43908181283,18.949227164494673,0.0,490,500,510,590,600,610,920,1100,1300,1400,1400
GET,logout,555,0,510.0,547.6282233406154,300.3017959999852,1284.5249259989941,10497.0,3.095003259651131,0.0,510,590,600,600,690,710,1100,1100,1300,1300,1300
POST,setCurrency,575,0,510.0,546.5147860501589,25.530722006806172,1385.3796339972178,10511.158260869564,3.2065349086475683,0.0,510,590,600,600,690,710,1000,1200,1400,1400,1400
GET,viewCart,707,0,300.0,295.48088359424867,19.46681900881231,1036.7943839955842,16743.82036775106,3.9426437920240534,0.0,300,300,310,310,390,410,750,890,1000,1000,1000
GET,viewProduct,4848,0,210.0,257.2509431693647,10.611657999106683,1102.7557479974348,7995.8861386138615,27.035271716736368,0.0,210,290,300,300,310,400,790,820,1100,1100,1100
,Aggregated,14101,3,390.0,389.7057201601916,10.611657999106683,2296.5859240066493,10898.819587263315,78.63538912493802,0.016729747349465574,390,480,500,500,600,690,890,1000,1300,2300,2300
