Type,Name,Request Count,Failure Count,Median Response Time,Average Response Time,Min Response Time,Max Response Time,Average Content Size,Requests/s,Failures/s,50%,66%,75%,80%,90%,95%,98%,99%,99.9%,99.99%,100%
GET,home,3483,0,500.0,487.4023638792586,97.46874400298113,1395.9441829938442,10552.790984783232,19.42226750646014,0.0,500.0,500.0,510.0,520.0,600.0,610.0,700.0,900.0,1200.0,1400.0,1400.0
GET,viewCart,716,0,300.0,291.53819755577405,97.13965698028916,972.2899180196692,16723.611731843575,3.992633802648711,0.0,300.0,300.0,300.0,310.0,390.0,400.0,410.0,710.0,970.0,970.0,970.0
POST,addToCart,2434,0,390.0,382.7919882535595,102.6510789815802,1306.5065839909948,16803.601479046836,13.57272440732816,0.0,390.0,400.0,410.0,410.0,490.0,500.0,590.0,620.0,1300.0,1300.0,1300.0
POST,checkout,500,4,210.0,248.33609329123283,104.4730139838066,990.5018669960556,6792.194,2.788152096821725,0.0223052167745738,210.0,290.0,300.0,300.0,310.0,390.0,400.0,610.0,990.0,990.0,990.0
POST,cartEmpty,1194,0,590.0,570.1011550041445,296.8715880124364,1591.507223987719,10511.565326633166,6.65810720721028,0.0,590.0,600.0,600.0,610.0,700.0,710.0,810.0,1000.0,1600.0,1600.0,1600.0
GET,logout,566,0,510.0,549.5970065637295,303.6341560073197,1213.426239992259,10496.991166077738,3.1561881736021933,0.0,510.0,590.0,600.0,600.0,680.0,700.0,800.0,1100.0,1200.0,1200.0,1200.0
GET,viewProduct,4976,4976,210.0,242.1518475543837,9.316093986853955,101.540803007083,7995.665764151705,27.747689667569812,0.0,210.0,290.0,295.55555555555554,300.0,302.22222222222223,318.8888888888889,418.8888888888889,534.4444444444445,924.4444444444445,924.4444444444445,924.4444444444445
POST,setCurrency,594,0,510.0,545.7766516158053,91.96901298128068,1412.412815989228,10511.200336700336,3.31232469102421,0.0,510.0,590.0,600.0,600.0,690.0,700.0,800.0,890.0,1400.0,1400.0,1400.0
,Aggregated,14463,4,390.0,379.1292381002939,9.316093986853955,1591.507223987719,10893.111041969163,80.65008755266523,0.0223052167745738,390.0,420.0,500.0,500.0,590.0,610.0,700.0,800.0,1200.0,1600.0,1600.0
