Type,Name,Request Count,Failure Count,Median Response Time,Average Response Time,Min Response Time,Max Response Time,Average Content Size,Requests/s,Failures/s,50%,66%,75%,80%,90%,95%,98%,99%,99.9%,99.99%,100%
POST,addToCart,1454,0,290.0,274.315146243417,7.621808999829227,1018.0265729977691,16712.557771664375,8.107550149825515,0.0,290,300,300,310,390,400,410,480,1000,1000,1000
POST,cartEmpty,330,0,400.0,407.02065176969467,9.324351998657221,610.1924539980246,10513.118181818181,1.8400904741694775,0.0,400,490,490,500,500,590,600,600,610,610,610
POST,checkout,178,0,200.0,196.92036257884263,9.129284997470677,314.8664500004088,6807.561797752809,0.9925336497035363,0.0,200,200,210,280,290,300,300,310,310,310,310
GET,home,4305,0,390.0,346.92456391192934,6.218342001375277,1291.4800489998015,10532.932636469222,24.00481664030182,0.0,390,400,400,400,410,490,500,510,1100,1300,1300
GET,logout,840,0,400.0,406.2124273570719,7.690422997256974,996.7349150028895,10497.0,4.683866661522306,0.0,400,480,490,500,500,510,590,600,1000,1000,1000
POST,setCurrency,856,0,400.0,402.12985969390735,7.74602200181107,1009.8112800005765,10511.371495327103,4.773083169360826,0.0,400,420,490,500,500,520,600,600,1000,1000,1000
GET,viewCart,943,0,200.0,203.8107538302952,5.554053001105785,1089.7819649981102,16605.622481442206,5.258197930732779,0.0,200,210,210,280,290,300,300,310,1100,1100,1100
GET,viewProduct,4834,0,200.0,178.93653397720306,5.224602999078343,1092.795168999146,7984.523169218039,26.95453743071289,0.0,200,200,200,200,210,290,300,300,1000,1100,1100
,Aggregated,13740,0,290.0,276.8811830340264,5.224602999078343,1291.4800489998015,10654.79694323144,76.61467610632914,0.0,290,310,390,400,410,490,500,590,1000,1300,1300
