Type,Name,Request Count,Failure Count,Median Response Time,Average Response Time,Min Response Time,Max Response Time,Average Content Size,Requests/s,Failures/s,50%,66%,75%,80%,90%,95%,98%,99%,99.9%,99.99%,100%
GET,home,2657,0,200.0,217.00037784006383,12.04524000058882,1112.998504017014,10549.51750094091,14.81243385171203,0.0,200.0,210.0,220.0,290.0,300.0,300.0,400.0,800.0,1000.0,1100.0,1100.0
GET,viewCart,967,0,110.0,154.1478849254077,10.025122988736255,914.6574960032012,16975.919338159256,5.390900841025793,0.0,110.0,190.0,190.0,200.0,200.0,200.0,290.0,640.0,910.0,910.0,910.0
POST,addToCart,2090,0,200.0,214.7560938012883,10.7373510254547,1184.951250004815,16995.96028708134,11.651481652268776,0.0,200.0,210.0,210.0,290.0,300.0,300.0,310.0,810.0,1100.0,1200.0,1200.0
POST,checkout,472,4,190.0,173.59963116399803,86.27381798578426,1097.7736990025733,6792.057203389831,2.631339397067398,0.0222994864158254,190.0,190.0,200.0,200.0,200.0,280.0,300.0,990.0,1100.0,1100.0,1100.0
POST,cartEmpty,643,0,290.0,270.2576695305178,91.44555500824936,1204.121454997221,10511.744945567652,3.584642441343935,0.0,290.0,300.0,300.0,300.0,310.0,390.0,790.0,910.0,1200.0,1200.0,1200.0
GET,logout,568,0,210.0,256.09284821652,14.264193014241757,1001.1095420049968,10497.0,3.166527071047208,0.0,210.0,290.0,300.0,300.0,310.0,400.0,410.0,800.0,1000.0,1000.0,1000.0
GET,viewProduct,4087,4087,110.0,136.89992386722594,7.0868269831407815,10.665448004147038,7996.775743175463,22.78450024536961,0.0,107.77777777777777,128.88888888888889,190.0,190.0,198.88888888888889,200.0,224.44444444444446,651.1111111111111,1003.3333333333334,1003.3333333333334,1003.3333333333334
POST,setCurrency,579,0,220.0,254.65690627794055,21.82980498764664,1102.7786890044808,10511.525043177891,3.2278506586907283,0.0,220.0,290.0,300.0,300.0,310.0,390.0,400.0,610.0,1100.0,1100.0,1100.0
,Aggregated,12063,4,190.0,189.2192613739564,7.0868269831407815,1204.121454997221,11163.461825416563,67.24967615852547,0.0222994864158254,190.0,200.0,210.0,210.0,300.0,300.0,400.0,790.0,1100.0,1200.0,1200.0
