Type,Name,Request Count,Failure Count,Median Response Time,Average Response Time,Min Response Time,Max Response Time,Average Content Size,Requests/s,Failures/s,50%,66%,75%,80%,90%,95%,98%,99%,99.9%,99.99%,100%
POST,addToCart,2120,0,200.0,208.33789356597748,20.01926199591253,1023.7483829987468,17006.80896226415,11.823605351486886,0.0,200,200,210,210,290,300,300,530,1000,1000,1000
POST,cartEmpty,651,0,280.0,262.74417010304046,86.1922659969423,1205.3578329941956,10511.477726574502,3.6307391904801714,0.0,280,290,300,300,300,380,600,1000,1200,1200,1200
POST,checkout,482,0,190.0,168.75663366797548,16.259152005659416,949.0587569889612,6807.730290456431,2.6881970657625844,0.0,190,190,200,200,200,210,290,800,950,950,950
GET,home,2694,0,200.0,216.1769124881244,10.389609000412747,1108.5847879876383,10549.241648106905,15.024902272125317,0.0,200,210,210,290,300,300,390,710,1100,1100,1100
GET,logout,578,0,210.0,256.2537528250951,96.00938300718553,1099.939630003064,10497.0,3.2236056099808588,0.0,210,290,300,300,300,380,400,910,1100,1100,1100
POST,setCurrency,589,0,220.0,253.765024139216,23.066499998094514,1014.414591001696,10511.48896434635,3.2849545056725358,0.0,220,290,300,300,300,310,400,410,1000,1000,1000
GET,viewCart,982,0,110.0,150.48474873511972,9.843307998380624,1012.9195939953206,16988.06619144603,5.4767832335660955,0.0,110,190,190,200,200,200,210,310,1000,1000,1000
GET,viewProduct,4143,0,110.0,132.60303629355687,6.983277999097481,1034.2472070042277,7996.304610185855,23.106224986419893,0.0,110,110,190,190,200,200,200,220,940,1000,1000
,Aggregated,12239,0,190.0,185.56881769269614,6.983277999097481,1205.3578329941956,11166.589917476918,68.25901221549434,0.0,190,200,200,210,290,300,310,630,1100,1200,1200
