Type,Name,Request Count,Failure Count,Median Response Time,Average Response Time,Min Response Time,Max Response Time,Average Content Size,Requests/s,Failures/s,50%,66%,75%,80%,90%,95%,98%,99%,99.9%,99.99%,100%
POST,addToCart,1470,0,310.0,344.3992788878469,12.113685996155255,591.7250269994838,16711.696598639457,8.199432500568735,0.0,310,390,400,400,410,490,500,500,590,590,590
POST,cartEmpty,334,0,590.0,557.2928163568641,104.06308399979025,794.3261089967564,10511.526946107784,1.8630003096530323,0.0,590,600,600,610,690,700,710,780,790,790,790
POST,checkout,180,1,210.0,226.0164554771715,91.29568299977109,411.4529450016562,6798.127777777778,1.0040121429267839,0.005577845238482133,210,290,290,290,300,310,380,400,410,410,410
GET,home,4306,0,500.0,499.2079414735891,13.760329995420761,796.6696709918324,10534.996980956805,24.018201596904063,0.0,500,510,590,590,600,610,690,700,710,800,800
GET,logout,840,0,590.0,555.1205688950133,98.88123099517543,812.847895998857,10499.0,4.6853900003249915,0.0,590,600,600,600,690,700,710,790,810,810,810
POST,setCurrency,860,0,590.0,547.9423524161597,48.22598600003403,801.1591579997912,10513.533720930232,4.796946905094634,0.0,590,600,600,600,690,700,700,790,800,800,800
GET,viewCart,953,0,290.0,264.2244663571452,9.73010300367605,490.5067439976847,16600.08814270724,5.315686512273473,0.0,290,300,300,300,310,390,400,400,490,490,490
GET,viewProduct,4851,0,200.0,223.00585885031055,7.6307150011416525,506.0624339967035,7986.018346732632,27.058127251876826,0.0,200,210,290,290,300,300,310,390,410,510,510
,Aggregated,13794,1,390.0,373.62723918156,7.6307150011416525,812.847895998857,10662.988400753951,76.94079721962254,0.005577845238482133,390,490,500,510,600,600,690,700,790,800,810
