Type,Name,Request Count,Failure Count,Median Response Time,Average Response Time,Min Response Time,Max Response Time,Average Content Size,Requests/s,Failures/s,50%,66%,75%,80%,90%,95%,98%,99%,99.9%,99.99%,100%
POST,addToCart,2350,0,310.0,345.4471284206808,14.269128005253151,1006.0759939951822,16803.620851063828,13.101500533668107,0.0,310,390,400,400,410,490,500,690,1000,1000,1000
POST,cartEmpty,1152,0,500.0,499.47905111000387,99.01016298681498,1403.0537829967216,10512.871527777777,6.4225228148024085,0.0,500,510,570,590,600,610,700,880,1200,1400,1400
POST,checkout,476,3,210.0,229.80711373451368,95.11945297708735,998.4364429838024,6796.254201680672,2.6537507463940506,0.016725319830214604,210,280,290,290,300,310,390,400,1000,1000,1000
GET,home,3408,0,410.0,423.6784363949115,11.030455003492534,1307.9874929971993,10556.042253521127,18.99996332712379,0.0,410,490,490,500,500,510,600,610,1200,1300,1300
GET,logout,560,0,500.0,491.3248436264049,112.18928502057679,1405.2549850021023,10499.0,3.1220597016400595,0.0,500,500,510,590,600,610,710,1100,1400,1400,1400
POST,setCurrency,581,0,500.0,487.79912368887744,21.95329501410015,1413.908620015718,10512.900172117039,3.2391369404515618,0.0,500,500,510,590,600,600,700,800,1400,1400,1400
GET,viewCart,701,0,290.0,256.057546536399,9.241802006727085,1080.3271110053174,16719.76604850214,3.9081497336601463,0.0,290,290,300,300,300,310,390,400,1100,1100,1100
GET,viewProduct,4847,0,200.0,219.837547768685,8.010396006284282,998.4632490086369,7996.197854342892,27.02254173901673,0.0,200,210,280,290,300,300,310,400,970,1000,1000
,Aggregated,14075,3,310.0,337.0576947417163,8.010396006284282,1413.908620015718,10889.869129662522,78.46962553675685,0.016725319830214604,310,400,410,490,500,590,600,700,1200,1400,1400
