Type,Name,Request Count,Failure Count,Median Response Time,Average Response Time,Min Response Time,Max Response Time,Average Content Size,Requests/s,Failures/s,50%,66%,75%,80%,90%,95%,98%,99%,99.9%,99.99%,100%
POST,addToCart,2311,0,390.0,376.3944569372269,7.732664002105594,1211.3302369980374,17003.991778450887,12.882842044665965,0.0,390,400,410,480,500,510,810,1000,1200,1200,1200
POST,cartEmpty,726,0,590.0,551.2036235577348,8.50018099299632,1406.7308079975192,10514.505509641873,4.047141204858282,0.0,590,600,610,620,700,720,1100,1200,1400,1400,1400
POST,checkout,527,3,210.0,245.51635636103984,8.184341000742279,1117.7494139992632,6798.774193548387,2.937800847052775,0.016723723987017696,210,290,290,300,310,390,700,900,1100,1100,1100
GET,home,2836,0,500.0,478.58573356994305,6.740265991538763,1384.2192550073378,10553.233074753174,15.80949374239406,0.0,500,510,580,590,600,680,900,1100,1300,1400,1400
GET,logout,597,0,520.0,538.2815301988682,9.050009000930004,1300.669846998062,10499.0,3.3280210734165214,0.0,520,600,600,610,700,700,1000,1200,1300,1300,1300
POST,setCurrency,621,0,590.0,532.9242251643662,8.22758799768053,1400.0245920033194,10514.230273752013,3.461810865312663,0.0,590,600,600,610,690,700,980,1100,1400,1400,1400
GET,viewCart,1045,0,300.0,290.9140427035678,5.720695000491105,1117.0310849993257,17009.34736842105,5.825430522144497,0.0,300,300,310,380,400,410,730,890,1000,1100,1100
GET,viewProduct,4433,0,210.0,242.45217521989002,5.176349004614167,1096.8763819982996,7997.527633656666,24.712089478149814,0.0,210,290,300,300,310,390,750,890,1000,1100,1100
,Aggregated,13096,3,310.0,365.5905135630948,5.176349004614167,1406.7308079975192,11184.081169822846,73.00462977799458,0.016723723987017696,310,410,500,500,600,690,800,1000,1300,1400,1400
