Type,Name,Request Count,Failure Count,Median Response Time,Average Response Time,Min Response Time,Max Response Time,Average Content Size,Requests/s,Failures/s,50%,66%,75%,80%,90%,95%,98%,99%,99.9%,99.99%,100%
POST,addToCart,2191,0,300.0,278.84912414855967,7.526425994001329,1285.5560909956694,16794.26654495664,12.247265139702746,0.0,300,300,310,310,390,400,410,490,1200,1300,1300
POST,cartEmpty,1070,0,400.0,406.7994174373143,7.860084006097168,1294.28353800904,10510.846728971963,5.981092514596959,0.0,400,410,490,490,500,590,700,1100,1200,1300,1300
POST,checkout,440,4,200.0,200.69572516638965,8.031472010770813,1051.4712479780428,6791.388636363637,2.459514678899684,0.02235922435363349,200,200,210,210,290,300,390,700,1100,1100,1100
GET,home,3241,0,320.0,344.9366720578304,6.230067985597998,1289.112981990911,10553.40234495526,18.116561532531538,0.0,320,390,400,400,410,490,590,710,1200,1300,1300
GET,logout,533,0,400.0,396.40210476580756,8.054725010879338,1205.1609070040286,10497.0,2.979366645121663,0.0,400,410,480,490,500,510,600,900,1200,1200,1200
POST,setCurrency,557,0,400.0,394.65834432079026,7.792169024469331,1300.6932129792403,10510.856373429084,3.1135219912434637,0.0,400,410,490,490,500,590,600,700,1300,1300,1300
GET,viewCart,662,0,200.0,202.03387036320282,5.757349979830906,994.12374701933,16701.43504531722,3.700451630526343,0.0,200,210,210,210,290,300,310,310,990,990,990
GET,viewProduct,4570,0,190.0,179.17601421185137,5.26221701875329,1102.0862370205577,7994.76761487965,25.545413824026266,0.0,190,200,200,200,210,290,300,690,1100,1100,1100
,Aggregated,13264,4,290.0,274.13808109435433,5.26221701875329,1300.6932129792403,10877.300814234017,74.14318795664866,0.02235922435363349,290,310,390,390,410,490,580,700,1200,1300,1300
