Type,Name,Request Count,Failure Count,Median Response Time,Average Response Time,Min Response Time,Max Response Time,Average Content Size,Requests/s,Failures/s,50%,66%,75%,80%,90%,95%,98%,99%,99.9%,99.99%,100%
POST,addToCart,2138,0,300.0,292.0746094682131,7.572772999992594,1184.6299399985583,16797.23433115061,11.924262018619485,0.0,300,300,310,310,400,410,800,910,1100,1200,1200
POST,cartEmpty,1044,0,400.0,403.88138147992635,8.004184997844277,1294.9737959970662,10510.927203065134,5.822698572235146,0.0,400,410,490,490,500,590,820,1000,1300,1300,1300
POST,checkout,431,0,200.0,207.2569026357492,7.966732999193482,996.7152310018719,6806.269141531323,2.403815215166042,0.0,200,200,210,270,290,300,310,800,1000,1000,1000
GET,home,3161,0,310.0,343.71008182097603,5.839399000251433,1294.5797239990497,10553.266371401456,17.629837343711973,0.0,310,390,400,400,410,490,890,1000,1200,1300,1300
GET,logout,521,0,400.0,405.043674109415,7.61240599968005,1297.890958001517,10497.0,2.9057719886345894,0.0,400,410,480,490,500,590,920,1100,1300,1300,1300
POST,setCurrency,542,0,400.0,410.1088767639907,7.665004002774367,1197.4910159988212,10510.843173431735,3.0228952357772503,0.0,400,410,490,490,500,600,1000,1100,1200,1200,1200
GET,viewCart,649,0,200.0,212.47110348221855,5.4708120005670935,996.7058719994384,16712.13559322034,3.619666066456523,0.0,200,210,210,280,300,300,310,830,1000,1000,1000
GET,viewProduct,4456,0,200.0,194.04897233256332,5.104972999106394,1100.8096349978587,7995.075403949731,24.852437584176066,0.0,200,200,200,200,280,300,680,870,1100,1100,1100
,Aggregated,12942,0,290.0,282.62909158330643,5.104972999106394,1297.890958001517,10880.568536547675,72.18138402477707,0.0,290,300,390,390,410,500,800,970,1200,1300,1300
