Type,Name,Request Count,Failure Count,Median Response Time,Average Response Time,Min Response Time,Max Response Time,Average Content Size,Requests/s,Failures/s,50%,66%,75%,80%,90%,95%,98%,99%,99.9%,99.99%,100%
GET,home,2749,0,190.0,177.86342024014914,6.087386005674489,1193.8813520100666,10555.811931611495,15.320065100255366,0.0,190.0,200.0,200.0,200.0,210.0,290.0,500.0,820.0,1100.0,1200.0,1200.0
GET,viewCart,578,0,100.0,116.3399413131962,5.544464002014138,1037.429919000715,16737.389273356403,3.221170472152638,0.0,100.0,100.0,110.0,110.0,190.0,200.0,200.0,200.0,1000.0,1000.0,1000.0
POST,addToCart,1957,0,190.0,170.31467910507567,7.628730993019417,1103.0002339975908,16807.085334695963,10.90628133910504,0.0,190.0,200.0,200.0,200.0,200.0,280.0,300.0,740.0,1100.0,1100.0,1100.0
POST,checkout,402,4,100.0,136.6797730200536,7.919705996755511,1011.359447002178,6788.9303482587065,2.240329636341454,0.0222918371775269,100.0,190.0,190.0,190.0,200.0,200.0,200.0,210.0,1000.0,1000.0,1000.0
POST,cartEmpty,966,0,200.0,211.30223288994972,8.078935992671177,1202.1799159992952,10511.737060041409,5.383478678372748,0.0,200.0,210.0,210.0,290.0,300.0,300.0,390.0,790.0,1200.0,1200.0,1200.0
GET,logout,454,0,200.0,209.4307444471197,7.5569250038824975,1003.879362004227,10496.98898678414,2.530123519649304,0.0,200.0,200.0,210.0,210.0,300.0,300.0,600.0,990.0,1000.0,1000.0,1000.0
GET,viewProduct,3965,3965,100.0,114.15172294865546,5.127768992679194,5.419894005171955,7996.44001449051,22.09678360222355,0.0,100.0,100.0,110.0,110.0,190.0,194.44444444444446,298.8888888888889,576.6666666666666,977.7777777777778,977.7777777777778,977.7777777777778
POST,setCurrency,466,0,200.0,218.32041963986737,7.628905994351953,1002.9350969998632,10511.845493562232,2.5969990311818845,0.0,200.0,210.0,210.0,290.0,300.0,300.0,700.0,990.0,1000.0,1000.0,1000.0
,Aggregated,11537,4,110.0,155.83945828054502,5.127768992679194,1202.1799159992952,10907.361792493715,64.29523137928199,0.0222918371775269,110.0,190.0,200.0,200.0,210.0,290.0,310.0,780.0,1100.0,1200.0,1200.0
