Type,Name,Request Count,Failure Count,Median Response Time,Average Response Time,Min Response Time,Max Response Time,Average Content Size,Requests/s,Failures/s,50%,66%,75%,80%,90%,95%,98%,99%,99.9%,99.99%,100%
GET,home,2788,0,190.0,171.53709567906347,6.237252993742004,1102.2456089995103,10555.286585365851,15.541201212209806,0.0,190.0,200.0,200.0,200.0,210.0,280.0,300.0,690.0,1000.0,1100.0,1100.0
GET,viewCart,588,0,100.0,119.8468623723394,5.780342005891725,1006.6246640053578,16719.95238095238,3.277699538299629,0.0,100.0,110.0,110.0,190.0,190.0,200.0,200.0,210.0,1000.0,1000.0,1000.0
POST,addToCart,1986,0,190.0,169.32087394122297,7.616850998601876,1095.943148000515,16811.469788519636,11.07059742017528,0.0,190.0,200.0,200.0,200.0,200.0,280.0,290.0,300.0,1000.0,1100.0,1100.0
POST,checkout,408,0,110.0,140.92222050224817,7.982119990629144,1007.223360997159,6807.77205882353,2.274322128616069,0.0,110.0,190.0,190.0,190.0,200.0,200.0,200.0,290.0,1000.0,1000.0,1000.0
POST,cartEmpty,975,0,200.0,216.1682505764885,8.118505007587373,1106.7434330034305,10511.321025641026,5.434960969119284,0.0,200.0,210.0,220.0,290.0,300.0,300.0,390.0,730.0,1100.0,1100.0,1100.0
GET,logout,462,0,200.0,194.7337204615134,7.564131010440178,1025.9005230036564,10497.0,2.575335351521137,0.0,200.0,200.0,210.0,210.0,290.0,300.0,300.0,400.0,1000.0,1000.0,1000.0
GET,viewProduct,4020,4020,100.0,111.17975454965553,4.992303001927212,5.412505008280277,7996.058666507113,22.408762149599507,0.0,100.0,100.0,106.66666666666667,110.0,190.0,192.22222222222223,237.77777777777777,487.77777777777777,955.5555555555555,955.5555555555555,955.5555555555555
POST,setCurrency,474,0,200.0,208.85799933974735,7.277447002707049,1015.1292780064978,10511.402953586496,2.642227178833375,0.0,200.0,200.0,210.0,280.0,290.0,300.0,390.0,900.0,1000.0,1000.0,1000.0
,Aggregated,11701,0,110.0,152.90409145429803,4.992303001927212,1106.7434330034305,10909.240406802835,65.2251059483741,0.0,110.0,190.0,200.0,200.0,210.0,290.0,300.0,620.0,1000.0,1100.0,1100.0
