Type,Name,Request Count,Failure Count,Median Response Time,Average Response Time,Min Response Time,Max Response Time,Average Content Size,Requests/s,Failures/s,50%,66%,75%,80%,90%,95%,98%,99%,99.9%,99.99%,100%
POST,addToCart,2006,0,190.0,166.27775681301023,8.121952996589243,1039.4205080228858,16815.563808574276,11.191506646631442,0.0,190,200,200,200,210,290,300,300,870,1000,1000
POST,cartEmpty,990,0,200.0,211.43566672687274,8.02844000281766,817.767542990623,10511.41111111111,5.523226111747322,0.0,200,210,290,290,300,300,310,390,820,820,820
POST,checkout,414,1,110.0,134.8716911999284,8.109828020678833,299.9324650154449,6799.65458937198,2.309712737639789,0.005579016274492245,110,190,190,190,200,200,200,210,300,300,300
GET,home,2813,0,190.0,178.30985155664425,6.5483590005896986,1094.4502050115261,10555.634909349448,15.693772780146684,0.0,190,200,200,200,210,290,300,500,1000,1100,1100
GET,logout,465,0,200.0,194.67195469356562,7.949006016133353,800.7365069934167,10497.0,2.5942425676388936,0.0,200,200,210,210,290,300,310,390,800,800,800
POST,setCurrency,474,0,200.0,203.98780606310808,8.070982003118843,1046.0453940031584,10511.852320675105,2.644453714109324,0.0,200,210,210,290,300,300,380,390,1000,1000,1000
GET,viewCart,595,0,100.0,115.0696993158825,5.858016986167058,287.49595099361613,16738.83025210084,3.3195146833228857,0.0,100,110,110,190,190,200,200,200,290,290,290
GET,viewProduct,4058,0,100.0,106.15452948667418,5.181517015444115,1027.7776260045357,7995.337111877772,22.63964804188953,0.0,100,100,100,110,190,190,200,200,940,1000,1000
,Aggregated,11815,1,110.0,151.22735620553604,5.181517015444115,1094.4502050115261,10911.11138383411,65.91607728312587,0.005579016274492245,110,190,200,200,210,290,300,310,940,1000,1100
