{"RES_TIME": {"precision": 0.07692307692307693, "recall": 1, "mhd_pos": 0.0, "mhd_false": 5.25, "true_positive": 1, "true_negative": 0, "false_positive": 12, "false_negative": 0}, "CPU": {"precision": 0.8461538461538461, "recall": 1, "mhd_pos": 0.3939393939393939, "mhd_false": 6.833333333333334, "true_positive": 11, "true_negative": 0, "false_positive": 2, "false_negative": 0}, "MEM": {"precision": 0.07692307692307693, "recall": 1, "mhd_pos": 1.6666666666666665, "mhd_false": 0.7499999999999999, "true_positive": 1, "true_negative": 0, "false_positive": 12, "false_negative": 0}}