{"get_item": {"RES_TIME": 48.74268146241853, "CPU": 4.002262598640131, "MEM": 8.858162450882014}, "get_catalogue1": {"RES_TIME": 4.354011153051059, "CPU": 4.002262598640131, "MEM": 8.858162450882014}, "get_catalogue2": {"RES_TIME": 47.49768151665443, "CPU": 4.002262598640131, "MEM": 8.858162450882014}, "get_cart": {"RES_TIME": 50.93101470716886, "CPU": 25.64222439855913, "MEM": 339.6977896643206}, "get_orders": {"RES_TIME": 58.34961717747723, "CPU": 14.237126561834922, "MEM": 349.94416472865464}, "get_customer": {"RES_TIME": 50.0587561380086, "CPU": 3.0655993257910836, "MEM": 10.06344119925146}, "add_item_to_cart": {"RES_TIME": 19.915560920554896, "CPU": 25.64222439855913, "MEM": 339.6977896643206}, "get_related": {"RES_TIME": 49.235116844749996, "CPU": 4.002262598640131, "MEM": 8.858162450882014}, "get_catalogue3": {"RES_TIME": 4.5969062909220275, "CPU": 4.002262598640131, "MEM": 8.858162450882014}, "get_address": {"RES_TIME": 48.93030333973485, "CPU": 3.0655993257910836, "MEM": 10.06344119925146}, "get_tags": {"RES_TIME": 46.673131218259996, "CPU": 4.002262598640131, "MEM": 8.858162450882014}, "login": {"RES_TIME": 54.98497054959482, "CPU": 3.0655993257910836, "MEM": 10.06344119925146}, "get_card": {"RES_TIME": 49.28546323640128, "CPU": 3.0655993257910836, "MEM": 10.06344119925146}}