{"RES_TIME": {"precision": 1.0, "recall": 1, "mhd_pos": 0.7333333333333333, "mhd_false": -1}, "CPU": {"precision": 1.0, "recall": 1, "mhd_pos": 0.16666666666666666, "mhd_false": -1}, "MEM": {"precision": 0, "recall": 0, "mhd_pos": -1, "mhd_false": 0.3333333333333333}}