Type,Name,Request Count,Failure Count,Median Response Time,Average Response Time,Min Response Time,Max Response Time,Average Content Size,Requests/s,Failures/s,25%,50%,75%,80%,90%,95%,98%,99%,99.9%,99.99%,100%
GET,get_cart,396,0,48,48.12426160641174,44.454871997004375,56.98298700735904,116.70959595959596,2.2213816229133188,0.0,46,48,49,50,52,52,53,53,57,57,57
GET,get_catalogue1,264,0,4,4.041828237942272,3.2683009922038764,6.400952988769859,1643.0,1.4809210819422123,0.0,4,4,4,4,4,4,5,6,6,6,6
GET,get_customer,132,0,48,48.61773734768521,43.835414995555766,52.391809003893286,386.0,0.7404605409711061,0.0,48,48,48,51,52,52,52,52,52,52,52
GET,get_customer_orders,132,0,2,2.0374205000045933,1.64079200476408,2.913650998380035,6368.0,0.7404605409711061,0.0,2,2,2,2,2,2,3,3,3,3,3
GET,get_index,264,0,2,2.3913502389019192,1.5900200087344274,47.64978999446612,8688.0,1.4809210819422123,0.0,2,2,2,2,2,2,3,5,48,48,48
GET,get_item,132,0,48,47.997107265308095,43.86965400772169,56.35836899455171,286.0,0.7404605409711061,0.0,48,48,48,48,52,52,52,56,56,56,56
GET,get_orders,132,0,46,47.09535018077021,44.97455898672342,53.43650799477473,2.0,0.7404605409711061,0.0,46,46,50,50,50,50,50,50,53,53,53
GET,login,132,0,52,53.0818490002606,51.3135569926817,64.09593600255903,13.0,0.7404605409711061,0.0,52,52,56,56,56,56,60,60,64,64,64
,Aggregated,1584,0,46,29.672383838912694,1.5900200087344274,64.09593600255903,2338.927398989899,8.885526491653275,0.0,4,46,48,49,52,52,56,56,60,64,64
