Type,Name,Request Count,Failure Count,Median Response Time,Average Response Time,Min Response Time,Max Response Time,Average Content Size,Requests/s,Failures/s,50%,66%,75%,80%,90%,95%,98%,99%,99.9%,99.99%,100%
POST,addToCart,1752,0,10,37.17594836414046,7.043151003017556,873.9898650019313,17000.12785388128,9.770012079699788,0.0,10,66,84,86,91,93,96,98,190,870,870
POST,cartEmpty,613,0,11,38.58558071460928,7.518639002228156,145.39697900181636,10511.595432300162,3.4183889297123113,0.0,11,71,85,87,92,95,98,100,150,150,150
POST,checkout,413,4,10,33.11094558845273,5.005268998502288,101.99254700273741,6789.198547215497,2.3030907470981803,0.02230596365228262,10,13,79,83,88,92,95,98,100,100,100
GET,home,1953,0,9,32.670657565244014,5.921115000091959,847.2189410022111,10555.652841781874,10.890886753226988,0.0,9,12,77,82,87,91,95,97,130,850,850
GET,logout,413,0,12,40.291273092030636,7.560568999906536,101.41328400641214,10497.0,2.3030907470981803,0.0,12,76,84,87,92,94,97,99,100,100,100
POST,setCurrency,413,0,11,38.95950536538884,7.226435001939535,100.1725099995383,10512.17191283293,2.3030907470981803,0.0,11,76,84,87,92,96,98,99,100,100,100
GET,viewCart,726,0,7,31.46232655361885,5.492308999237139,99.48155800520908,17017.326446280993,4.048532402889295,0.0,7,10,79,82,87,90,93,95,99,99,99
GET,viewProduct,3191,0,7,25.831452527715186,4.892195000138599,866.2476450044778,7998.266060795989,17.79458250360846,0.0,7,7,48,75,84,88,91,93,99,870,870
,Aggregated,9474,4,9,32.115919660308506,4.892195000138599,873.9898650019313,11209.710259658012,52.83167491043138,0.02230596365228262,9,12,78,82,88,92,95,97,100,870,870
