Type,Name,Request Count,Failure Count,Median Response Time,Average Response Time,Min Response Time,Max Response Time,Average Content Size,Requests/s,Failures/s,50%,66%,75%,80%,90%,95%,98%,99%,99.9%,99.99%,100%
POST,addToCart,1602,0,94,78.53839287068223,7.490418996894732,1811.0690920002526,16775.73033707865,8.935082925698328,0.0,94,98,100,100,100,110,190,190,1000,1800,1800
POST,cartEmpty,803,0,97,85.88065137865733,7.672610998270102,813.4989370009862,10513.555417185555,4.478696372868763,0.0,97,100,100,100,110,190,190,200,810,810,810
POST,checkout,317,2,90,67.3904343182625,4.876517006778158,1006.4150440011872,6797.804416403786,1.7680532381063485,0.011154910019598414,90,94,95,96,98,100,100,180,1000,1000,1000
GET,home,2449,0,92,72.63698324986755,6.198307004524395,1083.8074719940778,10555.429154757043,13.659187318998256,0.0,92,96,98,99,100,110,190,190,910,1100,1100
GET,logout,405,0,96,80.75357179306907,7.680598006118089,1078.0858229991281,10499.0,2.2588692789686786,0.0,96,99,100,100,110,180,190,190,1100,1100,1100
POST,setCurrency,408,0,94,84.60638126259666,7.576368996524252,1081.4697509922553,10513.759803921568,2.275601643998076,0.0,94,99,100,100,180,190,190,200,1100,1100,1100
GET,viewCart,480,0,87,58.681638845640315,5.777947997557931,794.8647169978358,16673.814583333333,2.677178404703619,0.0,87,92,94,94,98,100,100,100,790,790,790
GET,viewProduct,3399,0,15,53.14408111906069,4.935969001962803,997.8354679915356,7996.028832009414,18.957769578307502,0.0,15,90,92,93,96,98,100,100,910,1000,1000
,Aggregated,9863,2,90,67.93672580296428,4.876517006778158,1811.0690920002526,10853.279630943933,55.010438761649574,0.011154910019598414,90,95,97,98,100,110,190,190,920,1800,1800
