{"RES_TIME": {"precision": 0.3, "recall": 1, "mhd_pos": 3.111111111111111, "mhd_false": 3.523809523809524}, "CPU": {"precision": 1.0, "recall": 1, "mhd_pos": 5.666666666666666, "mhd_false": -1}, "MEM": {"precision": 0, "recall": 0, "mhd_pos": -1, "mhd_false": 0.7}}