Type,Name,Request Count,Failure Count,Median Response Time,Average Response Time,Min Response Time,Max Response Time,Average Content Size,Requests/s,Failures/s,50%,66%,75%,80%,90%,95%,98%,99%,99.9%,99.99%,100%
POST,addToCart,2415,0,480.0,437.078687299646,7.614001980982721,1292.5941729918122,16802.877432712216,13.46556478382036,0.0,480,500,500,510,590,610,700,890,1200,1300,1300
POST,cartEmpty,1171,0,710.0,696.968521862581,8.206530997995287,1510.9262529877014,10511.987190435526,6.529265574266518,0.0,710,800,800,810,900,910,1000,1300,1500,1500,1500
POST,checkout,486,1,290.0,271.32731741914665,8.34770401706919,1187.8008140192833,6801.561728395061,2.709840366433414,0.005575803223114021,290,300,300,310,390,410,580,610,1200,1200,1200
GET,home,3527,0,690.0,615.2730052288146,6.450688000768423,1405.7918209873606,10554.527360362914,19.665857967923152,0.0,690,700,710,710,800,810,900,1000,1400,1400,1400
GET,logout,567,0,710.0,687.9295050539199,8.404491003602743,1589.7968389908783,10497.0,3.16148042750565,0.0,710,790,800,800,890,910,1000,1200,1600,1600,1600
POST,setCurrency,607,0,710.0,682.2583151821475,8.146665000822395,1507.8056580096018,10511.902800658978,3.3845125564302108,0.0,710,790,800,810,900,900,1000,1100,1500,1500,1500
GET,viewCart,722,0,380.0,340.02483001508017,6.056671991245821,991.223037999589,16699.5567867036,4.025729927088324,0.0,380,390,400,400,490,500,510,590,990,990,990
GET,viewProduct,5005,0,300.0,282.15525836190005,5.2202040096744895,1108.7890939961653,7995.362237762238,27.906895131685676,0.0,300,300,310,310,400,410,510,750,1100,1100,1100
,Aggregated,14500,1,400.0,457.6206866683309,5.2202040096744895,1589.7968389908783,10884.569310344828,80.84914673515331,0.005575803223114021,400,590,680,700,790,810,900,990,1400,1500,1600
