Type,Name,Request Count,Failure Count,Median Response Time,Average Response Time,Min Response Time,Max Response Time,Average Content Size,Requests/s,Failures/s,50%,66%,75%,80%,90%,95%,98%,99%,99.9%,99.99%,100%
GET,home,3539,0,610.0,597.5196468090638,5.864742997800931,1597.580289002508,10553.546482057078,19.724712506441847,0.0,610.0,690.0,700.0,710.0,790.0,810.0,1000.0,1200.0,1400.0,1600.0,1600.0
GET,viewCart,717,0,380.0,346.93056654267946,5.427759999292903,1189.2214260005858,16715.668061366807,3.996218950867139,0.0,380.0,390.0,400.0,410.0,490.0,500.0,700.0,780.0,1200.0,1200.0,1200.0
POST,addToCart,2420,0,490.0,444.86877978672334,7.559349003713578,1318.5667770012517,16797.92520661157,13.487935650067609,0.0,490.0,500.0,500.0,510.0,600.0,610.0,790.0,990.0,1200.0,1300.0,1300.0
POST,checkout,490,2,290.0,290.0949488449794,8.010988996829838,1094.981597008882,6798.5142857142855,2.7310282927822844,0.0111470542562542,290.0,300.0,310.0,380.0,400.0,410.0,500.0,890.0,1100.0,1100.0,1100.0
POST,cartEmpty,1176,0,700.0,689.9648694787818,7.741381006781012,1616.9406700064428,10510.47448979592,6.554467902677483,0.0,700.0,790.0,800.0,810.0,900.0,910.0,1100.0,1200.0,1500.0,1600.0,1600.0
GET,logout,570,0,700.0,681.7875971722012,8.149208995746449,1497.3192019970156,10496.964912280702,3.1769104630324536,0.0,700.0,790.0,800.0,800.0,890.0,910.0,1200.0,1300.0,1500.0,1500.0,1500.0
GET,viewProduct,5013,5013,300.0,288.3551482952155,5.028170009609312,5.484942012117244,7994.847409371243,27.940091493301214,0.0,300.0,300.0,310.0,377.77777777777777,400.0,446.6666666666667,621.1111111111111,804.4444444444445,1078.888888888889,1078.888888888889,1078.888888888889
POST,setCurrency,608,0,700.0,668.4919584797746,8.088290007435717,1501.5381849952971,10510.957236842103,3.388704493901284,0.0,700.0,790.0,800.0,800.0,900.0,910.0,1300.0,1300.0,1500.0,1500.0,1500.0
,Aggregated,14533,2,400.0,456.4584994987252,5.028170009609312,1616.9406700064428,10880.74857221496,81.00006975307132,0.0111470542562542,400.0,590.0,610.0,690.0,790.0,810.0,910.0,1100.0,1400.0,1600.0,1600.0
