Type,Name,Request Count,Failure Count,Median Response Time,Average Response Time,Min Response Time,Max Response Time,Average Content Size,Requests/s,Failures/s,50%,66%,75%,80%,90%,95%,98%,99%,99.9%,99.99%,100%
POST,addToCart,2441,0,480.0,440.04016531655066,7.515600002079736,1305.9345530054998,16795.263826300696,13.611936882574572,0.0,480,500,500,510,590,600,690,920,1300,1300,1300
POST,cartEmpty,1187,0,700.0,683.0872709511546,8.124245003273245,1598.5395140014589,10512.202190395956,6.619159803201973,0.0,700,790,800,800,900,910,1100,1300,1500,1600,1600
POST,checkout,492,1,290.0,289.23346929471194,8.018987005925737,1199.7327110002516,6802.298780487805,2.7435776100887708,0.005576377256277989,290,300,310,380,400,410,1100,1100,1200,1200,1200
GET,home,3568,0,610.0,594.0918834780982,6.281730005866848,1504.6649610012537,10554.434417040358,19.896514050399865,0.0,610,690,700,700,790,800,900,1200,1500,1500,1500
GET,logout,574,0,700.0,669.497042531288,7.764762995066121,1299.9241389989038,10497.0,3.2008405451035657,0.0,700,780,800,800,890,900,980,1100,1300,1300,1300
POST,setCurrency,611,0,700.0,658.085902299381,7.659994000277948,1393.0064810047043,10511.671031096563,3.4071665035858514,0.0,700,780,800,800,810,900,1000,1100,1400,1400,1400
GET,viewCart,727,0,320.0,340.8769069807082,5.330526000761893,1107.3404169947025,16707.348005502063,4.054026265314098,0.0,320,390,400,400,490,500,600,990,1100,1100,1100
GET,viewProduct,5054,0,300.0,286.5274495239305,5.074738000985235,1211.6875490028178,7995.271863870202,28.183010653228955,0.0,300,300,310,310,400,410,700,900,1100,1200,1200
,Aggregated,14654,1,400.0,452.3880422605698,5.074738000985235,1598.5395140014589,10883.201241981711,81.71623231349766,0.005576377256277989,400,590,610,690,720,800,900,1000,1400,1500,1600
