Type,Name,Request Count,Failure Count,Median Response Time,Average Response Time,Min Response Time,Max Response Time,Average Content Size,Requests/s,Failures/s,50%,66%,75%,80%,90%,95%,98%,99%,99.9%,99.99%,100%
GET,home,4034,0,290.0,269.34463097590327,6.170583990751766,1103.372995989048,10533.56618740704,22.48915705673761,0.0,290.0,300.0,300.0,300.0,390.0,400.0,490.0,790.0,1000.0,1100.0,1100.0
GET,viewCart,877,0,190.0,168.94116546387096,5.718066007830203,1001.051177008776,16592.0,4.889189573316532,0.0,190.0,200.0,200.0,200.0,200.0,210.0,300.0,690.0,1000.0,1000.0,1000.0
POST,addToCart,1420,0,210.0,232.3900267281459,7.709980010986328,1097.409403999336,16709.14647887324,7.91636168085459,0.0,210.0,290.0,290.0,300.0,300.0,310.0,400.0,810.0,1100.0,1100.0,1100.0
POST,checkout,181,1,190.0,185.3792708179301,9.612326990463773,787.364373987657,6795.287292817679,1.0090573691793523,0.0055749025921511,190.0,200.0,200.0,200.0,290.0,290.0,300.0,630.0,790.0,790.0,790.0
POST,cartEmpty,359,0,300.0,312.37426991900367,8.32665000052657,1001.9042040075874,10510.398328690808,2.001390030582252,0.0,300.0,310.0,390.0,390.0,400.0,420.0,500.0,590.0,1000.0,1000.0,1000.0
GET,logout,781,0,300.0,308.848505193347,7.438221000484191,1118.9964410004904,10496.974391805375,4.353998924470024,0.0,300.0,310.0,390.0,390.0,400.0,420.0,500.0,500.0,1100.0,1100.0,1100.0
GET,viewProduct,4576,4576,180.0,159.85235619647952,5.105248012114316,5.979546011076309,7984.922854844333,25.510754261683523,0.0,163.33333333333334,190.0,200.0,200.0,200.0,216.66666666666666,496.6666666666667,695.5555555555555,912.2222222222222,912.2222222222222,912.2222222222222
POST,setCurrency,793,0,300.0,315.4023593061672,7.688690995564684,1095.4334619891597,10511.094577553597,4.4208977555758375,0.0,300.0,310.0,390.0,400.0,400.0,480.0,590.0,730.0,1100.0,1100.0,1100.0
,Aggregated,13021,1,200.0,225.2801942653661,5.105248012114316,1118.9964410004904,10663.237385761462,72.59080665239972,0.0055749025921511,200.0,290.0,300.0,300.0,310.0,400.0,500.0,720.0,1000.0,1100.0,1100.0
