Type,Name,Request Count,Failure Count,Median Response Time,Average Response Time,Min Response Time,Max Response Time,Average Content Size,Requests/s,Failures/s,50%,66%,75%,80%,90%,95%,98%,99%,99.9%,99.99%,100%
GET,home,4021,0,290.0,272.6226872151871,6.1678269994445145,1205.0266150035895,10534.040288485452,22.411865554026463,0.0,290.0,300.0,300.0,300.0,390.0,400.0,480.0,790.0,1100.0,1200.0,1200.0
GET,viewCart,872,0,190.0,170.0010434321209,5.328839004505426,938.2689759950154,16587.894495412846,4.8602702718505535,0.0,190.0,200.0,200.0,200.0,210.0,280.0,290.0,300.0,940.0,940.0,940.0
POST,addToCart,1414,0,210.0,229.45619412575016,7.919692012364976,1012.8275619936176,16700.79632248939,7.881218078436563,0.0,210.0,290.0,290.0,300.0,300.0,310.0,400.0,700.0,1000.0,1000.0,1000.0
POST,checkout,179,3,190.0,180.84691213933277,62.37908000184689,1008.5057959950065,6778.430167597765,0.9976930947950104,0.0167211133205867,190.0,200.0,200.0,200.0,210.0,290.0,300.0,700.0,1000.0,1000.0,1000.0
POST,cartEmpty,359,0,300.0,316.8995303957847,8.90052699833177,1191.9173190108268,10509.983286908078,2.0009598940302165,0.0,300.0,310.0,390.0,400.0,400.0,490.0,500.0,790.0,1200.0,1200.0,1200.0
GET,logout,779,0,300.0,312.2427667149775,8.06864800688345,1008.8386930001434,10497.0,4.341915758912364,0.0,300.0,310.0,390.0,390.0,400.0,410.0,500.0,710.0,1000.0,1000.0,1000.0
GET,viewProduct,4557,4557,190.0,158.6071594915182,5.329302002792247,5.55317199905403,7984.896494147848,25.3993711339713,0.0,173.33333333333334,190.0,200.0,200.0,200.0,208.88888888888889,375.55555555555554,620.0,885.5555555555555,885.5555555555555,885.5555555555555
POST,setCurrency,791,0,300.0,324.2782273930047,7.369366998318583,1110.8881240070332,10511.629582806574,4.408800212194711,0.0,300.0,360.0,390.0,400.0,400.0,490.0,510.0,980.0,1100.0,1100.0,1100.0
,Aggregated,12972,3,200.0,226.45667424655383,5.328839004505426,1205.0266150035895,10661.764492753624,72.30209399821719,0.0167211133205867,200.0,290.0,300.0,300.0,310.0,400.0,490.0,710.0,1000.0,1200.0,1200.0
