Type,Name,Request Count,Failure Count,Median Response Time,Average Response Time,Min Response Time,Max Response Time,Average Content Size,Requests/s,Failures/s,50%,66%,75%,80%,90%,95%,98%,99%,99.9%,99.99%,100%
POST,addToCart,2553,0,500.0,481.5172407462054,7.716870997683145,1389.444911008468,17006.099490795143,14.237011946830405,0.0,500,510,590,590,610,700,910,1100,1400,1400,1400
POST,cartEmpty,781,0,710.0,705.9465359651256,8.05164099438116,1705.3081260091858,10514.647887323943,4.355309961016274,0.0,710,800,810,810,910,1000,1200,1500,1700,1700,1700
POST,checkout,578,2,300.0,307.4682593061603,7.979963993420824,1107.4309609975899,6800.608996539792,3.2232639660274085,0.011153162512205566,300,310,380,390,410,510,800,1000,1100,1100,1100
GET,home,3171,0,690.0,621.5423705858451,6.179380012326874,1813.4612120047677,10552.549984232104,17.683339163101923,0.0,690,700,710,780,800,820,1100,1300,1700,1800,1800
GET,logout,670,0,710.0,688.9240722001466,8.037552004680037,1803.8840369990794,10498.970149253732,3.7363094415888645,0.0,710,790,800,810,900,910,1000,1300,1800,1800,1800
POST,setCurrency,707,0,710.0,685.7221737749186,7.720499997958541,1707.1531789988512,10514.090523338047,3.9426429480646674,0.0,710,800,800,810,900,1000,1100,1300,1700,1700,1700
GET,viewCart,1178,0,390.0,376.709078050076,5.405625997809693,1202.30642700335,16937.05093378608,6.569212719689078,0.0,390,410,480,490,500,590,690,990,1100,1200,1200
GET,viewProduct,4942,0,300.0,300.13812642376826,5.215205004788004,1297.5584480009275,7997.302913800081,27.55946456765995,0.0,300,310,320,390,400,490,700,900,1200,1300,1300
,Aggregated,14580,2,410.0,466.5785933595847,5.215205004788004,1813.4612120047677,11177.207750342935,81.30655471397857,0.011153162512205566,410,590,620,700,790,810,990,1100,1600,1800,1800
