Type,Name,Request Count,Failure Count,Median Response Time,Average Response Time,Min Response Time,Max Response Time,Average Content Size,Requests/s,Failures/s,50%,66%,75%,80%,90%,95%,98%,99%,99.9%,99.99%,100%
POST,addToCart,1608,0,410.0,452.770376884559,109.17120600061025,1497.2644109948305,16727.239427860695,8.968257849069644,0.0,410,490,500,500,590,620,800,1000,1400,1500,1500
POST,cartEmpty,369,0,700.0,712.1996518263835,410.5539740121458,1691.9500630028779,10513.989159891598,2.05801439446934,0.0,700,710,790,800,810,900,1100,1200,1700,1700,1700
POST,checkout,199,1,300.0,303.2744324180513,106.81901300267782,1107.3715810052818,6798.733668341709,1.109877681570186,0.005577274781759729,300,300,310,310,400,500,990,1000,1100,1100,1100
GET,home,4671,0,610.0,634.4027372467311,104.02402000909206,1703.7129010132048,10535.642474844786,26.051450505599696,0.0,610,690,700,700,710,800,900,1100,1600,1700,1700
GET,logout,904,0,700.0,712.5385257112716,392.19419899745844,1710.1070350036025,10499.0,5.0418564027107955,0.0,700,710,790,800,810,900,1100,1300,1700,1700,1700
POST,setCurrency,934,0,700.0,694.379785695839,84.61235200229567,1784.3235660111532,10513.988222698074,5.2091746461635875,0.0,700,710,790,790,810,900,1000,1200,1800,1800,1800
GET,viewCart,1030,0,310.0,348.5321172174983,106.04573899763636,1208.5387319966685,16617.828155339805,5.744593025212521,0.0,310,390,400,400,480,500,580,700,1200,1200,1200
GET,viewProduct,5265,0,300.0,301.08050107141935,14.214898998034187,1292.356938996818,7985.937701804369,29.364351725964976,0.0,300,300,310,310,400,410,640,800,1200,1300,1300
,Aggregated,14980,1,490.0,484.06980649151785,14.214898998034187,1784.3235660111532,10668.590320427236,83.54757623076074,0.005577274781759729,490,600,610,690,710,800,890,1000,1600,1700,1800
