Type,Name,Request Count,Failure Count,Median Response Time,Average Response Time,Min Response Time,Max Response Time,Average Content Size,Requests/s,Failures/s,50%,66%,75%,80%,90%,95%,98%,99%,99.9%,99.99%,100%
POST,addToCart,2102,0,210.0,228.42082276025926,7.8121740007190965,1201.601581000432,16804.686964795434,11.721125534954524,0.0,210,290,290,300,300,310,390,610,1100,1200,1200
POST,cartEmpty,1031,0,300.0,310.2238809825386,7.866008996643359,1209.40074399914,10512.780795344326,5.749039213386354,0.0,300,310,390,390,400,410,500,800,1200,1200,1200
POST,checkout,426,2,190.0,191.68892562919837,7.837070999812568,1099.0210700001626,6797.164319248826,2.3754517021363593,0.011152355409090889,190,200,200,200,210,290,790,850,1100,1100,1100
GET,home,3051,0,290.0,253.89608266699486,6.259834997763392,1190.9690829997999,10555.408390691577,17.012918176568153,0.0,290,290,300,300,310,390,400,690,1100,1200,1200
GET,logout,505,0,300.0,297.9373460653697,7.598149997647852,1291.4654939995671,10497.0,2.8159697407954494,0.0,300,300,310,380,400,400,500,710,1300,1300,1300
POST,setCurrency,521,0,300.0,301.685838232271,7.653341999684926,1118.1171720018028,10512.548944337812,2.9051885840681764,0.0,300,300,310,390,400,400,500,790,1100,1100,1100
GET,viewCart,632,0,190.0,168.97637400002685,5.4630320009891875,764.6926609995717,16726.648734177215,3.524144309272721,0.0,190,200,200,200,210,210,290,570,760,760,760
GET,viewProduct,4344,0,110.0,151.86943149587827,5.1059889992757235,1099.8289569979534,7996.245165745856,24.22291594854541,0.0,110,190,190,200,200,200,290,680,1000,1100,1100
,Aggregated,12612,2,200.0,216.4944799824167,5.1059889992757235,1291.4654939995671,10890.201871233745,70.32675320972714,0.011152355409090889,200,210,290,300,310,390,410,690,1100,1200,1300
