Type,Name,Request Count,Failure Count,Median Response Time,Average Response Time,Min Response Time,Max Response Time,Average Content Size,Requests/s,Failures/s,25%,50%,75%,80%,90%,95%,98%,99%,99.9%,99.99%,100%
GET,get_cart,393,0,48,49.021642430014595,44.113020000168035,225.58660400000008,2.0,2.2052695186232567,0.0,47,48,48,49,51,52,57,95,230,230,230
GET,get_catalogue1,262,0,5,4.895593114493916,3.885354000431107,15.7598760001747,1643.0,1.470179679082171,0.0,5,5,5,5,5,6,7,7,16,16,16
GET,get_customer,131,0,48,48.38796913740058,47.738346999722125,55.942581000181235,386.0,0.7350898395410855,0.0,48,48,48,48,48,52,52,52,56,56,56
GET,get_customer_orders,131,0,2,2.8794998473179874,1.7002869999487302,47.858580999672995,6368.0,0.7350898395410855,0.0,2,2,2,2,3,3,3,44,48,48,48
GET,get_index,262,0,2,2.874315816773331,1.7255620000469207,48.058255999876565,8688.0,1.470179679082171,0.0,2,2,3,3,3,3,4,44,48,48,48
GET,get_item,131,0,48,48.5213697328243,43.76934899983098,52.16308599983677,286.0,0.7350898395410855,0.0,48,48,48,48,52,52,52,52,52,52,52
GET,get_orders,131,0,50,50.5993240992232,45.650340000065626,153.51695700019263,2.0,0.7350898395410855,0.0,49,50,50,50,53,54,54,62,150,150,150
GET,login,131,0,52,53.20760434351333,47.895923999931256,103.79905899981168,13.0,0.7350898395410855,0.0,52,52,52,56,56,56,60,60,100,100,100
,Aggregated,1572,0,47,30.516709359404746,1.7002869999487302,225.58660400000008,2310.25,8.821078074493027,0.0,4,47,48,49,52,52,56,56,150,230,230
