{"RES_TIME": {"precision": 0.7692307692307693, "recall": 1, "mhd_pos": 1.2333333333333332, "mhd_false": 0.8888888888888888}, "CPU": {"precision": 0.7692307692307693, "recall": 1, "mhd_pos": 0.0, "mhd_false": 1.2222222222222223}, "MEM": {"precision": 0.9090909090909091, "recall": 1, "mhd_pos": 0.0, "mhd_false": 0.0}}