{"RES_TIME": {"precision": 0.6153846153846154, "recall": 1.0, "mhd_pos": 6.708333333333334, "mhd_false": 4.066666666666666, "true_positive": 8, "true_negative": 0, "false_positive": 5, "false_negative": 0}, "CPU": {"precision": 0.7692307692307693, "recall": 1.0, "mhd_pos": 8.366666666666665, "mhd_false": 2.333333333333333, "true_positive": 10, "true_negative": 0, "false_positive": 3, "false_negative": 0}, "MEM": {"precision": 0.7692307692307693, "recall": 1.0, "mhd_pos": 5.1, "mhd_false": 1.0, "true_positive": 10, "true_negative": 0, "false_positive": 3, "false_negative": 0}}