Type,Name,Request Count,Failure Count,Median Response Time,Average Response Time,Min Response Time,Max Response Time,Average Content Size,Requests/s,Failures/s,50%,66%,75%,80%,90%,95%,98%,99%,99.9%,99.99%,100%
POST,addToCart,1378,0,200.0,205.6319760899137,7.628334016771987,1204.466080002021,16714.46516690856,7.6851331932598494,0.0,200,200,210,280,300,300,300,400,1200,1200,1200
POST,cartEmpty,332,0,300.0,286.8168098287144,10.20464999601245,1113.04299699259,10513.671686746988,1.8515705516417056,0.0,300,300,310,310,400,400,500,790,1100,1100,1100
POST,checkout,177,2,190.0,161.12421009667207,10.231463005766273,675.945683993632,6788.338983050848,0.9871324928933188,0.011154039467721118,190,190,200,200,200,200,290,290,680,680,680
GET,home,3898,0,210.0,230.32447821063008,6.280084984609857,1104.3319859891199,10535.885582349923,21.739222922588457,0.0,210,290,290,290,300,310,400,500,1000,1100,1100
GET,logout,760,0,290.0,274.13419925548004,8.09933600248769,1093.7316149938852,10499.0,4.238534997734025,0.0,290,300,300,310,390,400,400,680,1100,1100,1100
POST,setCurrency,773,0,290.0,276.6098382976222,7.475421007256955,1050.7451010053046,10513.623544631306,4.311036254274212,0.0,290,300,300,310,390,400,410,800,1100,1100,1100
GET,viewCart,865,0,180.0,152.8345529715439,5.636289977701381,998.4068519843277,16604.965317919075,4.824122069789383,0.0,180,190,200,200,200,200,210,290,1000,1000,1000
GET,viewProduct,4431,0,110.0,138.77469047470012,4.8478179960511625,960.4961979785003,7986.392236515459,24.711774440736136,0.0,110,190,190,190,200,200,210,650,880,960,960
,Aggregated,12614,2,200.0,196.14569394475748,4.8478179960511625,1204.466080002021,10674.707467892818,70.34852692291709,0.011154039467721118,200,200,210,290,300,310,400,590,1000,1200,1200
