Type,Name,Request Count,Failure Count,Median Response Time,Average Response Time,Min Response Time,Max Response Time,Average Content Size,Requests/s,Failures/s,50%,66%,75%,80%,90%,95%,98%,99%,99.9%,99.99%,100%
POST,addToCart,1559,0,300.0,323.5644337216024,10.636546998284757,592.1659710002132,16731.3194355356,8.696188806632746,0.0,300,390,390,400,400,410,490,500,510,590,590
POST,cartEmpty,366,0,500.0,497.58829259526914,92.48388400010299,799.8115880036494,10513.96174863388,2.0415683792351413,0.0,500,510,590,590,600,610,690,700,800,800,800
POST,checkout,200,0,210.0,220.18802351449267,96.77238600852434,398.62205799727235,6808.515,1.1156111361940662,0.0,210,280,290,290,300,300,310,390,400,400,400
GET,home,4455,0,410.0,428.763336081994,9.592161004547961,707.2794959967723,10535.665095398428,24.850238058722827,0.0,410,490,500,500,510,590,600,600,700,710,710
GET,logout,865,0,500.0,482.49222524489363,100.07497599872295,709.207827996579,10499.0,4.825018164039337,0.0,500,500,510,590,600,610,690,700,710,710,710
POST,setCurrency,888,0,500.0,480.7834382781211,23.037318998831324,807.7615910005989,10513.818693693695,4.953313444701654,0.0,500,500,510,590,600,600,690,700,810,810,810
GET,viewCart,985,0,210.0,242.49121330858404,7.299039003555663,409.08970999589656,16619.838578680203,5.494384845755776,0.0,210,290,290,300,300,310,390,400,410,410,410
GET,viewProduct,5048,0,200.0,209.60584154373697,6.711858004564419,409.09326600376517,7986.565372424722,28.15802507753823,0.0,200,210,210,290,300,300,310,310,400,410,410
,Aggregated,14366,0,300.0,332.8670566239432,6.711858004564419,807.7615910005989,10673.462132813587,80.13434791281978,0.0,300,400,410,490,500,590,600,600,700,800,810
