Type,Name,Request Count,Failure Count,Median Response Time,Average Response Time,Min Response Time,Max Response Time,Average Content Size,Requests/s,Failures/s,25%,50%,75%,80%,90%,95%,98%,99%,99.9%,99.99%,100%
POST,admin_create_user,20,20,2800.0,2929.8888763500145,1980.2025909884833,4504.729284031782,143.0,0.11158857559418216,0.11158857559418216,2400,2800,3600,3700,4100,4500,4500,4500,4500,4500,4500
POST,admin_login,20,0,1500.0,1544.6327111450955,603.615862026345,2902.1589329931885,341.0,0.11158857559418216,0.0,810,1700,2000,2400,2700,2900,2900,2900,2900,2900,2900
POST,get_trip_information,1590,0,500.0,819.8114430821433,19.964359991718084,3910.797388991341,635.5,8.871291759737481,0.0,99,500,1400,1600,2000,2300,2600,3100,3900,3900,3900
GET,home,795,0,1,1.3113689242053848,0.6081740139052272,19.62888502748683,18119.0,4.435645879868741,0.0,1,1,1,1,1,2,5,8,20,20,20
POST,login,1323,0,1600.0,1614.5229169150155,696.2353159906343,3302.7282279799692,64.0,7.3815842755551495,0.0,1300,1600,1900,1900,2200,2300,2600,2800,3300,3300,3300
,Aggregated,3748,20,1000.0,941.8481813297276,0.6081740139052272,4504.729284031782,4138.047491995731,20.911699066349737,0.11158857559418216,25,1000,1600,1700,2000,2300,2600,3000,3900,4500,4500
