Type,Name,Request Count,Failure Count,Median Response Time,Average Response Time,Min Response Time,Max Response Time,Average Content Size,Requests/s,Failures/s,25%,50%,75%,80%,90%,95%,98%,99%,99.9%,99.99%,100%
POST,admin_create_contact,20,20,7,12.849380137049593,6.621413980610669,69.7368299588561,144.0,0.11647364017953146,0.11647364017953146,7,8,10,18,24,70,70,70,70,70,70
POST,admin_create_user,20,20,1800.0,1914.5057081448613,919.371783034876,2814.8783249780536,143.0,0.11647364017953146,0.11647364017953146,1400,1900,2600,2700,2800,2800,2800,2800,2800,2800,2800
POST,admin_login,20,0,1800.0,1617.7230857982067,491.7959980084561,2803.803907998372,341.0,0.11647364017953146,0.0,990,1800,2400,2500,2800,2800,2800,2800,2800,2800,2800
POST,get_trip_information,883,32,3100.0,5522.511688521315,13.109488994814456,73511.12893701065,613.3578708946773,5.142311213926314,0.18635782428725034,2500,3100,3700,3900,4300,5400,70000,72000,74000,74000,74000
GET,home,457,0,1,1343.384942170146,0.5611300002783537,69313.11149697285,18119.0,2.661422678102294,0.0,1,1,1,1,2,5,20,69000,69000,69000,69000
POST,login,20,0,1300.0,1384.2621325980872,502.2413429687731,1996.1913730367087,412.0,0.11647364017953146,0.0,1100,1400,1900,1900,2000,2000,2000,2000,2000,2000,2000
GET,query_contacts,199,0,4,3.8922990145203866,2.4164399947039783,13.887658016756177,38.0,1.158912719786338,0.0,3,4,4,5,5,5,6,12,14,14,14
,Aggregated,1619,72,2200.0,3452.542379971298,0.5611300002783537,73511.12893701065,5466.547251389747,9.428541172533071,0.41930510464631326,2,2200,3200,3500,4000,4500,69000,70000,74000,74000,74000
