Type,Name,Request Count,Failure Count,Median Response Time,Average Response Time,Min Response Time,Max Response Time,Average Content Size,Requests/s,Failures/s,50%,66%,75%,80%,90%,95%,98%,99%,99.9%,99.99%,100%
POST,addToCart,2307,0,300.0,316.7693070477763,7.658222981262952,1291.397377004614,17001.187689640225,12.867533354259935,0.0,300,310,390,390,400,410,510,1000,1200,1300,1300
POST,cartEmpty,705,0,410.0,425.16201241891366,7.897828996647149,1384.6330759988632,10513.886524822696,3.9322111030573272,0.0,410,490,500,500,510,590,710,1000,1400,1400,1400
POST,checkout,525,4,200.0,226.17204537338,8.360178006114438,1884.4146280025598,6794.647619047619,2.9282423107873714,0.02231041760599902,200,210,290,290,300,300,400,1000,1900,1900,1900
GET,home,2873,0,390.0,367.3854525265815,6.115081021562219,1392.428003018722,10552.03828750435,16.024457445508798,0.0,390,400,400,400,490,500,760,1000,1300,1400,1400
GET,logout,613,0,410.0,429.11461779925037,7.55732599645853,1216.2524409941398,10499.0,3.41907149811935,0.0,410,490,500,500,510,590,800,1100,1200,1200,1200
POST,setCurrency,636,0,410.0,426.477936781665,7.70815898431465,1199.715141003253,10513.9213836478,3.5473563993538444,0.0,410,490,500,500,510,590,1000,1100,1200,1200,1200
GET,viewCart,1063,0,210.0,230.28694039531777,5.563118000281975,1003.880753996782,16995.557855126997,5.92899347879424,0.0,210,280,290,290,300,310,390,810,1000,1000,1000
GET,viewProduct,4465,0,200.0,199.01182459181587,5.005641985917464,1157.739001995651,7997.2174692049275,24.904003652696407,0.0,200,200,200,210,290,300,410,890,1100,1200,1200
,Aggregated,13187,4,290.0,293.6554775150665,5.005641985917464,1884.4146280025598,11178.723060589975,73.55186924257727,0.02231041760599902,290,310,390,400,420,500,610,990,1200,1400,1900
