Type,Name,Request Count,Failure Count,Median Response Time,Average Response Time,Min Response Time,Max Response Time,Average Content Size,Requests/s,Failures/s,50%,66%,75%,80%,90%,95%,98%,99%,99.9%,99.99%,100%
POST,addToCart,2290,0,290.0,284.00494616237717,15.630691006663255,1302.9642839974258,17003.214847161573,12.768600957376389,0.0,290,300,300,310,390,400,410,900,1200,1300,1300
POST,cartEmpty,735,0,390.0,369.54994978490885,118.62265699892305,1294.722532009473,10512.019047619047,4.098219084572771,0.0,390,400,400,400,480,500,510,1100,1300,1300,1300
POST,checkout,522,1,200.0,206.02976528551787,92.51681400928646,996.7714480007999,6802.260536398468,2.910571921288417,0.0055758082783303005,200,200,210,210,290,300,300,880,1000,1000,1000
GET,home,2819,0,300.0,307.0378263266208,14.178309997078031,1302.4498260056134,10551.781482795317,15.718203536613117,0.0,300,300,310,390,400,400,600,990,1300,1300,1300
GET,logout,596,0,310.0,349.74167821477164,194.38913100748323,1003.1433830008609,10498.96644295302,3.3231817338848595,0.0,310,390,400,400,410,500,500,710,1000,1000,1000
POST,setCurrency,610,0,390.0,362.0117123734462,49.48537099699024,1403.3763280021958,10512.260655737706,3.4012430497814834,0.0,390,400,400,400,490,500,600,1000,1400,1400,1400
GET,viewCart,1027,0,200.0,207.165311939491,71.3870460022008,1007.736756990198,17007.546251217136,5.726355101845219,0.0,200,200,210,210,290,300,310,630,1000,1000,1000
GET,viewProduct,4398,0,190.0,181.3673808697114,12.291153005207889,1085.2092379936948,7997.834697589814,24.522404808096663,0.0,190,200,200,200,210,290,300,800,1000,1100,1100
,Aggregated,12997,1,210.0,256.5794730236359,12.291153005207889,1403.3763280021958,11177.274601831192,72.46878019345893,0.0055758082783303005,210,300,300,310,390,400,500,820,1200,1300,1400
