Type,Name,Request Count,Failure Count,Median Response Time,Average Response Time,Min Response Time,Max Response Time,Average Content Size,Requests/s,Failures/s,50%,66%,75%,80%,90%,95%,98%,99%,99.9%,99.99%,100%
POST,addToCart,2255,0,290.0,284.4715889391129,15.944851998938248,1195.9133450000081,16988.145454545454,12.577096991755072,0.0,290,300,300,310,390,400,500,990,1200,1200,1200
POST,cartEmpty,724,0,390.0,378.45834189076754,117.02383300871588,1299.562183994567,10514.29143646409,4.038056861210941,0.0,390,400,400,410,490,500,510,1100,1300,1300,1300
POST,checkout,514,2,200.0,213.76347597893408,94.28641801059712,1089.0033149917144,6800.992217898833,2.866797274395613,0.01115485320776503,200,200,210,210,290,290,320,890,1100,1100,1100
GET,home,2784,0,300.0,316.1315399923913,11.770140001317486,1207.6005910057575,10553.521551724138,15.527555665208922,0.0,300,310,380,390,400,410,700,910,1200,1200,1200
GET,logout,588,0,310.0,352.3110472906781,105.94033099187072,1194.5269009884214,10498.965986394558,3.2795268430829188,0.0,310,390,400,400,410,490,500,1100,1200,1200,1200
POST,setCurrency,604,0,380.0,360.12388137713674,84.38298299734015,1199.1395619988907,10514.19701986755,3.368765668745039,0.0,380,400,400,400,490,500,600,900,1200,1200,1200
GET,viewCart,1005,0,200.0,208.5924368568601,14.202021004166454,1082.8964540123707,16995.535323383083,5.605313736901928,0.0,200,200,210,210,290,300,390,840,1000,1100,1100
GET,viewProduct,4332,0,190.0,185.49119163479875,11.656607006443664,1095.7924000103958,7998.195752539243,24.161412048019056,0.0,190,200,200,200,210,290,630,830,1000,1100,1100
,Aggregated,12806,2,210.0,261.0751888130872,11.656607006443664,1299.562183994567,11170.544510385756,71.42452508931949,0.01115485320776503,210,300,300,310,400,410,620,900,1200,1300,1300
