Type,Name,Request Count,Failure Count,Median Response Time,Average Response Time,Min Response Time,Max Response Time,Average Content Size,Requests/s,Failures/s,50%,66%,75%,80%,90%,95%,98%,99%,99.9%,99.99%,100%
POST,addToCart,1586,0,400.0,421.34657610027375,107.60757798561826,2002.584313013358,16718.118537200506,8.845921975571105,0.0,400,410,490,500,510,600,780,1000,2000,2000,2000
POST,cartEmpty,373,0,690.0,670.7819473130558,200.75481000822037,2297.8568309918046,10513.423592493298,2.0804091405346923,0.0,690,700,710,710,800,810,1100,1400,2300,2300,2300
POST,checkout,195,1,290.0,278.71858615872975,103.09050499927253,1885.5065539828502,6801.082051282051,1.087613357652185,0.005577504398216334,290,300,300,300,390,410,900,1100,1900,1900,1900
GET,home,4635,0,600.0,583.324292237476,24.804360000416636,1407.6498409849592,10535.437108953614,25.851732885732705,0.0,600,600,610,690,700,710,800,1000,1400,1400,1400
GET,logout,896,0,620.0,650.7915281980071,120.67233902052976,1398.2677019957919,10498.97767857143,4.997443940801834,0.0,620,700,700,710,790,800,890,1100,1400,1400,1400
POST,setCurrency,922,0,680.0,648.8259770758028,23.29821599414572,1396.425592014566,10513.783080260304,5.142459055155459,0.0,680,700,700,710,800,810,980,1200,1400,1400,1400
GET,viewCart,1010,0,300.0,321.57671274193723,13.65608800551854,1092.4311310227495,16605.2900990099,5.633279442198496,0.0,300,310,390,390,400,490,610,840,1000,1100,1100
GET,viewProduct,5215,0,290.0,279.9136259367494,7.817930018063635,1089.3011190055404,7985.6732502396935,29.08668543669818,0.0,290,300,300,310,390,400,690,800,1000,1100,1100
,Aggregated,14832,1,410.0,447.8414478238463,7.817930018063635,2297.8568309918046,10660.182443365697,82.72554523434465,0.005577504398216334,410,590,600,610,700,710,800,910,1400,2000,2300
