Type,Name,Request Count,Failure Count,Median Response Time,Average Response Time,Min Response Time,Max Response Time,Average Content Size,Requests/s,Failures/s,50%,66%,75%,80%,90%,95%,98%,99%,99.9%,99.99%,100%
POST,addToCart,2244,0,300.0,307.7240782994313,11.608676999458112,1199.6215809922433,16997.779411764706,12.518044813867506,0.0,300,310,330,390,400,400,490,680,1200,1200,1200
POST,cartEmpty,694,0,410.0,440.8868713600178,195.08953600598034,1206.2837050034432,10513.188760806916,3.8714452320962787,0.0,410,490,500,500,510,600,610,790,1200,1200,1200
POST,checkout,509,2,200.0,212.30208986619039,92.95362600823864,991.8707559991162,6800.811394891945,2.83943173362681,0.011156902686156423,200,210,220,290,300,300,310,690,990,990,990
GET,home,2843,0,390.0,377.54342704139697,22.3220100015169,1196.2009559938451,10551.47133309884,15.859537168371356,0.0,390,400,400,410,490,500,510,700,1100,1200,1200
GET,logout,606,0,400.0,430.82755732519774,205.01366000098642,1104.1636500012828,10499.0,3.380541513905396,0.0,400,490,490,500,510,590,610,700,1100,1100,1100
POST,setCurrency,626,0,410.0,439.6981839344431,25.78535900101997,1206.010157999117,10513.356230031948,3.4921105407669604,0.0,410,490,500,500,510,600,800,1100,1200,1200,1200
GET,viewCart,1033,0,210.0,239.6028681179897,66.94498700380791,1091.473649998079,16990.238141335914,5.762540237399793,0.0,210,290,290,290,300,310,590,870,1000,1100,1100
GET,viewProduct,4381,0,200.0,196.31222386099847,8.157782998750918,1001.1082329874625,7996.813512896599,24.439195334025644,0.0,200,200,200,210,280,300,310,740,990,1000,1000
,Aggregated,12936,2,290.0,295.44002981070764,8.157782998750918,1206.2837050034432,11164.759353741496,72.16284657405974,0.011156902686156423,290,310,390,400,480,500,600,740,1100,1200,1200
