Type,Name,Request Count,Failure Count,Median Response Time,Average Response Time,Min Response Time,Max Response Time,Average Content Size,Requests/s,Failures/s,50%,66%,75%,80%,90%,95%,98%,99%,99.9%,99.99%,100%
POST,addToCart,2212,0,310.0,353.02388347503313,97.52750400366494,1307.2494139996707,16799.16500904159,12.338442813054497,0.0,310,390,400,400,410,500,890,1000,1200,1300,1300
POST,cartEmpty,1069,0,500.0,515.155248231157,95.4823030042462,1501.583301993378,10512.982226379794,5.962836965260062,0.0,500,510,590,590,600,700,1000,1200,1500,1500,1500
POST,checkout,450,2,210.0,238.71432782462864,95.50081199995475,1202.2970569960307,6800.473333333333,2.5100810424387543,0.01115591574417224,210,280,290,290,300,310,700,810,1200,1200,1200
GET,home,3205,0,410.0,444.93361628393916,10.599663000903092,1494.9387859960552,10556.021840873635,17.877354980036014,0.0,410,490,500,500,510,590,890,1000,1400,1500,1500
GET,logout,525,0,500.0,497.37070540189353,203.46652399894083,1400.9772310018889,10498.923809523809,2.928427882845213,0.0,500,500,510,590,600,690,900,1100,1400,1400,1400
POST,setCurrency,549,0,500.0,506.4221986263238,102.69055299431784,1402.9655819977052,10513.367941712204,3.06229887177528,0.0,500,500,520,590,610,720,1000,1100,1400,1400,1400
GET,viewCart,664,0,280.0,264.3768850255758,11.24348200391978,959.8051549983211,16716.71234939759,3.703764027065184,0.0,280,290,300,300,310,390,620,800,960,960,960
GET,viewProduct,4557,0,200.0,223.6889727757461,8.372942997084465,1195.5507710008533,7996.180162387535,25.41875402309645,0.0,200,210,210,290,300,310,680,800,1100,1200,1200
,Aggregated,13231,2,310.0,347.59774667787065,8.372942997084465,1501.583301993378,10892.045801526718,73.80196060557145,0.01115591574417224,310,400,410,490,510,600,800,990,1300,1500,1500
