Type,Name,Request Count,Failure Count,Median Response Time,Average Response Time,Min Response Time,Max Response Time,Average Content Size,Requests/s,Failures/s,50%,66%,75%,80%,90%,95%,98%,99%,99.9%,99.99%,100%
POST,addToCart,1876,0,110.0,130.87029345783165,7.70532400929369,1092.3842420161236,16799.139658848613,10.462161384821151,0.0,110,110,190,190,200,200,200,210,1100,1100,1100
POST,cartEmpty,943,0,190.0,156.8089928853914,8.165684004779905,1012.7870670112316,10513.41569459173,5.258964917849864,0.0,190,200,200,200,200,210,290,300,1000,1000,1000
POST,checkout,382,2,100.0,107.95161251834452,8.425325009739026,202.6916919858195,6797.581151832461,2.130354823561663,0.011153690175715514,100,100,110,110,190,190,200,200,200,200,200
GET,home,2710,0,100.0,128.2155160099909,6.060487008653581,995.9056439984124,10556.939114391143,15.11325018809452,0.0,100,120,190,190,200,200,200,280,710,1000,1000
GET,logout,447,0,190.0,153.76940545166573,7.901581993792206,704.8755690047983,10499.0,2.4928497542724175,0.0,190,190,200,200,200,200,210,290,700,700,700
POST,setCurrency,452,0,190.0,159.79738750861262,7.652380998479202,711.1432700185105,10513.590707964602,2.520733979711706,0.0,190,200,200,200,200,210,290,300,710,710,710
GET,viewCart,549,0,98,95.80544747610683,6.008428987115622,813.2957909838296,16690.32786885246,3.0616879532339083,0.0,98,100,100,100,110,190,200,200,810,810,810
GET,viewProduct,3857,0,96,84.34104505698159,5.209598981309682,1001.8604880024213,7996.312159709619,21.50989150386737,0.0,96,98,100,100,100,110,190,190,810,1000,1000
,Aggregated,11216,2,100.0,115.99046540895571,5.209598981309682,1092.3842420161236,10884.921540656205,62.5498945054126,0.011153690175715514,100,110,180,190,200,200,200,290,810,1100,1100
