Type,Name,Request Count,Failure Count,Median Response Time,Average Response Time,Min Response Time,Max Response Time,Average Content Size,Requests/s,Failures/s,50%,66%,75%,80%,90%,95%,98%,99%,99.9%,99.99%,100%
GET,home,4511,0,600.0,568.6843635240721,6.114132993388921,1343.0636279954342,10532.900243848371,25.13682165785657,0.0,600.0,610.0,690.0,700.0,710.0,800.0,910.0,1200.0,1300.0,1300.0,1300.0
GET,viewCart,992,0,300.0,319.57106712495937,5.457011997350492,1108.6865730030695,16604.392137096773,5.527760382308517,0.0,300.0,390.0,390.0,400.0,410.0,490.0,780.0,870.0,1100.0,1100.0,1100.0
POST,addToCart,1554,0,400.0,402.3726395573256,7.80376500915736,1213.2540570019046,16705.923423423425,8.659414953737334,0.0,400.0,410.0,490.0,500.0,520.0,600.0,800.0,1100.0,1200.0,1200.0,1200.0
POST,checkout,191,1,290.0,278.0649969213324,10.334088001400232,1090.3911000059452,6796.61780104712,1.0643167671581923,0.005572339095069,290.0,300.0,300.0,310.0,400.0,410.0,800.0,1100.0,1100.0,1100.0,1100.0
POST,cartEmpty,358,0,690.0,640.3803235642135,11.321424011839554,2205.817302005016,10510.254189944137,1.994897396034727,0.0,690.0,700.0,710.0,790.0,810.0,900.0,1200.0,1500.0,2200.0,2200.0,2200.0
GET,logout,869,0,690.0,637.4624085257957,8.127334993332624,1393.4560579946265,10497.0,4.842362673615021,0.0,690.0,700.0,710.0,790.0,800.0,890.0,1200.0,1300.0,1400.0,1400.0,1400.0
GET,viewProduct,5090,5090,290.0,279.09282125421896,5.18199299403932,5.710821991669945,7984.6895929952625,28.363205993901563,0.0,291.1111111111111,300.0,303.3333333333333,310.0,398.8888888888889,473.3333333333333,782.2222222222222,905.5555555555555,1074.4444444444443,1074.4444444444443,1074.4444444444443
POST,setCurrency,904,0,690.0,633.9992570696573,7.9116309934761375,1519.028808004805,10511.261061946903,5.037394541942438,0.0,690.0,700.0,710.0,790.0,800.0,890.0,1100.0,1300.0,1500.0,1500.0,1500.0
,Aggregated,14469,1,400.0,437.9563408481624,5.18199299403932,2205.817302005016,10662.215909876288,80.62617436655437,0.005572339095069,400.0,590.0,600.0,610.0,700.0,800.0,900.0,1100.0,1300.0,2200.0,2200.0
