{"RES_TIME": {"precision": 0.6153846153846154, "recall": 1.0, "mhd_pos": 5.5, "mhd_false": 3.1333333333333333, "true_positive": 8, "true_negative": 0, "false_positive": 5, "false_negative": 0}, "CPU": {"precision": 0.7692307692307693, "recall": 1.0, "mhd_pos": 5.233333333333333, "mhd_false": 1.6666666666666667, "true_positive": 10, "true_negative": 0, "false_positive": 3, "false_negative": 0}, "MEM": {"precision": 0.7692307692307693, "recall": 1.0, "mhd_pos": 4.433333333333334, "mhd_false": 0.6666666666666666, "true_positive": 10, "true_negative": 0, "false_positive": 3, "false_negative": 0}}