{"RES_TIME": {"precision": 0.6923076923076923, "recall": 1.0, "mhd_pos": 4.888888888888889, "mhd_false": 3.6666666666666665, "true_positive": 9, "true_negative": 0, "false_positive": 4, "false_negative": 0}, "CPU": {"precision": 0.8461538461538461, "recall": 1.0, "mhd_pos": 4.7272727272727275, "mhd_false": 1.1666666666666665, "true_positive": 11, "true_negative": 0, "false_positive": 2, "false_negative": 0}, "MEM": {"precision": 0.7692307692307693, "recall": 1.0, "mhd_pos": 5.000000000000001, "mhd_false": 0.3333333333333333, "true_positive": 10, "true_negative": 0, "false_positive": 3, "false_negative": 0}}