Type,Name,Request Count,Failure Count,Median Response Time,Average Response Time,Min Response Time,Max Response Time,Average Content Size,Requests/s,Failures/s,50%,66%,75%,80%,90%,95%,98%,99%,99.9%,99.99%,100%
POST,addToCart,2581,0,490.0,462.50519292169304,98.7878100022499,993.9254759992764,17004.876791941108,14.3917159371455,0.0,490,500,500,510,590,600,610,690,900,990,990
POST,cartEmpty,791,0,700.0,695.0984651820414,208.13705299951835,1410.2345899991633,10512.793931731985,4.410634368958578,0.0,700,710,790,800,800,890,910,910,1400,1400,1400
POST,checkout,589,2,290.0,285.0179915891352,99.6875689997978,582.9213510005502,6802.495755517827,3.284277678023518,0.01115204644490159,290,300,300,310,390,400,480,500,580,580,580
GET,home,3180,0,600.0,603.6363390994117,31.077729003300192,1303.6767470002815,10551.855031446541,17.731753847393527,0.0,600,610,690,700,700,780,800,810,1000,1300,1300
GET,logout,675,0,690.0,679.1644302384252,200.23616600155947,1294.0983150001557,10499.0,3.7638156751542864,0.0,690,700,710,790,800,810,900,990,1300,1300,1300
POST,setCurrency,706,0,690.0,675.1809528754007,94.83702900251956,1307.319704999827,10513.21671388102,3.936672395050261,0.0,690,700,720,790,800,880,900,910,1300,1300,1300
GET,viewCart,1183,0,390.0,358.8984399940903,106.5762709986302,823.9930119998462,16980.069315300083,6.59643547215929,0.0,390,400,400,400,490,500,500,520,610,820,820
GET,viewProduct,4972,0,300.0,286.69246822143623,12.768356999004027,907.1183879968885,7997.950724054706,27.723987462025352,0.0,300,300,310,310,390,400,410,410,790,910,910
,Aggregated,14677,2,400.0,450.78105157204925,12.768356999004027,1410.2345899991633,11182.74613340601,81.83929283591031,0.01115204644490159,400,510,600,610,700,720,800,820,1000,1400,1400
