Type,Name,Request Count,Failure Count,Median Response Time,Average Response Time,Min Response Time,Max Response Time,Average Content Size,Requests/s,Failures/s,50%,66%,75%,80%,90%,95%,98%,99%,99.9%,99.99%,100%
POST,addToCart,1120,0,12,46.65332654959847,7.31638100114651,887.9692509945016,16771.848214285714,6.254157192094513,0.0,12,85,90,93,97,99,100,100,190,890,890
POST,cartEmpty,348,0,11,45.36074079755806,7.75743299163878,832.2040819912218,10512.416666666666,1.9432559846865094,0.0,11,72,88,92,97,100,150,190,830,830,830
POST,checkout,180,1,10,34.06859007664025,4.520279006101191,183.5514249978587,6797.038888888889,1.0051324058723325,0.005584068921512958,10,13,81,84,92,94,98,100,180,180,180
GET,home,2552,0,11,51.67985589035092,5.782560008810833,1003.3497410186101,10540.304858934169,14.250543887701069,0.0,11,85,90,93,96,100,130,420,940,1000,1000
GET,logout,496,0,67,55.62733021196759,7.683489006012678,531.6279239777941,10499.0,2.769698185070427,0.0,67,92,95,96,100,100,160,190,530,530,530
POST,setCurrency,496,0,71,61.47578878423496,7.27978500071913,1002.116211981047,10513.762096774193,2.769698185070427,0.0,71,84,91,93,97,100,110,930,1000,1000,1000
GET,viewCart,592,0,8,37.534826364503104,5.391176993725821,917.2481189889368,16661.099662162163,3.305768801535671,0.0,8,72,86,88,92,95,98,100,920,920,920
GET,viewProduct,3092,0,7,37.39029257774965,4.92442399263382,998.7381099781487,7989.521021992238,17.265941105318067,0.0,7,53,83,86,91,94,97,98,830,1000,1000
,Aggregated,8876,1,10,45.28742123246682,4.520279006101191,1003.3497410186101,10765.481748535376,49.56419574734902,0.005584068921512958,10,80,88,90,95,98,100,180,930,1000,1000
