{"RES_TIME": {"precision": 0.46153846153846156, "recall": 1.0, "mhd_pos": 5.277777777777778, "mhd_false": 3.5714285714285716, "true_positive": 6, "true_negative": 0, "false_positive": 7, "false_negative": 0}, "CPU": {"precision": 0.9230769230769231, "recall": 1.0, "mhd_pos": 4.805555555555556, "mhd_false": 0.0, "true_positive": 12, "true_negative": 0, "false_positive": 1, "false_negative": 0}, "MEM": {"precision": 0.8461538461538461, "recall": 1.0, "mhd_pos": 8.363636363636365, "mhd_false": -1, "true_positive": 11, "true_negative": 0, "false_positive": 2, "false_negative": 0}}