{
  "RES_TIME": {
    "precision": 0.46153846153846156,
    "recall": 1,
    "mhd_pos": 5.277777777777778,
    "mhd_false": 3.5714285714285716,
    "true_positive": 6,
    "true_negative": 0,
    "false_positive": 7,
    "false_negative": 0
  },
  "CPU": {
    "precision": 0.7692307692307693,
    "recall": 1,
    "mhd_pos": 4.6,
    "mhd_false": 0.1111111111111111,
    "true_positive": 10,
    "true_negative": 0,
    "false_positive": 3,
    "false_negative": 0
  },
  "MEM": {
    "precision": 0.7692307692307693,
    "recall": 1,
    "mhd_pos": 8.2,
    "mhd_false": 0.2222222222222222,
    "true_positive": 10,
    "true_negative": 0,
    "false_positive": 3,
    "false_negative": 0
  }
}