{
  "RES_TIME": {
    "precision": 0.46153846153846156,
    "recall": 1,
    "mhd_pos": 5.277777777777778,
    "mhd_false": 3.5714285714285707
  },
  "CPU": {
    "precision": 0.7692307692307693,
    "recall": 1,
    "mhd_pos": 4.6,
    "mhd_false": 0.1111111111111111
  },
  "MEM": {
    "precision": 0.7692307692307693,
    "recall": 1,
    "mhd_pos": 8.2,
    "mhd_false": 0.2222222222222222
  }
}