{
  "dlingam": {
    "RES_TIME": {
      "precision": 1.0,
      "recall": 1,
      "mhd_pos": 0.6666666666666667,
      "mhd_false": -1
    },
    "CPU": {
      "precision": 0.7,
      "recall": 1,
      "mhd_pos": 0.0,
      "mhd_false": 0.3333333333333333
    },
    "MEM": {
      "precision": 1.0,
      "recall": 1,
      "mhd_pos": 0.3333333333333333,
      "mhd_false": -1
    }
  },
  "dagma_lin": {
    "RES_TIME": {
      "precision": 0,
      "recall": 0,
      "mhd_pos": -1,
      "mhd_false": 4.333333333333333
    },
    "CPU": {
      "precision": 1.0,
      "recall": 1,
      "mhd_pos": 0.7333333333333334,
      "mhd_false": -1
    },
    "MEM": {
      "precision": 0,
      "recall": 0,
      "mhd_pos": -1,
      "mhd_false": 3.6666666666666665
    }
  },
  "dagma_mlp": {
    "RES_TIME": {
      "precision": 0,
      "recall": 0,
      "mhd_pos": -1,
      "mhd_false": 4.777777777777778
    },
    "CPU": {
      "precision": 0.8,
      "recall": 1,
      "mhd_pos": 0.0,
      "mhd_false": 0.3333333333333333
    },
    "MEM": {
      "precision": 0,
      "recall": 0,
      "mhd_pos": -1,
      "mhd_false": 6.666666666666667
    }
  },
  "dag_gnn": {
    "RES_TIME": {
      "precision": 0.6,
      "recall": 1,
      "mhd_pos": 0.9444444444444443,
      "mhd_false": 0.41666666666666663
    },
    "CPU": {
      "precision": 0.7,
      "recall": 1,
      "mhd_pos": 0.0,
      "mhd_false": 0.3333333333333333
    },
    "MEM": {
      "precision": 1.0,
      "recall": 1,
      "mhd_pos": 0.3333333333333333,
      "mhd_false": -1
    }
  }
}