Type,Name,Request Count,Failure Count,Median Response Time,Average Response Time,Min Response Time,Max Response Time,Average Content Size,Requests/s,Failures/s,50%,66%,75%,80%,90%,95%,98%,99%,99.9%,99.99%,100%
POST,addToCart,2426,0,400.0,393.4623290907519,7.778767998388503,703.6456470013945,16804.52184666117,13.526817933077274,0.0,400,410,490,490,500,590,600,610,700,700,700
POST,cartEmpty,1190,0,610.0,600.969372940273,8.03221900423523,907.9640059935628,10511.366386554622,6.635166257362719,0.0,610,690,700,700,790,800,810,890,910,910,910
POST,checkout,493,5,280.0,251.81922758429118,8.165694001945667,502.33309799659764,6789.0486815415825,2.748854592335983,0.02787884982085176,280,290,300,300,380,400,400,480,500,500,500
GET,home,3527,0,590.0,525.0050153192963,6.034292004187591,812.3936810006853,10554.452792741708,19.665740663628828,0.0,590,600,600,610,690,700,710,790,810,810,810
GET,logout,572,0,610.0,597.7645327640311,8.244030999776442,915.4765389976092,10497.0,3.189340419505441,0.0,610,690,700,700,720,800,810,890,920,920,920
POST,setCurrency,603,0,600.0,583.8831690613838,7.871811001677997,904.5531239971751,10511.45936981758,3.3621892883947218,0.0,600,690,700,700,780,800,810,890,900,900,900
GET,viewCart,720,0,300.0,298.1225519138004,5.539077996218111,578.6954599971068,16716.51388888889,4.014554374202653,0.0,300,310,380,390,400,410,490,490,580,580,580
GET,viewProduct,5016,0,290.0,250.33028599518587,5.097954002849292,596.1281290001352,7995.182814992026,27.968062140278484,0.0,290,300,300,300,310,390,400,410,500,600,600
,Aggregated,14547,5,390.0,399.38410311528816,5.097954002849292,915.4765389976092,10884.118581150753,81.1107256687861,0.02787884982085176,390,500,590,600,680,700,780,800,890,910,920
