Type,Name,Request Count,Failure Count,Median Response Time,Average Response Time,Min Response Time,Max Response Time,Average Content Size,Requests/s,Failures/s,50%,66%,75%,80%,90%,95%,98%,99%,99.9%,99.99%,100%
POST,addToCart,2510,0,490.0,492.01348441483896,103.10918299364857,1395.4039280069992,16801.18167330677,14.000449434018993,0.0,490,500,580,590,600,690,820,1000,1400,1400,1400
POST,cartEmpty,1219,0,710.0,752.3315157674219,289.1024079872295,1615.6695940007921,10511.177194421658,6.799421458194881,0.0,710,800,800,810,900,980,1200,1400,1600,1600,1600
POST,checkout,502,3,300.0,309.346995557625,102.5266970100347,1099.0396290144417,6796.137450199203,2.8000898868037987,0.01673360490121792,300,310,380,390,400,490,590,700,1100,1100,1100
GET,home,3678,0,620.0,655.9690826769056,77.41343797533773,1410.837100003846,10553.807775965199,20.51539960889317,0.0,620,700,700,710,800,810,1000,1200,1400,1400,1400
GET,logout,598,0,710.0,731.8504739506599,303.8912430056371,1397.9247880051844,10497.0,3.335565243642772,0.0,710,790,800,800,890,910,1000,1200,1400,1400,1400
POST,setCurrency,633,0,700.0,719.3476462357042,91.31295600673184,1500.6466530030593,10511.382306477093,3.530790634156981,0.0,700,790,800,800,890,910,1100,1200,1500,1500,1500
GET,viewCart,757,0,390.0,373.97552691267026,143.27411001431756,1193.4648969909176,16716.756935270805,4.222446303407321,0.0,390,400,400,410,490,500,590,800,1200,1200,1200
GET,viewProduct,5214,0,300.0,317.3261327054026,10.952407988952473,1297.1356860070955,7995.174530111239,29.083005318316744,0.0,300,310,380,390,400,490,690,790,1100,1300,1300
,Aggregated,15111,3,490.0,499.67732213261075,10.952407988952473,1615.6695940007921,10885.116339090728,84.28716788743466,0.01673360490121792,490,600,690,700,790,810,910,1000,1400,1600,1600
