Type,Name,Request Count,Failure Count,Median Response Time,Average Response Time,Min Response Time,Max Response Time,Average Content Size,Requests/s,Failures/s,50%,66%,75%,80%,90%,95%,98%,99%,99.9%,99.99%,100%
GET,home,3705,0,620.0,652.9929570720814,92.36531500937416,1691.3203219883144,10553.509581646424,20.649743984918665,0.0,620.0,700.0,700.0,710.0,800.0,810.0,920.0,1100.0,1500.0,1700.0,1700.0
GET,viewCart,757,0,390.0,378.6896750185367,112.85458100610413,1267.9212859948166,16721.343461030385,4.219124479509698,0.0,390.0,400.0,410.0,420.0,500.0,580.0,690.0,800.0,1300.0,1300.0,1300.0
POST,addToCart,2524,0,490.0,492.7797714007559,105.51056600525044,1594.854373979615,16806.618462757528,14.067463918470908,0.0,490.0,500.0,580.0,590.0,610.0,690.0,800.0,930.0,1400.0,1600.0,1600.0
POST,checkout,508,1,300.0,308.5596615472771,104.38750899629667,1113.8838340120856,6801.379921259842,2.8313279201993744,0.0055734801578727,300.0,310.0,380.0,390.0,400.0,410.0,600.0,800.0,1100.0,1100.0,1100.0
POST,cartEmpty,1223,0,710.0,743.9745549727332,303.1409069953952,1803.724641998997,10510.408013082584,6.816366233078416,0.0,710.0,800.0,800.0,810.0,900.0,910.0,1000.0,1200.0,1700.0,1800.0,1800.0
GET,logout,606,0,700.0,713.647724175989,400.2063589869067,1307.7955710177775,10497.0,3.3775289756709075,0.0,700.0,780.0,800.0,800.0,890.0,910.0,980.0,1000.0,1300.0,1300.0,1300.0
GET,viewProduct,5229,5229,300.0,314.861441790307,11.264259985182434,98.84259398677386,7994.931087493866,29.143727745516788,0.0,300.0,310.0,355.55555555555554,390.0,400.0,455.55555555555554,613.3333333333334,774.4444444444445,1102.2222222222222,1102.2222222222222,1102.2222222222222
POST,setCurrency,643,0,700.0,709.2988551028988,37.069044017698616,1403.1403349945322,10511.292379471228,3.5837477415122003,0.0,700.0,790.0,800.0,800.0,900.0,910.0,1100.0,1200.0,1400.0,1400.0,1400.0
,Aggregated,15195,1,490.0,496.9716805691975,11.264259985182434,1803.724641998997,10886.018821980915,84.68903099887696,0.0055734801578727,490.0,600.0,690.0,700.0,790.0,810.0,900.0,1000.0,1400.0,1700.0,1800.0
