Type,Name,Request Count,Failure Count,Median Response Time,Average Response Time,Min Response Time,Max Response Time,Average Content Size,Requests/s,Failures/s,50%,66%,75%,80%,90%,95%,98%,99%,99.9%,99.99%,100%
POST,addToCart,2535,0,400.0,400.7868263489545,104.41858199192211,1191.9384539942257,17004.929783037474,14.140907822777676,0.0,400,400,410,490,500,510,610,990,1200,1200,1200
POST,cartEmpty,789,0,590.0,567.4207242501868,211.31986600812525,1310.1054620055947,10513.681875792143,4.401252967326069,0.0,590,600,600,610,690,700,890,1100,1300,1300,1300
POST,checkout,581,5,290.0,258.5527212698639,100.52894899854437,905.7359430007637,6789.755593803787,3.240973351098158,0.027891336928555575,290,300,300,300,310,390,410,500,910,910,910
GET,home,3095,0,500.0,484.46119806007255,98.9431850030087,1393.932978011435,10553.01744749596,17.264737558775902,0.0,500,500,510,510,600,600,700,900,1200,1400,1400
GET,logout,657,0,590.0,559.4113162758405,298.53546601952985,1393.1226049899124,10499.0,3.6649216724122025,0.0,590,600,600,610,690,700,800,910,1400,1400,1400
POST,setCurrency,687,0,520.0,550.840600513983,43.79715598770417,1307.331048999913,10513.998544395925,3.832269693983536,0.0,520,600,600,610,690,700,790,900,1300,1300,1300
GET,viewCart,1149,0,300.0,297.5677366736412,104.10258200136013,993.6709050089121,17008.192341166232,6.409429226182072,0.0,300,300,310,320,400,400,410,640,900,990,990
GET,viewProduct,4856,0,210.0,244.82825861456146,10.866041004192084,1007.445502007613,7997.694398682042,27.088066425013174,0.0,210,290,300,300,300,310,400,590,990,1000,1000
,Aggregated,14349,5,390.0,375.6406840824025,10.866041004192084,1393.932978011435,11186.103979371384,80.0425587175688,0.027891336928555575,390,410,500,500,590,610,700,800,1200,1400,1400
