Type,Name,Request Count,Failure Count,Median Response Time,Average Response Time,Min Response Time,Max Response Time,Average Content Size,Requests/s,Failures/s,50%,66%,75%,80%,90%,95%,98%,99%,99.9%,99.99%,100%
POST,addToCart,1431,0,300.0,315.4510004122087,57.71653800911736,1119.3087080027908,16712.197763801538,7.979620561213112,0.0,300,310,390,390,400,410,500,710,1100,1100,1100
POST,cartEmpty,344,0,490.0,488.94861942134474,98.85717999713961,1500.3236100019421,10514.151162790698,1.918231637356611,0.0,500,500,510,590,600,680,710,1100,1500,1500,1500
POST,checkout,176,0,200.0,209.36717441558855,84.78933500009589,805.1688539999304,6805.778409090909,0.9814208377173359,0.0,200,200,280,290,300,310,380,390,810,810,810
GET,home,4178,0,410.0,436.2381895441726,10.94237000506837,1412.7719070093008,10535.336764001915,23.297592386267212,0.0,410,490,500,500,500,590,600,810,1300,1400,1400
GET,logout,807,0,500.0,491.29063204575897,107.7129230106948,1491.292002989212,10499.0,4.500037591124375,0.0,500,500,510,590,600,610,700,890,1500,1500,1500
POST,setCurrency,831,0,500.0,501.2207795206987,93.34233899426181,1490.3979459922994,10513.509025270758,4.633867705358558,0.0,500,510,510,590,600,610,1000,1100,1500,1500,1500
GET,viewCart,904,0,210.0,246.36400780989595,7.901712000602856,1002.334527001949,16597.58296460177,5.040934302820862,0.0,210,290,290,300,300,310,400,820,1000,1000,1000
GET,viewProduct,4708,0,200.0,208.21815120149765,7.777156992233358,1078.452752000885,7985.613636363636,26.253007408938736,0.0,200,200,210,210,300,300,380,700,990,1100,1100
,Aggregated,13379,0,300.0,335.9780710100101,7.777156992233358,1500.3236100019421,10655.234322445624,74.6047124307968,0.0,300,400,410,490,500,590,610,800,1300,1500,1500
