Type,Name,Request Count,Failure Count,Median Response Time,Average Response Time,Min Response Time,Max Response Time,Average Content Size,Requests/s,Failures/s,50%,66%,75%,80%,90%,95%,98%,99%,99.9%,99.99%,100%
POST,addToCart,1274,0,110.0,152.38908189873985,8.962378000433091,1121.9279320002897,16719.49764521193,7.126334613727087,0.0,110,190,200,200,200,210,290,600,1100,1100,1100
POST,cartEmpty,309,0,190.0,186.6790497573186,9.562960000039311,1070.0697849997596,10516.268608414239,1.7284437956371035,0.0,190,200,200,200,290,300,390,600,1100,1100,1100
POST,checkout,165,1,100.0,125.58267864238367,9.851418999460293,973.1757699992158,6795.054545454545,0.922955424854764,0.005593669241544024,100,110,180,190,190,190,200,200,970,970,970
GET,home,3583,0,190.0,157.8075141867182,7.148272000449651,1097.1600579996448,10536.162712810494,20.04211689245224,0.0,190,190,200,200,200,210,290,400,1000,1100,1100
GET,logout,703,0,190.0,183.5206295874837,9.047731999999087,1095.177674000297,10499.0,3.932349476805449,0.0,190,200,200,210,290,300,300,390,1100,1100,1100
POST,setCurrency,712,0,200.0,192.48363833709297,9.135966000030749,1193.3400540001458,10513.705056179775,3.982692499979345,0.0,200,200,200,210,290,300,310,800,1200,1200,1200
GET,viewCart,797,0,100.0,107.83924217817616,6.341796000015165,1047.244292999494,16619.25094102886,4.458154385510587,0.0,100,100,100,110,190,190,200,200,1000,1000,1000
GET,viewProduct,4078,0,98,102.74834997082232,5.66992099993513,1095.1436199993623,7986.377636096126,22.81098316701653,0.0,98,100,100,100,180,190,200,670,1000,1100,1100
,Aggregated,11621,1,100.0,138.45555307753656,5.66992099993513,1193.3400540001458,10679.198692023061,65.00403025598311,0.005593669241544024,100,190,190,200,200,210,300,590,1100,1100,1200
