Type,Name,Request Count,Failure Count,Median Response Time,Average Response Time,Min Response Time,Max Response Time,Average Content Size,Requests/s,Failures/s,50%,66%,75%,80%,90%,95%,98%,99%,99.9%,99.99%,100%
POST,addToCart,2074,0,200.0,189.01997744116562,7.753475991194136,1038.2846529973904,16992.7193828351,11.568764691133785,0.0,200,200,200,210,290,290,300,310,1000,1000,1000
POST,cartEmpty,646,0,210.0,228.15042976615717,8.16082399978768,788.5472479974851,10514.078947368422,3.6033857234679,0.0,210,290,290,300,300,300,380,390,790,790,790
POST,checkout,468,5,190.0,157.1458296325895,8.000257992534898,1000.9903390018735,6790.858974358975,2.610502350747643,0.027889982379782508,190,190,190,200,200,200,220,310,1000,1000,1000
GET,home,2662,0,200.0,194.16924670787347,6.278164990362711,1098.9589820092078,10551.651014274981,14.848626618996207,0.0,200,200,200,210,290,290,300,500,1000,1100,1100
GET,logout,569,0,210.0,227.67384429174285,8.34060600027442,1109.7516130103031,10499.0,3.1738799948192495,0.0,210,220,290,300,300,310,400,400,1100,1100,1100
POST,setCurrency,577,0,210.0,243.69063170509133,7.914854999398813,1069.4963650021236,10513.819757365685,3.2185039666269013,0.0,210,290,290,300,300,320,700,830,1100,1100,1100
GET,viewCart,955,0,110.0,128.20286923472122,5.359125992981717,586.1585899983766,16978.212565445025,5.326986634538459,0.0,110,120,190,190,200,200,200,210,590,590,590
GET,viewProduct,4077,0,100.0,120.97238764759874,5.053717002738267,989.7723839967512,7997.56683836154,22.741491632474656,0.0,100,110,180,190,190,200,200,200,820,990,990
,Aggregated,12028,5,190.0,167.5781069421836,5.053717002738267,1109.7516130103031,11154.16444961756,67.0921416128048,0.027889982379782508,190,200,200,200,290,300,300,390,1000,1100,1100
