{"RES_TIME": {"precision": 0.0, "recall": 0.0, "mhd_pos": -1, "mhd_false": 4.666666666666666, "true_positive": 0, "true_negative": 0, "false_positive": 6, "false_negative": 7}, "CPU": {"precision": 0.6666666666666666, "recall": 0.8888888888888888, "mhd_pos": 0.0, "mhd_false": 3.416666666666667, "true_positive": 8, "true_negative": 0, "false_positive": 4, "false_negative": 1}, "MEM": {"precision": 0.6666666666666666, "recall": 0.36363636363636365, "mhd_pos": 0.6666666666666666, "mhd_false": -1, "true_positive": 4, "true_negative": 0, "false_positive": 2, "false_negative": 7}}