{"RES_TIME": {"precision": 1.0, "recall": 1, "mhd_pos": 0.5666666666666667, "mhd_false": -1}, "CPU": {"precision": 1.0, "recall": 1, "mhd_pos": 0.19999999999999998, "mhd_false": -1}, "MEM": {"precision": 1.0, "recall": 1, "mhd_pos": 0.3333333333333333, "mhd_false": -1}}