Type,Name,Request Count,Failure Count,Median Response Time,Average Response Time,Min Response Time,Max Response Time,Average Content Size,Requests/s,Failures/s,50%,66%,75%,80%,90%,95%,98%,99%,99.9%,99.99%,100%
POST,addToCart,2537,0,490.0,457.82254399059923,111.07091800658964,1053.0228529823944,16804.60070949941,14.153291978709271,0.0,490,500,500,510,590,600,690,700,990,1100,1100
POST,cartEmpty,1236,0,700.0,697.3553496644586,203.43297501676716,1097.5733359809965,10510.860841423948,6.89533657299356,0.0,700,710,790,800,810,890,900,980,1000,1100,1100
POST,checkout,518,2,300.0,295.56120407064606,104.13647498353384,1110.255146981217,6798.003861003861,2.8897931592319286,0.011157502545297023,300,300,310,380,400,410,490,590,1100,1100,1100
GET,home,3645,0,600.0,608.9761775533606,75.57623300817795,1291.0020329873078,10554.356378600824,20.33454838880382,0.0,600,610,690,700,710,790,810,900,1200,1300,1300
GET,logout,590,0,700.0,686.1393952696836,292.517283000052,1296.117569989292,10497.0,3.2914632508626216,0.0,700,710,720,790,800,810,900,910,1300,1300,1300
POST,setCurrency,624,0,700.0,679.8921416395434,84.94027197593823,1379.4106639979873,10511.55608974359,3.4811407941326706,0.0,700,710,790,790,810,890,910,910,1400,1400,1400
GET,viewCart,762,0,380.0,355.6642012223843,100.70709601859562,893.833245994756,16718.32152230971,4.251008469758165,0.0,380,390,400,400,480,500,500,590,890,890,890
GET,viewProduct,5205,0,300.0,296.0725975206838,57.60540399933234,897.3853159986902,7995.025168107589,29.037400374135498,0.0,300,300,310,320,400,410,490,510,810,900,900
,Aggregated,15117,2,410.0,465.5285313355051,57.60540399933234,1379.4106639979873,10896.513792419131,84.33398298862754,0.011157502545297023,410,590,600,610,700,790,810,890,1100,1300,1400
