Type,Name,Request Count,Failure Count,Median Response Time,Average Response Time,Min Response Time,Max Response Time,Average Content Size,Requests/s,Failures/s,50%,66%,75%,80%,90%,95%,98%,99%,99.9%,99.99%,100%
POST,addToCart,2243,0,300.0,278.272939524973,7.565156003693119,1108.3233999961521,16798.064645563976,12.50552267406429,0.0,300,300,310,310,390,400,410,490,1100,1100,1100
POST,cartEmpty,1108,0,400.0,385.7433789542923,7.960087998071685,1204.2679479927756,10513.977436823105,6.177494036051375,0.0,400,410,480,490,500,510,590,1000,1200,1200,1200
POST,checkout,460,2,200.0,205.23702545071265,8.15012599923648,998.1881080020685,6798.147826086956,2.564663588974397,0.011150711256410423,200,200,210,280,290,300,310,800,1000,1000,1000
GET,home,3198,0,300.0,316.7070256867993,6.0268809902481735,1104.8167049884796,10557.379299562226,17.829987299000265,0.0,300,390,390,400,400,410,490,500,1100,1100,1100
GET,logout,519,0,390.0,365.41255009711654,8.08810698799789,1096.026023995364,10498.971098265896,2.893609571038505,0.0,390,400,400,410,490,500,510,510,1100,1100,1100
POST,setCurrency,541,0,390.0,362.2038413610399,7.6893779914826155,1102.5062879780307,10513.499075785583,3.0162673948590193,0.0,390,400,400,410,490,500,590,600,1100,1100,1100
GET,viewCart,659,0,200.0,200.74037867122152,5.767396010924131,995.6571859947871,16712.96813353566,3.6741593589872346,0.0,200,200,210,220,300,300,310,400,1000,1000,1000
GET,viewProduct,4580,0,190.0,181.0256498321135,5.125039984704927,993.3806729968637,7996.61288209607,25.53512877717987,0.0,190,200,200,200,210,290,300,490,990,990,990
,Aggregated,13308,2,280.0,263.4351325925557,5.125039984704927,1204.2679479927756,10895.12285843102,74.19683270015496,0.011150711256410423,280,300,310,390,400,420,500,590,1100,1200,1200
