Type,Name,Request Count,Failure Count,Median Response Time,Average Response Time,Min Response Time,Max Response Time,Average Content Size,Requests/s,Failures/s,50%,66%,75%,80%,90%,95%,98%,99%,99.9%,99.99%,100%
POST,addToCart,1658,0,420.0,454.4448500274057,107.54552501020953,1207.9253849806264,16721.209288299156,9.247519705039624,0.0,420,490,500,500,590,610,710,990,1200,1200,1200
POST,cartEmpty,394,0,710.0,730.1400256237407,292.84993099281564,1602.0656840119045,10513.946700507615,2.1975408707995245,0.0,710,790,800,800,890,900,990,1300,1600,1600,1600
POST,checkout,209,1,290.0,293.56951064527095,105.34112100140192,1098.0985909991432,6798.406698564593,1.165700614205839,0.005577514900506407,290,300,310,380,400,420,500,590,1100,1100,1100
GET,home,4753,0,620.0,655.5899331286452,21.528890007175505,1692.70100700669,10535.944666526404,26.509928322106955,0.0,620,700,700,710,800,810,990,1200,1500,1700,1700
GET,logout,915,0,700.0,721.2099999773044,298.81303998990916,1608.288518997142,10498.978142076503,5.103426133963363,0.0,700,790,800,800,890,900,910,1100,1600,1600,1600
POST,setCurrency,951,0,700.0,724.6397642171956,89.49939699959941,1602.8465749986935,10514.08832807571,5.304216670381593,0.0,700,790,800,800,900,910,1000,1300,1600,1600,1600
GET,viewCart,1041,0,320.0,355.8729547406106,98.98904501460493,1105.6662859919015,16611.006724303556,5.80619301142717,0.0,320,400,400,400,480,500,600,900,1100,1100,1100
GET,viewProduct,5379,0,300.0,306.5181162414215,13.468756020301953,1107.1998300030828,7985.641754973043,30.001452649823964,0.0,300,310,310,390,400,410,600,810,1100,1100,1100
,Aggregated,15300,1,490.0,495.86823334796736,13.468756020301953,1692.70100700669,10667.762091503268,85.33597797774803,0.005577514900506407,490,600,690,700,790,800,900,1000,1500,1600,1700
