Type,Name,Request Count,Failure Count,Median Response Time,Average Response Time,Min Response Time,Max Response Time,Average Content Size,Requests/s,Failures/s,50%,66%,75%,80%,90%,95%,98%,99%,99.9%,99.99%,100%
POST,addToCart,1660,0,480.0,456.0040297838775,181.67960899882019,806.1335840029642,16715.37168674699,9.258170941679197,0.0,480,490,500,510,590,610,700,700,800,810,810
POST,cartEmpty,395,0,710.0,739.3535949253695,298.0878640082665,1099.3305000010878,10514.33417721519,2.2029985072067966,0.0,710,800,810,810,900,910,990,1000,1100,1100,1100
POST,checkout,209,3,300.0,294.68417760824707,107.7037480135914,611.9675709924195,6783.177033492823,1.1656371848258746,0.016731634231950353,300,300,310,390,400,410,510,510,610,610,610
GET,home,4783,0,690.0,655.9134812895744,100.45177498250268,1004.4004709925503,10535.293957767091,26.675802177139513,0.0,690,700,700,710,800,800,890,900,990,1000,1000
GET,logout,915,0,710.0,736.0716517287868,413.7838039896451,1175.7961429830175,10499.0,5.103148440744858,0.0,710,790,800,810,890,900,980,1000,1200,1200,1200
POST,setCurrency,957,0,700.0,718.0095003709677,61.048122006468475,1102.468366996618,10513.307210031347,5.337391319992163,0.0,700,790,800,800,890,900,910,910,1100,1100,1100
GET,viewCart,1047,0,380.0,353.0264068114702,107.17415501130745,611.8034050159622,16608.52435530086,5.8393403469506735,0.0,380,400,400,400,480,500,500,510,600,610,610
GET,viewProduct,5407,0,300.0,297.52125325020313,11.198810010682791,608.80599898519,7985.6998335491035,30.155982097385188,0.0,300,300,310,320,400,410,490,500,590,610,610
,Aggregated,15373,3,490.0,493.5140344114486,11.198810010682791,1175.7961429830175,10664.43101541664,85.73847101592426,0.016731634231950353,490,600,690,700,790,800,890,900,1000,1100,1200
