Type,Name,Request Count,Failure Count,Median Response Time,Average Response Time,Min Response Time,Max Response Time,Average Content Size,Requests/s,Failures/s,50%,66%,75%,80%,90%,95%,98%,99%,99.9%,99.99%,100%
POST,addToCart,1636,0,98,95.27195686876523,7.478501996956766,1031.3765079918085,16782.716381418093,9.12537379005884,0.0,98,100,100,100,110,190,200,200,1000,1000,1000
POST,cartEmpty,837,0,100.0,108.1101763978376,7.807176996720955,1042.6572229916928,10511.812425328555,4.668666174987316,0.0,100,100,110,110,190,190,200,650,1000,1000,1000
POST,checkout,324,1,95,83.55197907440015,7.896594004705548,1097.7814009966096,6801.922839506173,1.8072256161241222,0.005577856839889267,95,97,99,100,100,110,190,190,1100,1100,1100
GET,home,2482,0,96,92.24429974297462,5.8838459954131395,1040.1712669990957,10554.48549556809,13.844240676605159,0.0,96,100,100,100,110,190,210,610,1000,1000,1000
GET,logout,404,0,99,99.0433230126835,7.299682998564094,902.0945469965227,10497.0,2.2534541633152636,0.0,99,100,110,110,190,190,200,250,900,900,900
POST,setCurrency,409,0,98,106.36830239840367,7.226728004752658,1100.2729610045208,10512.19804400978,2.28134344751471,0.0,98,100,110,110,190,190,250,690,1100,1100,1100
GET,viewCart,472,0,92,66.20508752104982,5.459082996821962,797.6698269922053,16650.92161016949,2.6327484284277336,0.0,92,95,97,97,100,100,110,190,800,800,800
GET,viewProduct,3455,0,90,67.3795515094687,5.022208992158994,1104.10856299859,7994.606946454413,19.271495381817413,0.0,90,93,95,96,98,100,100,190,1000,1100,1100
,Aggregated,10019,1,94,84.83258031916156,5.022208992158994,1104.10856299859,10846.975346841002,55.88454767885056,0.005577856839889267,94,98,100,100,110,190,200,510,1000,1100,1100
