Type,Name,Request Count,Failure Count,Median Response Time,Average Response Time,Min Response Time,Max Response Time,Average Content Size,Requests/s,Failures/s,50%,66%,75%,80%,90%,95%,98%,99%,99.9%,99.99%,100%
POST,addToCart,1685,0,98,91.91331893597032,7.364668999798596,1026.1111899890238,16772.92759643917,9.39661680047488,0.0,98,100,100,100,110,190,190,200,1000,1000,1000
POST,cartEmpty,863,0,100.0,106.57069314380679,7.9000479890964925,1005.5174849985633,10511.835457705678,4.812629257453899,0.0,100,100,110,110,190,190,200,740,1000,1000,1000
POST,checkout,333,1,93,75.43137181645879,4.75668600120116,191.96955701045226,6800.516516516516,1.8570168513698126,0.005576627181290729,93,96,98,99,100,110,190,190,190,190,190
GET,home,2553,0,96,87.56269503607149,5.855552008142695,998.454694999964,10554.319623971798,14.237129193835232,0.0,96,99,100,100,110,190,190,520,910,1000,1000
GET,logout,413,0,99,94.11461061239778,7.652864995179698,527.9798979900079,10497.0,2.303147025873071,0.0,99,100,100,110,180,190,190,200,530,530,530
POST,setCurrency,420,0,99,100.15816003887309,7.341742006246932,932.101550992229,10511.87380952381,2.342183416142106,0.0,99,100,100,110,190,190,200,250,930,930,930
GET,viewCart,483,0,91,67.4274192405209,5.373202002374455,838.9652680052677,16653.312629399585,2.693510928563422,0.0,91,95,97,98,100,100,110,190,840,840,840
GET,viewProduct,3553,0,89,65.19802890483236,4.877270999713801,998.6772679985734,7994.9220377146075,19.81375637512596,0.0,89,93,95,96,98,100,100,190,980,1000,1000
,Aggregated,10303,1,94,81.59394927918805,4.75668600120116,1026.1111899890238,10845.734543336892,57.45598984883838,0.005576627181290729,94,98,100,100,110,190,190,210,980,1000,1000
