Type,Name,Request Count,Failure Count,Median Response Time,Average Response Time,Min Response Time,Max Response Time,Average Content Size,Requests/s,Failures/s,50%,66%,75%,80%,90%,95%,98%,99%,99.9%,99.99%,100%
GET,home,2501,0,96.0,96.19942172952253,5.857356998603791,5134.819038998103,10553.979208316674,13.94133725001648,0.0,96.0,100.0,100.0,100.0,110.0,190.0,200.0,350.0,4700.0,5100.0,5100.0
GET,viewCart,473,0,89.0,66.01693021944757,5.5011560034472495,749.7856070112903,16648.080338266383,2.6366463491634526,0.0,89.0,94.0,96.0,97.0,100.0,100.0,110.0,190.0,750.0,750.0,750.0
POST,addToCart,1652,0,98.0,91.35651441416267,7.764909998513758,1099.9647550052032,16769.23244552058,9.20875215394931,0.0,98.0,100.0,100.0,100.0,110.0,190.0,190.0,200.0,1100.0,1100.0,1100.0
POST,checkout,327,2,94.0,76.81755127245702,7.869827008107677,212.63101100339557,6793.80122324159,1.8227977931848816,0.0111486103558708,94.0,96.0,98.0,100.0,100.0,110.0,190.0,190.0,210.0,210.0,210.0
POST,cartEmpty,850,0,100.0,113.33454063216992,7.691892009461299,5045.657256006962,10511.314117647058,4.738159401245105,0.0,100.0,100.0,110.0,110.0,190.0,200.0,200.0,300.0,5000.0,5000.0,5000.0
GET,logout,407,0,98.0,97.37863333816286,7.769525982439518,1007.7353949891404,10497.0,2.268742207419715,0.0,98.0,100.0,100.0,110.0,190.0,190.0,200.0,220.0,1000.0,1000.0,1000.0
GET,viewProduct,3483,3483,88.0,63.397342535981856,5.016050999984145,5.445077986223623,7994.804520283955,19.41530493474906,0.0,88.0,92.66666666666667,94.44444444444444,95.44444444444444,98.0,99.88888888888889,112.22222222222223,346.6666666666667,845.5555555555555,845.5555555555555,845.5555555555555
POST,setCurrency,409,0,98.0,110.63904564437448,7.952521002152935,5131.194027024321,10511.43520782396,2.279890817775586,0.0,98.0,100.0,110.0,110.0,190.0,190.0,200.0,290.0,5100.0,5100.0,5100.0
,Aggregated,10102,2,94.0,84.11719041621215,5.016050999984145,5134.819038998103,10843.965056424471,56.31163090750359,0.0111486103558708,94.0,97.0,100.0,100.0,110.0,190.0,190.0,200.0,1100.0,5100.0,5100.0
