Type,Name,Request Count,Failure Count,Median Response Time,Average Response Time,Min Response Time,Max Response Time,Average Content Size,Requests/s,Failures/s,50%,66%,75%,80%,90%,95%,98%,99%,99.9%,99.99%,100%
POST,addToCart,2520,0,490.0,465.00695255294016,98.61904400167987,796.3348000048427,16822.44761904762,14.057626841778692,0.0,490,500,500,510,600,600,690,700,790,800,800
POST,cartEmpty,1230,0,700.0,715.2189618168442,301.7486869939603,1102.2234499978367,10513.518699186992,6.861460720391981,0.0,700,790,800,800,810,900,910,990,1000,1100,1100
POST,checkout,514,3,290.0,292.5182252413476,104.84811899368651,686.1168820032617,6796.81906614786,2.8673096018548603,0.016735270049736538,300,300,310,380,400,410,490,500,690,690,690
GET,home,3621,0,600.0,617.8279608364282,100.31498099851888,903.4654910065001,10556.925434962717,20.199470950032,0.0,600,690,700,700,710,790,800,810,900,900,900
GET,logout,587,0,700.0,690.5731887806895,216.81015999638475,1003.2249149953714,10499.0,3.2745345063984495,0.0,700,710,790,790,800,810,900,910,1000,1000,1000
POST,setCurrency,621,0,700.0,672.3798383220872,30.552789990906604,999.0850530011812,10514.161030595813,3.4642009002954635,0.0,700,710,780,790,800,810,900,910,1000,1000,1000
GET,viewCart,757,0,380.0,355.45397627110043,103.20417099865153,612.0034210034646,16741.40026420079,4.22286647588352,0.0,380,390,400,400,490,490,500,510,610,610,610
GET,viewProduct,5173,0,300.0,291.47695450291485,12.576581997564062,593.5779989958974,7996.833945486178,28.857183989095706,0.0,300,300,310,310,400,400,410,480,510,590,590
,Aggregated,15023,3,410.0,468.5382110446598,12.576581997564062,1102.2234499978367,10901.781069027491,83.80465398573067,0.016735270049736538,410,590,610,690,710,790,810,890,990,1000,1100
