Type,Name,Request Count,Failure Count,Median Response Time,Average Response Time,Min Response Time,Max Response Time,Average Content Size,Requests/s,Failures/s,50%,66%,75%,80%,90%,95%,98%,99%,99.9%,99.99%,100%
GET,home,3594,0,590.0,567.7895308264348,11.499158004880885,1297.637894997024,10556.398998330553,20.03287626603799,0.0,590.0,600.0,610.0,610.0,700.0,710.0,800.0,900.0,1200.0,1300.0,1300.0
GET,viewCart,737,0,300.0,320.38863864703626,86.61049699730938,947.0479860028718,16717.655359565808,4.10802164943517,0.0,300.0,310.0,390.0,390.0,400.0,430.0,500.0,510.0,950.0,950.0,950.0
POST,addToCart,2471,0,400.0,429.6080462727916,14.30306499969447,1142.7032179999514,16808.44152165115,13.773299180127957,0.0,400.0,490.0,490.0,500.0,510.0,590.0,680.0,890.0,1100.0,1100.0,1100.0
POST,checkout,500,1,290.0,276.1224215640832,12.70174599630991,805.7097570053884,6804.06,2.786988907350861,0.0055739778147017,290.0,300.0,300.0,310.0,390.0,400.0,410.0,610.0,810.0,810.0,810.0
POST,cartEmpty,1203,0,620.0,648.6335181870676,100.04892199503956,1406.8032289942494,10513.66251039069,6.705495311086172,0.0,620.0,700.0,700.0,710.0,790.0,810.0,890.0,1000.0,1400.0,1400.0,1400.0
GET,logout,583,0,610.0,641.6830853548843,93.32640300272033,1295.3407289969618,10499.0,3.249629065971104,0.0,610.0,690.0,700.0,700.0,790.0,800.0,900.0,1100.0,1300.0,1300.0,1300.0
GET,viewProduct,5119,5119,290.0,275.9085618540187,7.95895500050392,94.66157299902989,7996.202534622126,28.53319243345811,0.0,290.0,300.0,300.0,307.77777777777777,378.8888888888889,401.1111111111111,484.44444444444446,636.6666666666666,910.0,910.0,910.0
POST,setCurrency,620,0,610.0,638.7356502240789,21.51951500127325,1294.7704209946096,10513.758064516129,3.455866245115068,0.0,610.0,700.0,700.0,700.0,790.0,810.0,980.0,1200.0,1300.0,1300.0,1300.0
,Aggregated,14827,1,400.0,434.25914758623423,7.95895500050392,1406.8032289942494,10886.5957375059,82.64536905858243,0.0055739778147017,400.0,510.0,590.0,600.0,690.0,710.0,800.0,890.0,1200.0,1400.0,1400.0
