Type,Name,Request Count,Failure Count,Median Response Time,Average Response Time,Min Response Time,Max Response Time,Average Content Size,Requests/s,Failures/s,50%,66%,75%,80%,90%,95%,98%,99%,99.9%,99.99%,100%
GET,home,3603,0,590.0,562.7722942980598,12.16591100092046,1401.70087399747,10557.381348875935,20.091500671817418,0.0,590.0,600.0,610.0,610.0,690.0,700.0,790.0,900.0,1300.0,1400.0,1400.0
GET,viewCart,737,0,300.0,326.90246223332343,8.816982001008,1093.2189390005078,16717.998643147897,4.109751872086993,0.0,300.0,380.0,390.0,400.0,400.0,480.0,500.0,590.0,1100.0,1100.0,1100.0
POST,addToCart,2484,0,410.0,429.5027035116903,92.39696699660271,1010.1311190010164,16796.6038647343,13.85159246982916,0.0,410.0,490.0,500.0,500.0,510.0,590.0,610.0,690.0,1000.0,1000.0,1000.0
POST,checkout,503,1,290.0,277.4085267994151,102.33673500624718,1191.8645890036714,6804.848906560636,2.804891711885696,0.0055763254709457,290.0,300.0,300.0,300.0,390.0,400.0,500.0,790.0,1200.0,1200.0,1200.0
POST,cartEmpty,1212,0,610.0,651.0232698283626,103.0157799978042,1493.024333998619,10514.992574257423,6.758506470786209,0.0,620.0,700.0,700.0,710.0,790.0,800.0,900.0,1200.0,1500.0,1500.0,1500.0
GET,logout,586,0,610.0,630.2381830614696,193.05233100021724,1406.2912470035371,10498.974402730377,3.2677267259741902,0.0,610.0,690.0,700.0,700.0,710.0,800.0,800.0,910.0,1400.0,1400.0,1400.0
GET,viewProduct,5136,5136,290.0,274.784551479726,8.108545996947214,93.5203109984286,7996.94207183972,28.640007618777197,0.0,290.0,300.0,300.0,306.6666666666667,378.8888888888889,400.0,441.1111111111111,550.0,948.8888888888889,948.8888888888889,948.8888888888889
POST,setCurrency,622,0,610.0,628.8656626399622,22.91057099500904,1495.3449360036757,10514.781350482315,3.468474442928236,0.0,610.0,690.0,700.0,700.0,790.0,800.0,900.0,1100.0,1500.0,1500.0,1500.0
,Aggregated,14883,1,400.0,432.469280777408,8.108545996947214,1495.3449360036757,10885.818517771955,82.99245198408511,0.0055763254709457,400.0,500.0,590.0,600.0,690.0,700.0,800.0,810.0,1300.0,1500.0,1500.0
