Type,Name,Request Count,Failure Count,Median Response Time,Average Response Time,Min Response Time,Max Response Time,Average Content Size,Requests/s,Failures/s,50%,66%,75%,80%,90%,95%,98%,99%,99.9%,99.99%,100%
POST,addToCart,2454,0,410.0,438.58670708115824,12.44263800617773,1305.7044080051128,16806.26487367563,13.686200127075766,0.0,410,490,500,500,510,600,810,1000,1300,1300,1300
POST,cartEmpty,1195,0,680.0,660.8261006838246,17.240070999832824,1592.1143430023221,10511.52050209205,6.664632906216602,0.0,680,700,700,710,800,810,1000,1300,1500,1600,1600
POST,checkout,498,4,290.0,281.78880906828175,12.636649000342004,1192.3124909953913,6793.21686746988,2.7773951358124416,0.022308394665160172,290,300,300,310,390,400,790,890,1200,1200,1200
GET,home,3566,0,590.0,570.1484894334899,18.400219996692613,1484.1860809974605,10554.486539540101,19.887933843990297,0.0,590,600,610,610,700,710,800,1000,1400,1500,1500
GET,logout,581,0,610.0,635.2058085851144,99.10580900032073,1401.1406650097342,10497.0,3.2402943251145153,0.0,610,690,700,700,790,800,900,1200,1400,1400,1400
POST,setCurrency,615,0,610.0,635.5116054536613,19.473883003229275,1592.833939997945,10511.552845528455,3.4299156797683765,0.0,610,690,700,700,790,800,1000,1300,1600,1600,1600
GET,viewCart,730,0,300.0,329.90174456082894,8.470177999697626,1024.0183980058646,16726.83698630137,4.0712820263917315,0.0,300,380,390,400,410,490,510,700,1000,1000,1000
GET,viewProduct,5067,0,290.0,276.7957726695183,8.621280998340808,1104.0766820078716,7995.62916913361,28.25915894209165,0.0,290,300,300,310,390,400,500,720,1000,1100,1100
,Aggregated,14706,4,400.0,438.1005015312096,8.470177999697626,1592.833939997945,10887.52672378621,82.01681298646137,0.022308394665160172,400,510,590,600,690,710,800,920,1400,1600,1600
