{
  "RES_TIME": {
    "precision": 0.6153846153846154,
    "recall": 1,
    "mhd_pos": 5.791666666666667,
    "mhd_false": 2.8666666666666667,
    "true_positive": 8,
    "true_negative": 0,
    "false_positive": 5,
    "false_negative": 0
  },
  "CPU": {
    "precision": 0.7692307692307693,
    "recall": 1,
    "mhd_pos": 7.8,
    "mhd_false": 2.111111111111111,
    "true_positive": 10,
    "true_negative": 0,
    "false_positive": 3,
    "false_negative": 0
  },
  "MEM": {
    "precision": 0.7692307692307693,
    "recall": 1,
    "mhd_pos": 7.4333333333333345,
    "mhd_false": 0.2222222222222222,
    "true_positive": 10,
    "true_negative": 0,
    "false_positive": 3,
    "false_negative": 0
  }
}