Type,Name,Request Count,Failure Count,Median Response Time,Average Response Time,Min Response Time,Max Response Time,Average Content Size,Requests/s,Failures/s,50%,66%,75%,80%,90%,95%,98%,99%,99.9%,99.99%,100%
POST,addToCart,2226,0,300.0,304.53824648158565,40.388435998465866,1194.910129001073,16802.46361185984,12.412881651989231,0.0,300,310,310,390,400,410,500,900,1200,1200,1200
POST,cartEmpty,1076,0,400.0,425.8562732443774,121.0360769982799,1303.4421039992594,10513.489776951672,6.000117096828577,0.0,400,490,490,500,500,590,800,910,1200,1300,1300
POST,checkout,448,1,200.0,219.39622280785898,90.97151499736356,896.4754159969743,6804.071428571428,2.498190018010411,0.005576317004487525,200,210,280,290,300,300,310,610,900,900,900
GET,home,3282,0,380.0,360.02297642654133,21.38618200115161,1206.2353290020837,10555.408287629494,18.301472408728056,0.0,380,390,400,400,410,500,800,1000,1200,1200,1200
GET,logout,543,0,400.0,396.9034424421095,190.33626400050707,1206.4882220001891,10498.963167587477,3.027940133436726,0.0,400,410,410,490,500,510,600,900,1200,1200,1200
POST,setCurrency,566,0,400.0,407.2777643693496,120.50523900688859,1214.5828339998843,10513.273851590106,3.156195424539939,0.0,400,410,490,490,500,590,690,810,1200,1200,1200
GET,viewCart,679,0,200.0,219.68410517356446,40.049233997706324,909.9943379987963,16722.468335787922,3.7863192460470296,0.0,200,210,280,290,300,300,380,630,910,910,910
GET,viewProduct,4640,0,200.0,194.91862321111765,9.794752004381735,1103.3872090047225,7994.931034482759,25.874110900822117,0.0,200,200,200,210,290,300,310,640,1000,1100,1100
,Aggregated,13460,1,290.0,290.9089231887333,9.794752004381735,1303.4421039992594,10884.7220653789,75.05722688040208,0.005576317004487525,290,310,390,400,410,500,590,820,1200,1200,1300
