Type,Name,Request Count,Failure Count,Median Response Time,Average Response Time,Min Response Time,Max Response Time,Average Content Size,Requests/s,Failures/s,50%,66%,75%,80%,90%,95%,98%,99%,99.9%,99.99%,100%
POST,addToCart,2292,0,300.0,294.6006517258755,100.8610089920694,504.3585319945123,16805.46815008726,12.787095180994669,0.0,300,300,310,310,390,400,410,480,500,500,500
POST,cartEmpty,1115,0,400.0,413.841494392056,123.5817310080165,690.5079749994911,10510.89865470852,6.22059822286608,0.0,400,410,490,490,500,510,600,600,610,690,690
POST,checkout,461,3,200.0,211.47562424715284,94.49503099313006,384.29198000812903,6795.934924078091,2.5719244670325225,0.016737035577218153,200,210,280,290,300,300,300,310,380,380,380
GET,home,3394,0,320.0,346.6294593476172,16.007515994715504,701.4719740109285,10553.167059516794,18.935166249692802,0.0,320,390,400,400,410,490,500,500,600,700,700
GET,logout,564,0,400.0,393.0336465759381,121.13849900197238,695.9507590072462,10497.0,3.1465626885170126,0.0,400,400,410,490,500,500,590,590,700,700,700
POST,setCurrency,583,0,400.0,391.90206724029025,50.78662600135431,603.6884250061121,10511.114922813036,3.2525639138393942,0.0,400,410,480,490,500,500,510,590,600,600,600
GET,viewCart,700,0,200.0,212.75377348732687,92.63178400578909,399.0278959972784,16724.11142857143,3.9053083013509022,0.0,200,210,220,290,290,300,300,310,400,400,400
GET,viewProduct,4781,0,200.0,185.36459330603998,11.6474480018951,390.41271099995356,7994.5072160635855,26.67325569822666,0.0,200,200,200,200,210,290,300,300,310,390,390
,Aggregated,13890,3,290.0,280.48338745239903,11.6474480018951,701.4719740109285,10883.01403887689,77.49247472252004,0.016737035577218153,290,310,390,390,400,490,500,510,600,700,700
