Type,Name,Request Count,Failure Count,Median Response Time,Average Response Time,Min Response Time,Max Response Time,Average Content Size,Requests/s,Failures/s,50%,66%,75%,80%,90%,95%,98%,99%,99.9%,99.99%,100%
POST,addToCart,2270,0,300.0,297.9569934034478,45.09356900234707,1288.151355998707,16796.24449339207,12.662139059878005,0.0,300,300,310,380,390,400,410,490,1300,1300,1300
POST,cartEmpty,1106,0,400.0,417.6382684067352,193.32545800716616,1288.3586079988163,10511.758589511754,6.16930651992294,0.0,400,410,490,490,500,510,590,610,1100,1300,1300
POST,checkout,457,3,200.0,208.56523193276072,97.02056199603248,907.1514429961098,6794.754923413567,2.5491619164600214,0.01673410448442027,200,210,210,280,290,300,300,310,910,910,910
GET,home,3359,0,310.0,348.9114064415145,79.55290999962017,1203.0160400026944,10553.94254242334,18.73661898772256,0.0,310,390,400,400,410,490,500,510,1200,1200,1200
GET,logout,555,0,400.0,397.37322624376344,102.76614900794812,1183.9809170051012,10497.0,3.09580932961775,0.0,400,400,410,490,500,500,590,910,1200,1200,1200
POST,setCurrency,576,0,400.0,396.50814520152585,71.41701198997907,1182.3456540005282,10511.861111111111,3.212948061008692,0.0,400,410,410,490,500,500,590,600,1200,1200,1200
GET,viewCart,695,0,200.0,209.9180492603684,95.86621500784531,396.35864600131754,16717.266187050358,3.8767342055573626,0.0,200,210,220,290,290,300,300,310,400,400,400
GET,viewProduct,4736,0,200.0,190.73999674825748,11.880634003318846,1084.6351959917229,7994.8534628378375,26.417572946071466,0.0,200,200,200,200,210,290,300,310,1100,1100,1100
,Aggregated,13754,3,290.0,283.826270623169,11.880634003318846,1288.3586079988163,10882.082957685037,76.7202910262388,0.01673410448442027,290,310,390,390,400,490,500,580,1200,1300,1300
