Type,Name,Request Count,Failure Count,Median Response Time,Average Response Time,Min Response Time,Max Response Time,Average Content Size,Requests/s,Failures/s,50%,66%,75%,80%,90%,95%,98%,99%,99.9%,99.99%,100%
POST,addToCart,2151,0,290.0,262.10591369718907,7.8501120005967095,1196.9785659894114,17000.180381218037,11.996143064823176,0.0,290,300,300,300,310,390,400,800,1100,1200,1200
POST,cartEmpty,663,0,390.0,358.9049471009942,8.478991003357805,1299.7833270055708,10513.316742081448,3.6975559516400582,0.0,390,400,400,410,490,500,510,800,1300,1300,1300
POST,checkout,496,0,200.0,195.02849783255502,8.230523992097005,1178.0571630079066,6806.290322580645,2.7661957043943723,0.0,200,200,200,210,290,300,300,810,1200,1200,1200
GET,home,2631,0,300.0,305.50330643914253,6.8682419951073825,1293.6007419921225,10552.262257696693,14.673106649720955,0.0,300,310,310,390,400,410,500,810,1200,1300,1300
GET,logout,565,0,310.0,343.66039071305227,8.570461999624968,1208.0003330047475,10499.0,3.151009219723428,0.0,310,390,400,400,410,490,500,600,1200,1200,1200
POST,setCurrency,581,0,380.0,361.2284320312692,8.37510400742758,1205.2836689981632,10513.26678141136,3.240241339220021,0.0,380,400,400,400,490,500,910,1000,1200,1200,1200
GET,viewCart,987,0,200.0,199.04441691787568,5.496748999576084,1086.4550490077818,16995.480243161095,5.50450637144606,0.0,200,200,210,210,290,300,510,720,1100,1100,1100
GET,viewProduct,4119,0,190.0,166.69992975434812,5.202751999604516,1097.635521000484,7997.11410536538,22.97169376290407,0.0,190,200,200,200,200,210,290,710,1100,1100,1100
,Aggregated,12193,0,210.0,245.1728716785111,5.202751999604516,1299.7833270055708,11189.324530468302,68.00045206387215,0.0,210,290,300,310,390,400,500,800,1200,1300,1300
