{
  "RES_TIME": {
    "mean_precision": 0.9999999999999999,
    "mean_recall": 0.9999999999999999,
    "mean_mhd_pos": 0.973333333333333,
    "mean_mhd_false": -1
  },
  "CPU": {
    "mean_precision": 0.9999999999999999,
    "mean_recall": 0.9999999999999999,
    "mean_mhd_pos": 0.20999999999999996,
    "mean_mhd_false": -1
  },
  "MEM": {
    "mean_precision": 0.9999999999999999,
    "mean_recall": 0.9999999999999999,
    "mean_mhd_pos": 0.16666666666666666,
    "mean_mhd_false": -1
  }
}