Type,Name,Request Count,Failure Count,Median Response Time,Average Response Time,Min Response Time,Max Response Time,Average Content Size,Requests/s,Failures/s,50%,66%,75%,80%,90%,95%,98%,99%,99.9%,99.99%,100%
POST,addToCart,1279,0,190.0,160.63567486873026,8.034647005842999,914.0621750120772,16715.947615324472,7.132738462859976,0.0,190,190,200,200,200,210,290,300,900,910,910
POST,cartEmpty,294,0,200.0,206.73843616670985,10.703018007916398,1005.7300690095872,10513.996598639456,1.6395817889607764,0.0,200,200,210,290,300,300,400,910,1000,1000,1000
POST,checkout,160,2,100.0,137.1170631129644,15.569253999274224,724.3863260082435,6785.1125,0.8922894089582456,0.01115361761197807,100,180,190,190,200,200,210,720,720,720,720
GET,home,3712,0,190.0,174.6252701475559,6.269784993492067,1003.4681410033954,10535.378771551725,20.7011142878313,0.0,190,200,200,200,210,290,300,490,980,1000,1000
GET,logout,726,0,200.0,201.47615344329037,9.273677002056502,1004.7480520006502,10499.0,4.04876319314804,0.0,200,200,210,210,290,300,310,790,1000,1000,1000
POST,setCurrency,737,0,200.0,204.12366646402003,7.41324300179258,1093.14599299978,10513.691994572591,4.110108090013919,0.0,200,200,210,290,300,300,380,400,1100,1100,1100
GET,viewCart,822,0,100.0,117.42349514863629,5.735247003030963,811.904421003419,16608.5401459854,4.584136838522987,0.0,100,110,110,190,190,200,200,200,810,810,810
GET,viewProduct,4190,0,100.0,107.36925803780748,5.253991999779828,917.9677570064086,7986.407875894988,23.366828897094056,0.0,100,100,110,110,190,190,200,200,810,920,920
,Aggregated,11920,2,110.0,149.2862411954972,5.253991999779828,1093.14599299978,10666.937080536913,66.4755609673893,0.01115361761197807,110,190,200,200,200,290,300,390,910,1000,1100
