Type,Name,Request Count,Failure Count,Median Response Time,Average Response Time,Min Response Time,Max Response Time,Average Content Size,Requests/s,Failures/s,50%,66%,75%,80%,90%,95%,98%,99%,99.9%,99.99%,100%
POST,addToCart,2477,0,490.0,469.5621896444409,25.058242994418833,1379.5952939981362,16811.245861929754,13.815449385755583,0.0,490,500,500,510,600,610,800,1100,1300,1400,1400
POST,cartEmpty,1199,0,700.0,712.1144335345778,193.66150999849197,1698.899591996451,10513.78815679733,6.6874137317403894,0.0,700,710,790,800,810,900,1200,1400,1500,1700,1700
POST,checkout,505,1,290.0,282.02649874851573,100.15265700349119,998.6036109985434,6803.380198019802,2.816633806946536,0.005577492687022844,290,300,300,310,400,410,500,510,1000,1000,1000
GET,home,3558,0,600.0,618.8956764774784,24.17989999958081,1595.9600450005382,10556.745643620012,19.844718980427277,0.0,600,680,690,700,710,800,910,1200,1500,1600,1600
GET,logout,575,0,690.0,690.4953961739818,107.55204699671594,1597.488766994502,10499.0,3.207058295038135,0.0,690,700,710,790,810,900,1000,1300,1600,1600,1600
POST,setCurrency,614,0,700.0,680.7987612198691,19.20436900400091,1414.7988830009126,10513.874592833876,3.424580509832026,0.0,700,700,720,790,800,900,1100,1300,1400,1400,1400
GET,viewCart,739,0,380.0,359.93988540997935,92.08489300362999,1092.423827998573,16732.380243572396,4.121767095709881,0.0,380,390,400,400,480,500,700,890,1100,1100,1100
GET,viewProduct,5089,0,300.0,297.97683207310604,7.8460779986926354,1201.2859009992098,7996.796816663392,28.38386028425925,0.0,300,300,310,310,400,410,620,880,1100,1200,1200
,Aggregated,14756,1,420.0,471.5932443927322,7.8460779986926354,1698.899591996451,10897.090539441582,82.30148208970908,0.005577492687022844,420,590,610,680,710,800,900,1100,1400,1600,1700
