Type,Name,Request Count,Failure Count,Median Response Time,Average Response Time,Min Response Time,Max Response Time,Average Content Size,Requests/s,Failures/s,50%,66%,75%,80%,90%,95%,98%,99%,99.9%,99.99%,100%
GET,home,4694,0,600.0,621.0976375792703,10.711765993619338,1598.397986002965,10533.552620366425,26.16976139919983,0.0,600.0,690.0,700.0,700.0,710.0,790.0,820.0,1200.0,1500.0,1600.0,1600.0
GET,viewCart,1039,0,300.0,339.7202431015882,10.607987991534172,1192.66078597866,16607.585178055822,5.792582465651604,0.0,300.0,380.0,390.0,400.0,410.0,500.0,820.0,990.0,1200.0,1200.0,1200.0
POST,addToCart,1620,0,400.0,430.6463513320332,14.252627006499097,1289.762669999618,16710.504938271606,9.031745519110297,0.0,400.0,490.0,490.0,500.0,510.0,600.0,700.0,1100.0,1200.0,1300.0,1300.0
POST,checkout,203,1,290.0,294.1179466944216,92.35627099405974,1202.1917439997196,6799.527093596059,1.1317557656662902,0.0055751515550063,290.0,300.0,300.0,310.0,400.0,490.0,1000.0,1100.0,1200.0,1200.0,1200.0
POST,cartEmpty,371,0,700.0,702.250450638903,105.61602498637512,1400.1318020164035,10511.256064690027,2.068381226907358,0.0,700.0,710.0,790.0,800.0,810.0,890.0,910.0,1300.0,1400.0,1400.0,1400.0
GET,logout,908,0,700.0,694.4930482764614,15.989956009434536,1601.355908002006,10497.0,5.062237611945771,0.0,700.0,700.0,710.0,790.0,800.0,900.0,1200.0,1400.0,1600.0,1600.0,1600.0
GET,viewProduct,5290,5290,300.0,294.81341281642796,7.42870700196363,95.17926999251358,7984.154292872186,29.49255172598362,0.0,300.0,300.0,310.0,310.0,398.8888888888889,406.6666666666667,688.8888888888889,857.7777777777778,1088.888888888889,1088.888888888889,1088.888888888889
POST,setCurrency,942,0,700.0,704.6660769215403,23.253912018844854,1585.7389350130688,10512.041401273886,5.2517927648159874,0.0,700.0,710.0,790.0,800.0,810.0,900.0,1200.0,1400.0,1600.0,1600.0,1600.0
,Aggregated,15067,1,420.0,473.8927743816567,7.42870700196363,1601.355908002006,10666.994026680826,84.00080847928076,0.0055751515550063,420.0,600.0,610.0,690.0,710.0,800.0,900.0,1100.0,1500.0,1600.0,1600.0
