Type,Name,Request Count,Failure Count,Median Response Time,Average Response Time,Min Response Time,Max Response Time,Average Content Size,Requests/s,Failures/s,50%,66%,75%,80%,90%,95%,98%,99%,99.9%,99.99%,100%
GET,home,4817,0,600.0,613.2806639575186,12.989173003006728,997.9631020105444,10533.376998131616,26.852322185346317,0.0,600.0,690.0,690.0,700.0,710.0,790.0,800.0,810.0,900.0,1000.0,1000.0
GET,viewCart,1059,0,310.0,330.2545573510882,9.140122012468057,601.3878179946914,16619.100094428708,5.903385757583921,0.0,310.0,390.0,390.0,400.0,410.0,490.0,500.0,510.0,600.0,600.0,600.0
POST,addToCart,1656,0,410.0,428.2299851688,11.36036097886972,793.9172289916314,16727.38164251208,9.231356765400353,0.0,410.0,490.0,500.0,500.0,580.0,600.0,610.0,690.0,790.0,790.0,790.0
POST,checkout,204,0,290.0,265.33154277364935,17.74802801082842,494.6422840002924,6805.656862745098,1.1371961232739565,0.0,290.0,300.0,300.0,300.0,390.0,400.0,410.0,490.0,490.0,490.0,490.0
POST,cartEmpty,381,0,700.0,693.7333700072792,97.20913600176571,1116.38380997465,10512.343832020995,2.1238809949381245,0.0,700.0,710.0,790.0,800.0,810.0,900.0,920.0,1000.0,1100.0,1100.0,1100.0
GET,logout,932,0,700.0,688.2907048623725,98.54683300363833,1107.2984150086995,10497.0,5.195425425937879,0.0,700.0,710.0,790.0,790.0,800.0,890.0,900.0,910.0,1100.0,1100.0,1100.0
GET,viewProduct,5426,5426,300.0,279.59571771124723,7.670912018511444,89.55603401409462,7984.8333681378845,30.247187082767095,0.0,300.0,300.0,303.3333333333333,310.0,391.1111111111111,400.0,407.77777777777777,418.8888888888889,503.3333333333333,503.3333333333333,503.3333333333333
POST,setCurrency,963,0,690.0,661.6703024113972,20.239613979356363,995.7778630196116,10511.691588785046,5.368234640749118,0.0,690.0,700.0,710.0,780.0,800.0,810.0,900.0,900.0,1000.0,1000.0,1000.0
,Aggregated,15438,0,410.0,461.66776072257056,7.670912018511444,1116.38380997465,10666.293496566912,86.05898897599675,0.0,410.0,600.0,610.0,680.0,700.0,790.0,800.0,880.0,990.0,1100.0,1100.0
