Type,Name,Request Count,Failure Count,Median Response Time,Average Response Time,Min Response Time,Max Response Time,Average Content Size,Requests/s,Failures/s,50%,66%,75%,80%,90%,95%,98%,99%,99.9%,99.99%,100%
GET,home,4696,0,600.0,619.4930733273454,10.766708990558982,1492.9604049830232,10533.441439522998,26.17694863095352,0.0,600.0,690.0,690.0,700.0,710.0,800.0,900.0,1100.0,1400.0,1500.0,1500.0
GET,viewCart,1030,0,310.0,337.73470270507903,8.349655021447688,1020.2678880013992,16623.60776699029,5.741536859003859,0.0,310.0,390.0,400.0,400.0,410.0,500.0,690.0,800.0,1000.0,1000.0,1000.0
POST,addToCart,1613,0,410.0,441.4914877528368,12.513618014054371,1884.5979039906524,16734.236825790453,8.991358207352645,0.0,410.0,490.0,500.0,500.0,590.0,600.0,810.0,990.0,1700.0,1900.0,1900.0
POST,checkout,200,0,290.0,280.29422722480376,88.66165397921577,881.0184969916008,6804.765,1.1148615260201669,0.0,290.0,300.0,300.0,310.0,390.0,400.0,680.0,820.0,880.0,880.0,880.0
POST,cartEmpty,368,0,700.0,710.3885078301138,99.89303100155666,2101.4135620207526,10511.902173913044,2.051345207877107,0.0,700.0,710.0,790.0,800.0,880.0,900.0,1200.0,1300.0,2100.0,2100.0,2100.0
GET,logout,905,0,700.0,696.3843397662695,94.56364199286328,1511.8392040021718,10497.0,5.044748405241255,0.0,700.0,710.0,790.0,790.0,810.0,900.0,1000.0,1200.0,1500.0,1500.0,1500.0
GET,viewProduct,5295,5295,300.0,297.86223700676607,6.08702702447772,13.01740697817877,7984.93874751584,29.515958901383915,0.0,300.0,300.0,307.77777777777777,310.0,400.0,448.8888888888889,726.6666666666666,877.7777777777778,1155.5555555555557,1155.5555555555557,1155.5555555555557
POST,setCurrency,941,0,700.0,691.5419169693408,18.87644699309021,1494.497281993972,10512.070138150902,5.245423479924885,0.0,700.0,710.0,790.0,800.0,800.0,900.0,1000.0,1100.0,1500.0,1500.0,1500.0
,Aggregated,15048,0,490.0,474.7885996770344,6.08702702447772,2101.4135620207526,10664.539008506114,83.88218121775735,0.0,490.0,600.0,610.0,690.0,710.0,800.0,900.0,1000.0,1400.0,2000.0,2100.0
