Type,Name,Request Count,Failure Count,Median Response Time,Average Response Time,Min Response Time,Max Response Time,Average Content Size,Requests/s,Failures/s,50%,66%,75%,80%,90%,95%,98%,99%,99.9%,99.99%,100%
POST,addToCart,2577,0,500.0,525.4947575299883,103.0765310060815,1400.7910399959655,16804.141637563058,14.370016902853955,0.0,500,590,590,600,690,700,800,1000,1300,1400,1400
POST,cartEmpty,1248,0,800.0,813.8729154030289,310.2716880021035,1607.2067959976266,10512.770833333334,6.959170001847783,0.0,800,890,900,900,990,1000,1100,1200,1500,1600,1600
POST,checkout,522,7,300.0,328.73486988323384,107.99399400275433,1098.1945559979067,6784.067049808429,2.9108066834651782,0.03903380610010775,300,380,390,400,410,490,510,610,1100,1100,1100
GET,home,3728,0,700.0,716.3041869929805,86.61997799936216,1407.7446410010452,10555.813572961373,20.78828987731453,0.0,700,790,800,800,890,900,990,1100,1400,1400,1400
GET,logout,598,0,790.0,779.2787105119173,484.86829900502926,1287.4446470013936,10498.966555183946,3.3346022925520624,0.0,790,810,890,890,900,990,1000,1100,1300,1300,1300
POST,setCurrency,644,0,800.0,782.7469882484942,199.19615200342378,1512.4887239944655,10512.711180124224,3.5911101612099134,0.0,800,810,890,890,910,1000,1000,1100,1500,1500,1500
GET,viewCart,765,0,400.0,402.6006994066586,181.39560500276275,1007.6726410043193,16722.934640522875,4.265837380940347,0.0,400,410,480,490,500,580,600,600,1000,1000,1000
GET,viewProduct,5307,0,310.0,332.6012169327206,15.931531001115218,1097.5623539998196,7995.973619747503,29.59320128189598,0.0,310,390,400,400,410,500,580,720,990,1100,1100
,Aggregated,15389,7,500.0,536.4284178564449,15.931531001115218,1607.2067959976266,10890.493989213075,85.81303458207975,0.03903380610010775,500,690,700,780,810,900,990,1000,1400,1500,1600
