Type,Name,Request Count,Failure Count,Median Response Time,Average Response Time,Min Response Time,Max Response Time,Average Content Size,Requests/s,Failures/s,50%,66%,75%,80%,90%,95%,98%,99%,99.9%,99.99%,100%
GET,home,3765,0,700.0,709.1686760685726,100.7192760007456,1096.2519559980135,10556.920849933598,20.99026522673958,0.0,700.0,720.0,790.0,800.0,810.0,890.0,910.0,910.0,1000.0,1100.0,1100.0
GET,viewCart,765,0,400.0,405.18881925470174,16.12201499665389,682.9105450015049,16727.78954248366,4.264954289098481,0.0,400.0,410.0,490.0,490.0,500.0,520.0,600.0,600.0,680.0,680.0,680.0
POST,addToCart,2592,0,500.0,521.3372592284106,106.38304700114531,908.6287929967511,16800.663580246914,14.45066865012191,0.0,500.0,590.0,590.0,600.0,610.0,690.0,720.0,800.0,900.0,910.0,910.0
POST,checkout,526,4,300.0,318.7395613820509,111.65720300050452,604.0405629973975,6793.463878326997,2.9325045177330726,0.0223004145835214,300.0,370.0,390.0,390.0,400.0,490.0,510.0,590.0,600.0,600.0,600.0
POST,cartEmpty,1260,0,810.0,816.3020684166981,290.47762799746124,1198.863120996975,10514.475396825395,7.0246305938092615,0.0,810.0,890.0,900.0,900.0,980.0,1000.0,1000.0,1100.0,1100.0,1200.0,1200.0
GET,logout,607,0,800.0,789.4272261813641,407.76445099618286,1104.5579880010337,10499.0,3.3840879130493824,0.0,800.0,810.0,890.0,890.0,910.0,990.0,1000.0,1000.0,1100.0,1100.0,1100.0
GET,viewProduct,5362,5362,300.0,323.4089372829962,10.079758998472244,101.66070199920796,7995.931852417489,29.893705749210525,0.0,301.1111111111111,321.1111111111111,390.0,398.8888888888889,406.6666666666667,435.55555555555554,497.77777777777777,502.22222222222223,584.4444444444445,584.4444444444445,584.4444444444445
POST,setCurrency,651,0,800.0,777.0869958094828,50.13999000220792,1095.5797380011063,10514.133640552996,3.629392473468119,0.0,800.0,810.0,890.0,900.0,910.0,990.0,1000.0,1000.0,1100.0,1100.0,1100.0
,Aggregated,15528,4,500.0,531.0608153902206,10.079758998472244,1198.863120996975,10884.03380989181,86.57020941323033,0.0223004145835214,500.0,690.0,700.0,720.0,810.0,900.0,910.0,1000.0,1100.0,1100.0,1200.0
