Type,Name,Request Count,Failure Count,Median Response Time,Average Response Time,Min Response Time,Max Response Time,Average Content Size,Requests/s,Failures/s,50%,66%,75%,80%,90%,95%,98%,99%,99.9%,99.99%,100%
POST,addToCart,851,0,9,36.377043061111394,7.202138003776781,713.8011600036407,16609.40775558167,4.745619156394537,0.0,9,20,83,85,90,93,97,98,710,710,710
POST,cartEmpty,277,0,11,45.551560213300775,7.750772005238105,620.9789179993095,10512.4440433213,1.5446962471460477,0.0,11,83,87,88,93,95,99,100,620,620,620
POST,checkout,93,0,10,35.57374184968085,7.734976999927312,93.96555500279646,6804.548387096775,0.518616429547229,0.0,10,68,82,84,87,90,92,94,94,94,94
GET,home,2588,0,8,30.180236910629922,5.657927998981904,882.0467810000991,10536.828052550232,14.432035695357298,0.0,8,10,60,77,87,91,94,96,720,880,880
GET,logout,479,0,10,41.625151279837986,7.222777996503282,1002.2770700015826,10499.0,2.6711534382056206,0.0,10,65,83,86,93,97,99,100,1000,1000,1000
POST,setCurrency,481,0,10,28.829113914557006,7.298178999917582,183.45047399634495,10513.47817047817,2.6823064797012597,0.0,10,12,69,75,85,93,98,100,180,180,180
GET,viewCart,479,0,7,23.41928483928274,5.176339996978641,98.32410299713956,16467.54279749478,2.6711534382056206,0.0,7,7,9,67,84,88,92,95,98,98,98
GET,viewProduct,2866,0,6,23.874668431296712,4.878526000538841,917.4705379991792,7985.280181437543,15.982308463251165,0.0,6,7,9,64,83,88,91,92,790,920,920
,Aggregated,8114,0,8,29.385918826580944,4.878526000538841,1002.2770700015826,10575.358269657383,45.24788934780878,0.0,8,10,64,77,87,91,94,97,720,1000,1000
