Type,Name,Request Count,Failure Count,Median Response Time,Average Response Time,Min Response Time,Max Response Time,Average Content Size,Requests/s,Failures/s,50%,66%,75%,80%,90%,95%,98%,99%,99.9%,99.99%,100%
GET,home,2605,0,8.0,29.805725067172418,5.953425978077576,679.4466690043919,10534.834932821495,14.521114470699706,0.0,8.0,10.0,65.0,79.0,87.0,92.0,96.0,99.0,190.0,680.0,680.0
GET,viewCart,483,0,7.0,28.662539692450984,5.277740012388676,97.39853901555762,16467.281573498964,2.6923985755654347,0.0,7.0,8.0,74.0,80.0,87.0,91.0,94.0,96.0,97.0,97.0,97.0
POST,addToCart,863,0,9.0,32.066175037226614,7.265389984240755,186.92870700033384,16602.74855156431,4.810641761310498,0.0,9.0,12.0,76.0,83.0,90.0,93.0,96.0,97.0,190.0,190.0,190.0
POST,checkout,95,1,10.0,38.07361837733831,5.354656983399764,167.29286799090914,6790.747368421053,0.5295607964362656,0.0055743241730133,10.0,76.0,83.0,87.0,90.0,94.0,100.0,170.0,170.0,170.0,170.0
POST,cartEmpty,284,0,12.0,42.87885444377743,7.534097996540368,187.44680000236255,10511.323943661971,1.5831080651357836,0.0,12.0,78.0,85.0,87.0,92.0,96.0,100.0,170.0,190.0,190.0,190.0
GET,logout,482,0,11.0,38.34373981981003,7.396897010039538,686.294765007915,10497.0,2.6868242513924216,0.0,11.0,62.0,77.0,86.0,91.0,95.0,99.0,100.0,690.0,690.0,690.0
GET,viewProduct,2889,2889,6.0,23.540494424690635,4.934016003971919,5.024671001592651,7984.5541749090025,16.10422253583549,0.0,6.0,7.0,18.11111111111111,63.22222222222222,84.33333333333333,88.11111111111111,91.77777777777777,94.33333333333333,116.22222222222223,116.22222222222223,116.22222222222223
POST,setCurrency,483,0,10.0,31.179634437223367,7.011203997535631,195.11103600962088,10511.11387163561,2.6923985755654347,0.0,10.0,12.0,73.0,78.0,91.0,96.0,99.0,100.0,200.0,200.0,200.0
,Aggregated,8184,1,8.0,28.896921334516023,4.934016003971919,686.294765007915,10576.431940371456,45.62026903194104,0.0055743241730133,8.0,10.0,65.0,78.0,87.0,92.0,96.0,98.0,190.0,690.0,690.0
