Type,Name,Request Count,Failure Count,Median Response Time,Average Response Time,Min Response Time,Max Response Time,Average Content Size,Requests/s,Failures/s,50%,66%,75%,80%,90%,95%,98%,99%,99.9%,99.99%,100%
GET,home,4488,0,480.0,460.6787125221234,11.343477992340922,1315.6165649998002,10533.508021390377,25.01763022781391,0.0,480.0,500.0,500.0,500.0,590.0,600.0,800.0,1000.0,1300.0,1300.0,1300.0
GET,viewCart,987,0,280.0,263.76381661816527,14.469093992374836,1106.9610310078133,16610.512664640326,5.501871888336081,0.0,280.0,290.0,300.0,300.0,310.0,390.0,640.0,850.0,1100.0,1100.0,1100.0
POST,addToCart,1529,0,310.0,344.0515949939252,25.229287013644356,1394.6923799812794,16708.81883584042,8.523163239377778,0.0,310.0,390.0,390.0,400.0,410.0,490.0,690.0,1100.0,1300.0,1400.0,1400.0
POST,checkout,187,1,200.0,230.89243267366493,101.85263300081716,898.7241380091291,6797.727272727273,1.0424012594922465,0.0055743382860547,200.0,220.0,290.0,290.0,300.0,380.0,490.0,800.0,900.0,900.0,900.0
POST,cartEmpty,343,0,500.0,544.6683660670728,300.7021139783319,1508.1894230097532,10512.516034985423,1.911998032116794,0.0,500.0,510.0,590.0,600.0,610.0,710.0,1400.0,1400.0,1500.0,1500.0,1500.0
GET,logout,873,0,500.0,513.3161868981805,200.9313110029325,1307.9186739923898,10497.0,4.866397323725834,0.0,500.0,510.0,590.0,590.0,600.0,690.0,790.0,1100.0,1300.0,1300.0,1300.0
GET,viewProduct,5045,5045,200.0,234.05071050159515,17.350915004499257,98.73473300831392,7984.4255520137895,28.122536653146433,0.0,200.0,217.77777777777777,290.0,293.3333333333333,300.0,317.77777777777777,626.6666666666666,852.2222222222222,1111.111111111111,1111.111111111111,1111.111111111111
POST,setCurrency,899,0,500.0,521.6697284877865,81.59140998031944,1422.6197759853676,10512.076751946608,5.011330119163259,0.0,500.0,590.0,600.0,600.0,610.0,700.0,900.0,1000.0,1400.0,1400.0,1400.0
,Aggregated,14351,1,310.0,361.0967982077756,11.343477992340922,1508.1894230097532,10660.586718695562,79.99732874317233,0.0055743382860547,310.0,410.0,490.0,500.0,510.0,600.0,730.0,1000.0,1300.0,1500.0,1500.0
