Type,Name,Request Count,Failure Count,Median Response Time,Average Response Time,Min Response Time,Max Response Time,Average Content Size,Requests/s,Failures/s,50%,66%,75%,80%,90%,95%,98%,99%,99.9%,99.99%,100%
POST,addToCart,1278,0,180.0,151.75168203281493,7.953211999847554,300.9556659962982,16714.850547730828,7.129615706059669,0.0,190,190,200,200,200,200,290,290,300,300,300
POST,cartEmpty,296,0,200.0,195.40597577343834,8.658617000037339,395.9580479931901,10512.77027027027,1.6513037942047435,0.0,200,200,210,210,290,290,300,310,400,400,400
POST,checkout,156,0,100.0,128.84921380123743,8.568810997530818,287.54030900017824,6806.974358974359,0.8702817293781756,0.0,100,110,190,190,200,200,210,290,290,290,290
GET,home,3765,0,190.0,162.8265478158892,6.307386000116821,308.82985499920323,10534.84727755644,21.003914814800197,0.0,190,200,200,200,200,280,290,300,310,310,310
GET,logout,738,0,200.0,196.15967709887875,7.987545999640133,311.4201369971852,10499.0,4.1171020274429075,0.0,200,200,210,210,290,300,300,300,310,310,310
POST,setCurrency,745,0,200.0,191.60075583250062,8.513717002642807,392.4590589958825,10513.252348993288,4.156153130684236,0.0,200,200,200,210,290,300,300,310,390,390,390
GET,viewCart,825,0,100.0,109.3703909697378,5.537933997402433,213.10881300451,16599.957575757577,4.602451453442274,0.0,100,100,110,110,190,190,200,200,210,210,210
GET,viewProduct,4233,0,99,98.93797089488777,5.1668390005943365,204.05892399867298,7986.445546893457,23.614760002934727,0.0,99,100,100,110,180,190,190,200,200,200,200
,Aggregated,12036,0,110.0,139.70294586980563,5.1668390005943365,395.9580479931901,10658.123213692257,67.14558265894694,0.0,110,190,200,200,200,210,290,300,310,390,400
