{
  "RES_TIME": {
    "precision": 0.3076923076923077,
    "recall": 1,
    "mhd_pos": 6.25,
    "mhd_false": 3.222222222222222
  },
  "CPU": {
    "precision": 0.8461538461538461,
    "recall": 1,
    "mhd_pos": 6.545454545454546,
    "mhd_false": 0.16666666666666666
  },
  "MEM": {
    "precision": 0.7692307692307693,
    "recall": 1,
    "mhd_pos": 6.066666666666666,
    "mhd_false": 0.1111111111111111
  }
}