Type,Name,Request Count,Failure Count,Median Response Time,Average Response Time,Min Response Time,Max Response Time,Average Content Size,Requests/s,Failures/s,50%,66%,75%,80%,90%,95%,98%,99%,99.9%,99.99%,100%
POST,addToCart,1641,0,400.0,417.96552784760644,11.42561600136105,1109.9564440082759,16728.725776965264,9.150593415639692,0.0,400,480,490,500,510,590,600,690,1000,1100,1100
POST,cartEmpty,386,0,700.0,675.8303684403006,96.56403699773364,1393.2331370015163,10513.023316062176,2.1524247766221336,0.0,700,710,720,790,800,810,900,910,1400,1400,1400
POST,checkout,210,0,290.0,277.2386622423905,12.846014011302032,617.7915050066076,6807.119047619048,1.1710082981623007,0.0,290,300,300,310,400,410,500,520,620,620,620
GET,home,4678,0,600.0,594.152597039649,10.057636987767182,1306.9421539985342,10535.044677212483,26.08560389906306,0.0,600,610,690,690,700,780,800,880,1200,1300,1300
GET,logout,905,0,690.0,670.7676435914019,97.16531900630798,1306.6219100001035,10499.0,5.046488142080391,0.0,690,700,710,720,800,810,890,900,1300,1300,1300
POST,setCurrency,937,0,690.0,655.3654521695333,21.341204992495477,1199.924825996277,10512.895410885805,5.2249275018003605,0.0,690,700,710,710,800,810,900,990,1200,1200,1200
GET,viewCart,1036,0,300.0,318.6049998366517,9.571401998982765,941.1905949964421,16612.610038610037,5.776974270934017,0.0,300,330,390,390,400,410,490,500,610,940,940
GET,viewProduct,5310,0,290.0,276.5143644130925,6.937454003491439,934.6316250012023,7986.048964218456,29.60978125353246,0.0,290,300,300,310,390,400,410,500,840,930,930
,Aggregated,15103,0,410.0,450.5003060607548,6.937454003491439,1393.2331370015163,10672.784347480632,84.21780155783442,0.0,410,590,600,610,700,710,800,820,1200,1300,1400
