Type,Name,Request Count,Failure Count,Median Response Time,Average Response Time,Min Response Time,Max Response Time,Average Content Size,Requests/s,Failures/s,50%,66%,75%,80%,90%,95%,98%,99%,99.9%,99.99%,100%
GET,home,3628,0,700.0,630.386862089274,6.170305001433007,1698.038058006205,10555.9710584344,20.214425145624983,0.0,700.0,710.0,780.0,790.0,810.0,890.0,910.0,1000.0,1500.0,1700.0,1700.0
GET,viewCart,745,0,390.0,357.16071826580253,5.715544997656252,1101.8325629993342,16709.394630872484,4.150977600190357,0.0,390.0,400.0,410.0,480.0,500.0,510.0,600.0,630.0,1100.0,1100.0,1100.0
POST,addToCart,2503,0,490.0,465.5649644207131,7.5971940023009665,1498.3419609998236,16796.518977227326,13.946170380236865,0.0,490.0,500.0,580.0,590.0,600.0,690.0,790.0,990.0,1500.0,1500.0,1500.0
POST,checkout,509,1,300.0,301.9332778938134,7.936423004139215,1186.0352820003754,6802.277013752456,2.8360370449622705,0.0055717820136783,300.0,310.0,380.0,390.0,400.0,500.0,510.0,990.0,1200.0,1200.0,1200.0
POST,cartEmpty,1219,0,790.0,723.4942371763434,7.822603001841344,1787.30715400161,10513.072190319934,6.7920022746738855,0.0,790.0,810.0,880.0,890.0,910.0,1000.0,1100.0,1200.0,1600.0,1800.0,1800.0
GET,logout,576,0,790.0,715.891272263952,7.83651399979135,1716.0128969990185,10499.0,3.209346439878719,0.0,790.0,800.0,810.0,880.0,900.0,990.0,1100.0,1400.0,1700.0,1700.0,1700.0
GET,viewProduct,5167,5167,300.0,298.9565300456054,5.081010996946134,5.584954997175373,7995.955831606656,28.78939766467594,0.0,300.0,310.0,380.0,391.1111111111111,401.1111111111111,454.44444444444446,557.7777777777778,701.1111111111111,1010.0,1010.0,1010.0
POST,setCurrency,623,0,790.0,713.5165842503025,7.933252003567759,1801.931861002231,10512.913322632425,3.4712201945216004,0.0,790.0,800.0,810.0,890.0,910.0,990.0,1100.0,1500.0,1800.0,1800.0,1800.0
,Aggregated,14970,1,410.0,477.973391089688,5.081010996946134,1801.931861002231,10887.03152972612,83.40957674476462,0.0055717820136783,410.0,600.0,700.0,700.0,800.0,890.0,910.0,1000.0,1600.0,1800.0,1800.0
