Type,Name,Request Count,Failure Count,Median Response Time,Average Response Time,Min Response Time,Max Response Time,Average Content Size,Requests/s,Failures/s,50%,66%,75%,80%,90%,95%,98%,99%,99.9%,99.99%,100%
POST,addToCart,2464,0,500.0,475.3729382982528,7.542059000115842,1398.8021580007626,16799.812905844155,13.737455769155495,0.0,500,510,590,600,670,700,800,890,1300,1400,1400
POST,cartEmpty,1202,0,790.0,730.9790101421826,8.083335000264924,1693.4027460010839,10512.630615640599,6.7014699003753675,0.0,790,810,890,900,910,1000,1100,1400,1700,1700,1700
POST,checkout,498,1,300.0,296.8561285983394,8.145381994836498,1301.4556730049662,6799.953815261044,2.7764825377595117,0.005575266140079341,300,310,390,390,400,480,500,700,1300,1300,1300
GET,home,3579,0,700.0,636.460432038787,6.065349996788427,1592.7189990034094,10555.049175747416,19.95387751534396,0.0,700,710,790,800,810,900,990,1200,1500,1600,1600
GET,logout,577,0,720.0,707.838899767822,7.888993000960909,1500.4285269969841,10497.0,3.2169285628257795,0.0,720,800,810,890,900,990,1000,1100,1500,1500,1500
POST,setCurrency,617,0,790.0,710.5860129335479,7.659923998289742,1600.746052004979,10512.003241491086,3.439939208428953,0.0,790,800,810,890,910,1000,1100,1300,1600,1600,1600
GET,viewCart,734,0,390.0,368.80449756806627,5.574953996983822,1198.0267030012328,16709.15258855586,4.0922453468182365,0.0,390,400,410,490,500,510,610,790,1200,1200,1200
GET,viewProduct,5091,0,300.0,307.09026848653633,5.090131999168079,1209.3759650015272,7995.347083087802,28.383679919143923,0.0,300,310,390,400,410,490,590,790,1100,1200,1200
,Aggregated,14762,1,410.0,484.8012194616272,5.090131999168079,1693.4027460010839,10886.419455358353,82.30207875985123,0.005575266140079341,410,600,700,710,800,890,980,1000,1500,1700,1700
