Type,Name,Request Count,Failure Count,Median Response Time,Average Response Time,Min Response Time,Max Response Time,Average Content Size,Requests/s,Failures/s,50%,66%,75%,80%,90%,95%,98%,99%,99.9%,99.99%,100%
POST,addToCart,1980,0,200.0,191.336572993139,15.991767999366857,388.4275079908548,16796.34898989899,11.045740156652089,0.0,200,200,200,210,290,300,300,300,380,390,390
POST,cartEmpty,963,0,290.0,256.17385866378373,96.60793100192677,493.28873099875636,10513.470404984424,5.372246348917152,0.0,290,300,300,300,310,390,400,400,490,490,490
POST,checkout,397,0,190.0,153.81764079372562,16.327883990015835,291.170291005983,6803.51637279597,2.2147266879751917,0.0,190,190,190,200,200,200,200,290,290,290,290
GET,home,2957,0,200.0,217.50661550661124,11.917433002963662,491.47642799653113,10555.375380453163,16.496087698596074,0.0,200,210,290,290,300,300,300,310,400,490,490
GET,logout,495,0,280.0,250.18512126660409,100.03763700660784,401.45642499555834,10499.0,2.7614350391630222,0.0,280,290,300,300,300,310,390,400,400,400,400
POST,setCurrency,506,0,280.0,250.30428569146966,31.90105799876619,408.89707699534483,10513.612648221344,2.8228002622555337,0.0,280,290,300,300,300,310,390,400,410,410,410
GET,viewCart,611,0,110.0,141.23070388681307,12.192795998998918,293.4276269952534,16703.30278232406,3.4085592099567807,0.0,110,190,190,190,200,200,200,210,290,290,290
GET,viewProduct,4157,0,100,122.88532400176408,7.403287003398873,291.5222590090707,7995.991821024778,23.190475672324613,0.0,100,110,190,190,190,200,200,200,280,290,290
,Aggregated,12066,0,190.0,180.4571822811884,7.403287003398873,493.28873099875636,10878.205950605006,67.31207107584045,0.0,190,200,210,210,290,300,310,380,400,490,490
