Type,Name,Request Count,Failure Count,Median Response Time,Average Response Time,Min Response Time,Max Response Time,Average Content Size,Requests/s,Failures/s,50%,66%,75%,80%,90%,95%,98%,99%,99.9%,99.99%,100%
POST,addToCart,2365,0,490.0,498.6531862960524,7.606914994539693,1995.502772013424,16803.902325581395,13.181375053005729,0.0,490,520,590,600,690,900,1200,1300,1900,2000,2000
POST,cartEmpty,1152,0,790.0,749.1606904745822,8.219938012189232,2191.5313369972864,10513.419270833334,6.4206951632400004,0.0,790,810,890,900,990,1100,1400,1600,2000,2200,2200
POST,checkout,476,2,300.0,323.57947001051,7.906351005658507,1700.9162440081127,6800.983193277311,2.6529955709220836,0.011147040213958334,300,310,390,400,410,800,1000,1000,1700,1700,1700
GET,home,3442,0,700.0,653.0668412278432,6.124317995272577,1803.4115269983886,10556.390180127833,19.18405620822229,0.0,700,710,790,800,890,1000,1200,1400,1600,1800,1800
GET,logout,555,0,790.0,753.2363146307001,7.803954009432346,1801.2377730046865,10499.0,3.0933036593734378,0.0,790,810,890,900,990,1200,1400,1500,1800,1800,1800
POST,setCurrency,593,0,800.0,736.9122687016991,7.747437004582025,1707.183876002091,10513.549747048904,3.305097423438646,0.0,800,810,890,900,990,1200,1300,1600,1700,1700,1700
GET,viewCart,704,0,390.0,384.94663530536855,5.890960994292982,1192.5568729930092,16714.235795454544,3.9237581553133336,0.0,390,400,480,490,510,700,990,1000,1200,1200,1200
GET,viewProduct,4892,0,300.0,328.08277844837215,5.064716999186203,1302.9269319958985,7996.17273098937,27.265660363342086,0.0,300,310,390,400,490,700,910,1000,1200,1300,1300
,Aggregated,14179,2,480.0,506.0474158708463,5.064716999186203,2191.5313369972864,10887.272022004372,79.02694159685761,0.011147040213958334,480,610,700,710,810,910,1200,1300,1800,2000,2200
