Type,Name,Request Count,Failure Count,Median Response Time,Average Response Time,Min Response Time,Max Response Time,Average Content Size,Requests/s,Failures/s,50%,66%,75%,80%,90%,95%,98%,99%,99.9%,99.99%,100%
POST,addToCart,1605,0,400.0,410.34959806718666,99.72289500001352,1288.8537329999963,16715.52834890966,8.9514230166878,0.0,400,410,490,490,500,590,600,610,1200,1300,1300
POST,cartEmpty,385,0,610.0,643.4408203353229,300.8466359897284,906.7057410138659,10513.883116883117,2.1472260818846123,0.0,610,700,700,710,800,800,890,900,910,910,910
POST,checkout,202,1,290.0,269.25455701531956,103.11356099555269,499.84136401326396,6799.3267326732675,1.1265965416641341,0.005577210602297694,290,300,300,310,390,400,490,490,500,500,500
GET,home,4642,0,590.0,580.5868421891831,86.57158199639525,1515.1290070061805,10535.39444205084,25.889411615865896,0.0,590,600,610,690,700,710,800,900,1500,1500,1500
GET,logout,893,0,610.0,646.8419379144922,308.1307449901942,1607.471108000027,10498.994400895857,4.980449067851841,0.0,610,700,700,700,790,800,890,1300,1600,1600,1600
POST,setCurrency,929,0,610.0,634.8504104348693,99.378468003124,1617.4535010068212,10513.552206673843,5.181228649534558,0.0,610,690,700,700,790,800,900,1200,1600,1600,1600
GET,viewCart,1012,0,300.0,312.94418049208025,98.98877399973571,1200.0996339920675,16603.03162055336,5.644137129525267,0.0,300,310,390,390,400,410,490,500,1200,1200,1200
GET,viewProduct,5239,0,290.0,270.9860294345821,11.99079399520997,1185.0999699963722,7985.991601450659,29.21900634543762,0.0,290,300,300,300,380,400,410,500,1000,1200,1200
,Aggregated,14907,1,400.0,440.03559156125243,11.99079399520997,1617.4535010068212,10662.011336955793,83.13947844845173,0.005577210602297694,400,510,600,600,700,710,800,860,1300,1600,1600
