Type,Name,Request Count,Failure Count,Median Response Time,Average Response Time,Min Response Time,Max Response Time,Average Content Size,Requests/s,Failures/s,50%,66%,75%,80%,90%,95%,98%,99%,99.9%,99.99%,100%
POST,addToCart,2278,0,210.0,237.27446379851457,15.139810000619036,998.8077119996888,16991.42756804214,12.708573036848163,0.0,210,290,290,300,300,310,390,390,810,1000,1000
POST,cartEmpty,718,0,300.0,304.9146232632385,98.20523700000194,502.2598020004807,10512.951253481895,4.005599403185681,0.0,300,310,380,390,400,400,410,490,500,500,500
POST,checkout,520,3,190.0,178.85433390004508,17.467513000156032,903.7153749995923,6795.886538461538,2.9009912112208274,0.016736487757043235,190,200,200,200,200,210,300,300,900,900,900
GET,home,2837,0,290.0,252.91667683747815,12.355435001154547,1095.2744940004777,10551.707789918928,15.827138588910552,0.0,290,290,300,300,300,310,390,400,1000,1100,1100
GET,logout,604,0,300.0,297.14521110431536,96.99937400000636,1098.5162720007793,10499.0,3.369612868418038,0.0,300,300,310,320,400,400,410,490,1100,1100,1100
POST,setCurrency,619,0,300.0,301.4992319935744,18.9133200001379,896.5978369997174,10513.096930533118,3.453295307203254,0.0,300,310,310,390,400,400,410,490,900,900,900
GET,viewCart,1031,0,190.0,169.75610016488892,13.699282000743551,919.5178930003749,16986.072744907855,5.751772959170525,0.0,190,200,200,200,200,210,290,290,920,920,920
GET,viewProduct,4409,0,120.0,149.87896025833706,8.497560000250814,927.4084589997074,7997.526423225221,24.59705817360121,0.0,120,190,190,200,200,200,210,290,890,930,930
,Aggregated,13016,3,200.0,212.9615397212673,8.497560000250814,1098.5162720007793,11166.761293792255,72.61404154855825,0.016736487757043235,200,210,290,300,300,380,400,400,920,1100,1100
