Type,Name,Request Count,Failure Count,Median Response Time,Average Response Time,Min Response Time,Max Response Time,Average Content Size,Requests/s,Failures/s,50%,66%,75%,80%,90%,95%,98%,99%,99.9%,99.99%,100%
GET,home,3382,0,490.0,454.92461427445215,6.105380991357379,1300.3024789941264,10555.062093435838,18.8537806053484,0.0,490.0,500.0,510.0,510.0,600.0,600.0,610.0,700.0,1200.0,1300.0,1300.0
GET,viewCart,697,0,290.0,267.16507683194345,5.8741309912875295,890.5319329933263,16712.443328550933,3.885595825525676,0.0,290.0,300.0,300.0,300.0,390.0,400.0,400.0,480.0,890.0,890.0,890.0
POST,addToCart,2364,0,390.0,359.30072442940434,7.399760987027548,1197.4604099959834,16807.14043993232,13.178692297765709,0.0,390.0,400.0,400.0,410.0,490.0,500.0,510.0,590.0,1100.0,1200.0,1200.0
POST,checkout,482,1,210.0,235.882899356798,7.715284998994321,1120.7573389983736,6801.8734439834025,2.6870260945529063,0.005574742934757,210.0,290.0,300.0,300.0,310.0,310.0,400.0,410.0,1100.0,1100.0,1100.0
POST,cartEmpty,1162,0,590.0,535.3185880482706,8.05533499806188,1314.2803509981604,10512.069707401031,6.477851290187712,0.0,590.0,600.0,600.0,610.0,690.0,700.0,710.0,810.0,1300.0,1300.0,1300.0
GET,logout,546,0,510.0,526.7463076744364,7.888892010669224,1303.8946760061665,10497.0,3.043809642377359,0.0,510.0,600.0,600.0,600.0,690.0,700.0,710.0,790.0,1300.0,1300.0,1300.0
GET,viewProduct,4834,4834,210.0,225.14489801114803,5.050558000220917,5.610995009192266,7995.579879122206,26.948307346615664,0.0,205.55555555555554,256.6666666666667,292.22222222222223,297.77777777777777,300.0,308.8888888888889,372.22222222222223,400.0,1021.1111111111111,1021.1111111111111,1021.1111111111111
POST,setCurrency,574,0,510.0,518.4589491184659,8.20385898987297,1190.014859996154,10511.564459930314,3.1999024445505566,0.0,510.0,600.0,600.0,600.0,690.0,700.0,710.0,800.0,1200.0,1200.0,1200.0
,Aggregated,14041,1,310.0,354.9087373150998,5.050558000220917,1314.2803509981604,10895.801224983976,78.27496554692398,0.005574742934757,310.0,410.0,500.0,500.0,590.0,600.0,690.0,700.0,1200.0,1300.0,1300.0
