Type,Name,Request Count,Failure Count,Median Response Time,Average Response Time,Min Response Time,Max Response Time,Average Content Size,Requests/s,Failures/s,50%,66%,75%,80%,90%,95%,98%,99%,99.9%,99.99%,100%
POST,addToCart,1907,0,110.0,134.10030778251104,7.583717000670731,825.7945780060254,16998.7954902989,10.637513260870813,0.0,110,120,190,190,200,200,210,520,780,830,830
POST,cartEmpty,599,0,170.0,160.8178289150203,8.823389012832195,1079.3128320074175,10511.59265442404,3.341305948223187,0.0,170,190,200,200,200,280,300,840,1100,1100,1100
POST,checkout,437,2,100.0,111.83211888799079,9.38698899699375,536.5487360104453,6799.29290617849,2.4376472443631596,0.011156280294568237,100,100,110,180,190,190,200,200,540,540,540
GET,home,2351,0,100.0,133.731238228116,6.294003003858961,1086.950869008433,10550.660569970225,13.114207486264961,0.0,100,120,190,190,200,200,320,610,1000,1100,1100
GET,logout,504,0,110.0,147.54076214099075,7.86282800254412,1003.429624994169,10496.960317460318,2.8113826342311956,0.0,110,190,190,200,200,210,300,700,1000,1000,1000
POST,setCurrency,512,0,110.0,151.97926481411628,7.889622007496655,1095.1156280061696,10511.4609375,2.8560077554094687,0.0,110,190,200,200,200,210,290,620,1100,1100,1100
GET,viewCart,868,0,98,101.03282877074395,5.75424000271596,1003.1830390071264,17009.277649769585,4.841825647842614,0.0,98,100,100,100,170,190,200,680,1000,1000,1000
GET,viewProduct,3670,0,96,90.73029804066152,5.214347009314224,1075.1103310030885,7996.899727520436,20.471774340532715,0.0,96,99,100,100,100,190,190,510,990,1100,1100
,Aggregated,10848,2,100.0,118.74839236502808,5.214347009314224,1095.1156280061696,11179.392699115044,60.511664317738116,0.011156280294568237,100,110,110,190,200,200,230,600,1000,1100,1100
