Type,Name,Request Count,Failure Count,Median Response Time,Average Response Time,Min Response Time,Max Response Time,Average Content Size,Requests/s,Failures/s,50%,66%,75%,80%,90%,95%,98%,99%,99.9%,99.99%,100%
GET,home,2365,0,100.0,133.83008031545938,6.2240980041679,1192.9549909837078,10550.432135306552,13.1853536400151,0.0,100.0,110.0,190.0,190.0,200.0,200.0,320.0,710.0,1000.0,1200.0,1200.0
GET,viewCart,866,0,98.0,96.47156809013435,6.446490006055683,1002.422272984404,16980.078521939955,4.828125265223289,0.0,98.0,100.0,100.0,100.0,110.0,190.0,190.0,200.0,1000.0,1000.0,1000.0
POST,addToCart,1918,0,110.0,133.54047226557924,8.255174005171284,1195.0403840164654,16989.306569343065,10.693238174016477,0.0,110.0,110.0,190.0,190.0,200.0,200.0,210.0,290.0,1100.0,1200.0,1200.0
POST,checkout,441,1,100.0,113.92618097151606,8.776170026976615,986.3124859984964,6801.716553287982,2.45866425168992,0.0055752023847843,100.0,100.0,110.0,180.0,190.0,190.0,200.0,290.0,990.0,990.0,990.0
POST,cartEmpty,607,0,180.0,156.89102340013224,7.857991004129872,1006.5272600040772,10511.594728171334,3.3841478475641296,0.0,180.0,190.0,200.0,200.0,200.0,290.0,300.0,300.0,1000.0,1000.0,1000.0
GET,logout,509,0,110.0,148.77207114649178,8.286354976007715,1100.4511399951298,10497.0,2.8377780138552584,0.0,110.0,190.0,200.0,200.0,200.0,210.0,290.0,300.0,1100.0,1100.0,1100.0
GET,viewProduct,3690,3690,96.0,88.31658482758168,5.23449300089851,6.096761004300788,7996.93284999939,20.572496799854427,0.0,95.55555555555556,98.11111111111111,99.77777777777777,100.0,101.11111111111111,148.88888888888889,234.44444444444446,417.77777777777777,1031.111111111111,1031.111111111111,1031.111111111111
POST,setCurrency,513,0,170.0,158.75235995745012,8.536064007785171,1303.631119983038,10511.243664717347,2.8600788233943963,0.0,170.0,190.0,200.0,200.0,200.0,210.0,300.0,820.0,1300.0,1300.0,1300.0
,Aggregated,10909,1,100.0,117.7765788690742,5.23449300089851,1303.631119983038,11171.201118342651,60.819882815613,0.0055752023847843,100.0,110.0,110.0,190.0,200.0,200.0,280.0,590.0,1100.0,1300.0,1300.0
