Type,Name,Request Count,Failure Count,Median Response Time,Average Response Time,Min Response Time,Max Response Time,Average Content Size,Requests/s,Failures/s,50%,66%,75%,80%,90%,95%,98%,99%,99.9%,99.99%,100%
GET,home,2458,0,100.0,123.985680070345,6.354839017149061,991.9860509980936,10550.71074043938,13.707929880598732,0.0,100.0,110.0,190.0,190.0,200.0,200.0,200.0,210.0,300.0,990.0,990.0
GET,viewCart,904,0,98.0,93.3096702321998,5.88584499200806,201.65317700593727,16997.74004424779,5.041484382449656,0.0,98.0,100.0,100.0,100.0,110.0,190.0,190.0,200.0,200.0,200.0,200.0
POST,addToCart,1998,0,110.0,130.25052040344914,7.563129009213299,987.1828609902876,16995.525025025025,11.142572783334526,0.0,110.0,110.0,190.0,190.0,200.0,200.0,200.0,210.0,830.0,990.0,990.0
POST,checkout,458,7,99.0,106.12031320040316,6.16205099504441,294.05111400410533,6782.255458515284,2.5542033707543608,0.0390380427844552,99.0,100.0,110.0,110.0,190.0,190.0,200.0,200.0,290.0,290.0,290.0
POST,cartEmpty,634,0,190.0,155.1387448976373,8.151171001372859,910.9849719970952,10511.137223974763,3.535731303620665,0.0,190.0,200.0,200.0,200.0,200.0,210.0,300.0,300.0,910.0,910.0,910.0
GET,logout,526,0,110.0,142.22064577324136,8.088774979114532,300.74294199584983,10497.0,2.9334300720890694,0.0,110.0,190.0,200.0,200.0,200.0,210.0,290.0,290.0,300.0,300.0,300.0
GET,viewProduct,3839,3839,95.0,81.68211657219886,5.196506011998281,6.280497997067869,7997.130696828284,21.409578035646266,0.0,95.33333333333333,98.0,99.66666666666667,100.0,100.0,133.33333333333334,190.0,194.44444444444446,514.4444444444445,514.4444444444445,514.4444444444445
POST,setCurrency,533,0,110.0,151.07360892645414,8.399545011343434,994.0741129976232,10511.600375234522,2.9724681148735246,0.0,110.0,190.0,200.0,200.0,200.0,210.0,300.0,310.0,990.0,990.0,990.0
,Aggregated,11350,7,100.0,111.4727293856448,5.196506011998281,994.0741129976232,11176.408105726872,63.2973979433668,0.0390380427844552,100.0,110.0,110.0,190.0,200.0,200.0,200.0,220.0,730.0,990.0,990.0
