Type,Name,Request Count,Failure Count,Median Response Time,Average Response Time,Min Response Time,Max Response Time,Average Content Size,Requests/s,Failures/s,50%,66%,75%,80%,90%,95%,98%,99%,99.9%,99.99%,100%
GET,home,2367,0,100.0,131.8569820931047,6.258576991967857,1098.1770590005908,10550.08787494719,13.19724811483628,0.0,100.0,110.0,190.0,190.0,200.0,200.0,300.0,610.0,990.0,1100.0,1100.0
GET,viewCart,872,0,98.0,98.60799762086864,5.6774470140226185,967.552023997996,16995.327981651375,4.861850594058825,0.0,98.0,100.0,100.0,100.0,110.0,190.0,200.0,200.0,970.0,970.0,970.0
POST,addToCart,1924,0,100.0,133.54865615720217,7.310227025300264,1057.4714810063597,16995.79106029106,10.727294200652729,0.0,100.0,110.0,190.0,190.0,200.0,200.0,210.0,630.0,1100.0,1100.0,1100.0
POST,checkout,443,1,100.0,127.33196133156947,8.194848982384428,971.2189179845154,6803.440180586907,2.469953914183554,0.0055755167363059,100.0,100.0,180.0,190.0,190.0,190.0,700.0,850.0,970.0,970.0,970.0
POST,cartEmpty,608,0,180.0,159.02208346285892,8.213584980694577,1005.763338005636,10511.417763157897,3.389914175674043,0.0,180.0,190.0,200.0,200.0,200.0,210.0,300.0,800.0,1000.0,1000.0,1000.0
GET,logout,510,0,110.0,144.9667849075209,9.077613998670133,1087.7646839944646,10497.0,2.843513535516056,0.0,110.0,190.0,190.0,200.0,200.0,210.0,290.0,300.0,1100.0,1100.0,1100.0
GET,viewProduct,3695,3695,96.0,87.67746778698302,5.209052003920078,6.150219996925443,7996.186195368088,20.601534340650637,0.0,95.66666666666667,98.11111111111111,99.77777777777777,100.0,101.11111111111111,160.0,191.11111111111111,315.55555555555554,932.2222222222222,932.2222222222222,932.2222222222222
POST,setCurrency,514,0,120.0,151.78693627262786,8.172315021511167,1000.8432509785052,10510.620622568093,2.8658156024612795,0.0,140.0,190.0,200.0,200.0,200.0,210.0,280.0,290.0,1000.0,1000.0,1000.0
,Aggregated,10933,1,100.0,117.44514534777916,5.209052003920078,1098.1770590005908,11176.928930760085,60.95712447803341,0.0055755167363059,100.0,110.0,110.0,190.0,190.0,200.0,210.0,530.0,1000.0,1100.0,1100.0
