Type,Name,Request Count,Failure Count,Median Response Time,Average Response Time,Min Response Time,Max Response Time,Average Content Size,Requests/s,Failures/s,50%,66%,75%,80%,90%,95%,98%,99%,99.9%,99.99%,100%
POST,addToCart,2581,0,500.0,515.0589386780659,107.16537099870038,1393.509430999984,17001.66524602867,14.392214017959738,0.0,500,520,590,600,610,700,900,1100,1300,1400,1400
POST,cartEmpty,789,0,790.0,768.6265029809972,303.0806080023467,1609.6189879972371,10513.33206590621,4.399634583560726,0.0,790,800,810,890,900,990,1200,1300,1600,1600,1600
POST,checkout,591,6,300.0,324.3210558071172,92.74731500045164,1100.7073639993905,6789.406091370558,3.295543775518871,0.03345729721338955,300,310,390,390,400,490,810,1000,1100,1100,1100
GET,home,3137,0,690.0,667.5840263461585,30.914503000531113,1703.309268999874,10552.708638826905,17.4925902264005,0.0,690,700,710,720,800,890,1100,1300,1600,1700,1700
GET,logout,670,0,710.0,733.8483662596133,387.83892299761646,1701.6978829997242,10499.0,3.7360648554951665,0.0,710,790,800,810,900,910,1000,1200,1700,1700,1700
POST,setCurrency,704,0,710.0,753.5715956179422,98.33799400075804,1795.9547570026189,10513.875,3.9256562063710407,0.0,710,800,800,810,900,1000,1400,1500,1800,1800,1800
GET,viewCart,1168,0,400.0,408.60832415408936,107.79971000010846,1202.683358998911,16993.085616438355,6.5130205242065,0.0,400,410,490,490,510,600,800,990,1200,1200,1200
GET,viewProduct,4947,0,300.0,324.58229945482225,16.41649099838105,1215.2392319985665,7997.901354356175,27.585541552439686,0.0,300,310,390,390,400,490,710,910,1100,1200,1200
,Aggregated,14587,6,490.0,502.28657249152883,16.41649099838105,1795.9547570026189,11184.091519846439,81.34026574195222,0.03345729721338955,490,600,690,700,800,820,950,1100,1600,1700,1800
