Type,Name,Request Count,Failure Count,Median Response Time,Average Response Time,Min Response Time,Max Response Time,Average Content Size,Requests/s,Failures/s,50%,66%,75%,80%,90%,95%,98%,99%,99.9%,99.99%,100%
POST,addToCart,1597,0,390.0,389.4050286261211,100.99672499927692,1187.3048470006324,16724.93550407013,8.908870921771545,0.0,390,400,410,490,500,510,590,600,1100,1200,1200
POST,cartEmpty,365,0,600.0,610.0437804848659,210.83062500110827,1400.2351410017582,10513.383561643835,2.0361539677186062,0.0,600,610,690,700,710,790,800,900,1400,1400,1400
POST,checkout,199,1,220.0,251.82971508059669,109.36670700175455,484.7475679998752,6797.090452261306,1.1101223002082263,0.005578504021146866,220,290,300,300,390,400,400,410,480,480,480
GET,home,4656,0,510.0,542.7425930126259,98.70454199699452,1402.144475003297,10535.142396907217,25.973514722459807,0.0,510,590,600,600,610,700,710,790,1400,1400,1400
GET,logout,903,0,600.0,611.6788037288521,294.121113998699,1305.898596001498,10499.0,5.03738913109562,0.0,600,610,690,700,710,790,800,820,1300,1300,1300
POST,setCurrency,929,0,600.0,613.585315687841,33.624274998146575,1504.5898600001237,10513.531754574811,5.182430235645438,0.0,600,610,690,700,710,800,810,1100,1500,1500,1500
GET,viewCart,1028,0,300.0,296.10727932304286,108.33411999919917,896.7512660019565,16610.900778210118,5.7347021337389785,0.0,300,300,310,370,400,400,410,500,900,900,900
GET,viewProduct,5250,0,290.0,257.8616875962204,13.288041998748668,1107.07946200273,7985.182285714286,29.287146111021045,0.0,290,300,300,300,310,390,400,490,920,1100,1100
,Aggregated,14927,1,400.0,415.5026661771397,13.288041998748668,1504.5898600001237,10665.052053326188,83.27032952365927,0.005578504021146866,400,500,590,590,610,700,710,800,1300,1500,1500
