Type,Name,Request Count,Failure Count,Median Response Time,Average Response Time,Min Response Time,Max Response Time,Average Content Size,Requests/s,Failures/s,50%,66%,75%,80%,90%,95%,98%,99%,99.9%,99.99%,100%
GET,home,4662,0,510.0,541.4772754858503,59.57831699925009,1303.9063670003088,10534.772844272844,25.992393244781145,0.0,510.0,590.0,600.0,600.0,610.0,700.0,710.0,880.0,1200.0,1300.0,1300.0
GET,viewCart,1026,0,300.0,300.32841219298643,104.12727299990364,950.4643799955376,16611.8343079922,5.720333648465348,0.0,300.0,300.0,310.0,390.0,400.0,400.0,490.0,560.0,930.0,950.0,950.0
POST,addToCart,1594,0,400.0,390.3603642510677,102.37356799916596,1194.9413449983697,16722.919071518194,8.887146038648895,0.0,400.0,400.0,410.0,490.0,500.0,500.0,590.0,610.0,1200.0,1200.0,1200.0
POST,checkout,199,2,280.0,255.6962755727146,99.04230000393,504.9728369995137,6794.140703517588,1.109499411349517,0.0111507478527589,280.0,300.0,300.0,300.0,310.0,390.0,400.0,410.0,500.0,500.0,500.0
POST,cartEmpty,360,0,600.0,615.7197467831187,303.8085020016297,1400.442964004469,10513.666666666666,2.0071346134966137,0.0,600.0,620.0,700.0,700.0,710.0,800.0,900.0,1200.0,1400.0,1400.0,1400.0
GET,logout,906,0,600.0,603.3641960208839,218.38253299938515,1387.9322089997004,10498.994481236205,5.051288777299811,0.0,600.0,610.0,690.0,690.0,700.0,710.0,800.0,890.0,1400.0,1400.0,1400.0
GET,viewProduct,5243,5243,220.0,260.9648573120313,13.498371001332998,102.00799499580172,7985.86218382583,29.23168549600762,0.0,246.66666666666666,296.6666666666667,300.0,300.0,310.0,386.6666666666667,563.3333333333334,840.0,1000.0,1000.0,1000.0
POST,setCurrency,934,0,600.0,601.3009742355686,29.52970000478672,1298.1091190013103,10513.118843683083,5.2073992472384365,0.0,600.0,610.0,690.0,700.0,700.0,790.0,810.0,1000.0,1300.0,1300.0,1300.0
,Aggregated,14924,2,400.0,415.6947346379101,13.498371001332998,1400.442964004469,10664.18178772447,83.20688047728738,0.0111507478527589,400.0,500.0,590.0,590.0,610.0,700.0,780.0,820.0,1200.0,1400.0,1400.0
