Type,Name,Request Count,Failure Count,Median Response Time,Average Response Time,Min Response Time,Max Response Time,Average Content Size,Requests/s,Failures/s,50%,66%,75%,80%,90%,95%,98%,99%,99.9%,99.99%,100%
POST,addToCart,2025,0,190.0,156.13850221136636,7.661774998268811,1033.8889929989818,16965.63703703704,11.29490419320525,0.0,190,190,200,200,200,200,290,300,940,1000,1000
POST,cartEmpty,670,0,200.0,181.49035191044507,8.235296001657844,787.5384469989513,10513.708955223881,3.7370794120728483,0.0,200,200,200,200,280,290,300,300,790,790,790
POST,checkout,462,2,110.0,135.20862256510864,5.851625999639509,796.2996729984297,6798.294372294372,2.576911475190531,0.01115546093156074,110,190,190,190,200,200,200,290,800,800,800
GET,home,2485,0,180.0,153.29647040079138,5.890382999496069,1033.8291370026127,10553.839034205232,13.86066020746422,0.0,180,190,200,200,200,200,290,310,990,1000,1000
GET,logout,523,0,200.0,178.1215199597774,7.84178599860752,1014.4357629978913,10499.0,2.9171530336031335,0.0,200,200,200,200,210,290,300,300,1000,1000,1000
POST,setCurrency,533,0,200.0,195.85125500182417,7.59628900050302,1004.024888999993,10514.078799249532,2.9729303382609373,0.0,200,200,200,210,290,290,610,940,1000,1000,1000
GET,viewCart,884,0,100,110.0633305565445,5.6455220001225825,977.5808230006078,16948.638009049773,4.930713731749847,0.0,100,100,110,110,190,190,200,200,980,980,980
GET,viewProduct,3881,0,99,99.35163036404379,5.097395998745924,1018.6910459997307,7998.285493429528,21.647171937693617,0.0,99,100,100,100,180,190,190,200,970,1000,1000
,Aggregated,11463,2,110.0,136.2307468235919,5.097395998745924,1033.8889929989818,11156.383581959348,63.93752432924038,0.01115546093156074,110,190,190,200,200,200,290,300,990,1000,1000
