Type,Name,Request Count,Failure Count,Median Response Time,Average Response Time,Min Response Time,Max Response Time,Average Content Size,Requests/s,Failures/s,50%,66%,75%,80%,90%,95%,98%,99%,99.9%,99.99%,100%
POST,addToCart,2063,0,190.0,152.12418030586903,7.8278529981616884,785.5933949977043,16982.474551623847,11.508493362966897,0.0,190,190,200,200,200,200,290,290,600,790,790
POST,cartEmpty,688,0,200.0,184.75572542003414,8.647021997603588,797.1103370000492,10513.587209302326,3.8380239620558534,0.0,200,200,200,200,290,290,300,300,800,800,800
POST,checkout,472,3,100,130.9364199788603,7.830506001482718,586.4346570015186,6794.76906779661,2.6330629507127363,0.016735569601987733,100,190,190,190,200,200,200,290,590,590,590
GET,home,2530,0,180.0,150.38077820827021,6.198339000548003,793.6972870011232,10553.97786561265,14.113663697676321,0.0,180,190,200,200,200,200,290,300,700,790,790
GET,logout,531,0,200.0,178.95656408287536,8.290715999464737,499.78877200192073,10499.0,2.9621958195518285,0.0,200,200,200,200,210,290,300,300,500,500,500
POST,setCurrency,539,0,200.0,188.13364418547584,7.902661000116495,788.1943719985429,10513.729128014842,3.0068240051571293,0.0,200,200,200,210,290,290,300,390,790,790,790
GET,viewCart,898,0,100.0,105.2289537382318,5.782577998616034,207.25243099877844,16978.26280623608,5.009513834194994,0.0,100,100,110,110,190,190,200,200,210,210,210
GET,viewProduct,3944,0,99,96.29164086966745,5.172184002731228,776.7100599994592,7998.057302231237,22.001695503413206,0.0,99,100,100,100,110,190,190,200,590,780,780
,Aggregated,11665,3,110.0,133.21125451760102,5.172184002731228,797.1103370000492,11162.415345049292,65.07347313572896,0.016735569601987733,110,190,190,200,200,200,290,290,680,790,800
