Type,Name,Request Count,Failure Count,Median Response Time,Average Response Time,Min Response Time,Max Response Time,Average Content Size,Requests/s,Failures/s,50%,66%,75%,80%,90%,95%,98%,99%,99.9%,99.99%,100%
POST,addToCart,552,0,8,17.451475056130196,7.411154991132207,81.65108000684995,17114.88768115942,3.088877577508279,0.0,8,9,9,9,65,70,74,75,82,82,82
POST,cartEmpty,138,0,9,24.61678270987434,7.688441997743212,137.0513919973746,10511.326086956522,0.7722193943770698,0.0,9,9,10,67,75,78,84,88,140,140,140
POST,checkout,138,1,9,24.660970579766992,8.044749003602192,74.77005799592007,6793.782608695652,0.7722193943770698,0.0055957927128773175,9,10,59,61,65,68,70,72,75,75,75
GET,home,552,0,7,15.979007121105509,5.798931000754237,113.2826030079741,10552.422101449276,3.088877577508279,0.0,7,7,8,8,62,68,71,74,110,110,110
GET,logout,138,0,8,11.78512814426474,7.2906749992398545,85.86556299997028,10497.0,0.7722193943770698,0.0,8,8,9,9,9,57,63,68,86,86,86
POST,setCurrency,138,0,8,8.087677500135623,7.333650006330572,9.36149200424552,10511.326086956522,0.7722193943770698,0.0,8,8,8,8,9,9,9,9,9,9,9
GET,viewCart,276,0,6,7.8210087817949345,5.269945002510212,72.76079899747856,17110.728260869564,1.5444387887541395,0.0,6,6,6,6,7,7,63,71,73,73,73
GET,viewProduct,966,0,5,11.539266490673104,4.862323010456748,74.35098401037976,7998.665631469979,5.405535760639489,0.0,5,6,6,6,38,57,63,66,74,74,74
,Aggregated,2898,1,7,14.251874792442196,4.862323010456748,137.0513919973746,11390.228088336784,16.216607281918467,0.0055957927128773175,7,8,8,9,53,66,71,75,88,140,140
