Type,Name,Request Count,Failure Count,Median Response Time,Average Response Time,Min Response Time,Max Response Time,Average Content Size,Requests/s,Failures/s,50%,66%,75%,80%,90%,95%,98%,99%,99.9%,99.99%,100%
POST,addToCart,2355,0,490.0,477.5472608370203,7.429876000969671,1293.4057370002847,16789.325690021233,13.130187253690913,0.0,490,510,590,600,680,700,810,910,1200,1300,1300
POST,cartEmpty,1155,0,790.0,736.195346547086,7.843369996408001,1503.5127900046064,10513.339393939394,6.439645977924843,0.0,790,810,890,900,990,1100,1200,1300,1400,1500,1500
POST,checkout,477,3,300.0,297.55113173765034,8.330716009368189,1109.797917000833,6795.731656184486,2.659490157117013,0.016726353189415174,300,310,380,390,400,500,600,890,1100,1100,1100
GET,home,3435,0,700.0,649.9338001478,6.2705099990125746,1507.8564020077465,10556.236390101893,19.151674401880374,0.0,700,710,790,800,890,990,1100,1200,1400,1500,1500
GET,logout,547,0,790.0,739.1461806450394,7.643546996405348,1529.777803007164,10499.0,3.0497717315367003,0.0,790,800,880,900,1000,1100,1200,1300,1500,1500,1500
POST,setCurrency,589,0,780.0,721.0720045637968,8.115527001791634,1409.154402994318,10513.188455008489,3.2839406761885126,0.0,780,800,890,900,1000,1100,1200,1200,1400,1400,1400
GET,viewCart,693,0,390.0,366.1312475481296,5.674348998581991,1088.7197499978356,16706.445887445887,3.8637875867549054,0.0,390,400,410,480,500,580,620,1000,1100,1100,1100
GET,viewProduct,4873,0,300.0,305.11958196998495,5.089928992674686,1115.8443839958636,7995.677611327724,27.169173030673385,0.0,300,310,390,400,410,490,530,710,1000,1100,1100
,Aggregated,14124,3,410.0,489.8743250404383,5.089928992674686,1529.777803007164,10879.335174171623,78.74767081576664,0.016726353189415174,410,600,700,710,810,900,1000,1100,1300,1500,1500
