{"home": {"RES_TIME": 70.02216736251144, "CPU": 62.288141450440186, "MEM": 22.480883064647493}, "checkout": {"RES_TIME": 29.608276842100103, "CPU": 3.2260200887269237, "MEM": 25.171286530197204}, "addToCart": {"RES_TIME": 28.023977843017143, "CPU": 31.24231567259633, "MEM": 81.04263039558356}, "viewCart": {"RES_TIME": 16.13291461607234, "CPU": 31.24231567259633, "MEM": 81.04263039558356}, "viewProduct": {"RES_TIME": 15.074423644898847, "CPU": 22.665827623989806, "MEM": 25.628134314724278}, "cartEmpty": {"RES_TIME": 39.92236272259285, "CPU": 31.24231567259633, "MEM": 81.04263039558356}, "setCurrency": {"RES_TIME": 76.18752841921012, "CPU": 40.708771104634856, "MEM": 37.353059189505785}, "logout": {"RES_TIME": 92.66774738116088, "CPU": 62.288141450440186, "MEM": 22.480883064647493}}