Type,Name,Request Count,Failure Count,Median Response Time,Average Response Time,Min Response Time,Max Response Time,Average Content Size,Requests/s,Failures/s,50%,66%,75%,80%,90%,95%,98%,99%,99.9%,99.99%,100%
POST,addToCart,1468,0,210.0,248.5294865156248,7.691910999710672,1201.4773580012843,16730.2363760218,8.184220256292424,0.0,210,290,300,300,310,390,400,620,1200,1200,1200
POST,cartEmpty,363,0,380.0,354.73314685408366,8.153262999258004,1304.056777000369,10514.415977961433,2.023754736399285,0.0,380,400,400,410,490,500,510,600,1300,1300,1300
POST,checkout,195,3,200.0,191.87252172787572,10.622411005897447,1008.0858429937507,6780.71282051282,1.0871409740987894,0.016725245755365988,200,200,200,200,290,290,300,800,1000,1000,1000
GET,home,4068,0,300.0,300.6197113639791,6.428504995710682,1293.475476995809,10536.406096361849,22.679433244276282,0.0,300,310,380,390,400,400,490,500,1000,1300,1300
GET,logout,792,0,310.0,343.69334676002745,7.687992001592647,899.0670159982983,10499.0,4.415464879416621,0.0,310,400,400,400,420,490,500,510,900,900,900
POST,setCurrency,807,0,310.0,346.4090204164037,8.20382199890446,1289.7531569979037,10513.951672862453,4.4990911081934515,0.0,310,400,400,400,410,500,500,790,1300,1300,1300
GET,viewCart,908,0,190.0,180.72923414967295,5.745421993196942,1002.058833000774,16615.997797356828,5.06217438195744,0.0,190,200,200,200,210,290,300,430,1000,1000,1000
GET,viewProduct,4649,0,190.0,165.21497186557522,5.119572000694461,1097.5857969970093,7986.563777156378,25.91855583889883,0.0,190,200,200,200,200,220,290,300,1000,1100,1100
,Aggregated,13250,3,210.0,244.369004150907,5.119572000694461,1304.056777000369,10685.123547169811,73.86983541953312,0.016725245755365988,210,300,300,310,400,400,490,510,1100,1300,1300
