Type,Name,Request Count,Failure Count,Median Response Time,Average Response Time,Min Response Time,Max Response Time,Average Content Size,Requests/s,Failures/s,50%,66%,75%,80%,90%,95%,98%,99%,99.9%,99.99%,100%
POST,addToCart,1512,0,300.0,300.21755087128207,73.62473200191744,1001.5631830028724,16713.873677248677,8.436428298027945,0.0,300,300,310,390,400,400,410,490,1000,1000,1000
POST,cartEmpty,369,0,490.0,458.6302979405544,203.96735100075603,1194.2430310009513,10514.40650406504,2.058890239399677,0.0,490,500,500,500,510,600,610,1000,1200,1200,1200
POST,checkout,189,3,200.0,214.3181527412876,74.56554799864534,920.7698370009894,6780.1005291005295,1.054553537253493,0.016738945035769733,200,210,210,220,290,300,380,790,920,920,920
GET,home,4346,0,400.0,393.23084182048086,100.42150900699198,1304.4670990057057,10536.204325816843,24.249151708485083,0.0,400,400,410,480,500,500,510,600,1200,1300,1300
GET,logout,843,0,420.0,451.2999636714184,210.03513601317536,1008.642268992844,10498.994068801898,4.703643555051294,0.0,420,500,500,500,510,590,600,690,1000,1000,1000
POST,setCurrency,862,0,410.0,446.3503776470512,33.7119470059406,1194.6215520001715,10514.182134570765,4.80965687361117,0.0,410,490,500,500,510,590,600,700,1200,1200,1200
GET,viewCart,945,0,200.0,227.73706167525177,20.158182000159286,913.8999469869304,16606.603174603173,5.272767686267465,0.0,200,210,290,290,300,300,390,400,910,910,910
GET,viewProduct,4916,0,200.0,198.3692291481955,10.580292000668123,925.3581280063372,7986.378763222132,27.429551265281333,0.0,200,200,210,210,290,300,300,310,820,930,930
,Aggregated,13982,3,300.0,309.55839185808776,10.580292000668123,1304.4670990057057,10663.076169360607,78.01464316337746,0.016738945035769733,300,390,400,400,490,500,590,600,1100,1200,1300
