{"RES_TIME": {"precision": 0.09090909090909091, "recall": 0.3333333333333333, "mhd_pos": 9.333333333333334, "mhd_false": 4.766666666666666, "true_positive": 1, "true_negative": 0, "false_positive": 10, "false_negative": 2}, "CPU": {"precision": 0.6923076923076923, "recall": 1.0, "mhd_pos": 0.0, "mhd_false": 3.666666666666667, "true_positive": 9, "true_negative": 0, "false_positive": 4, "false_negative": 0}, "MEM": {"precision": 0.5384615384615384, "recall": 1.0, "mhd_pos": 0.5714285714285714, "mhd_false": 0.5833333333333334, "true_positive": 7, "true_negative": 0, "false_positive": 6, "false_negative": 0}}