Type,Name,Request Count,Failure Count,Median Response Time,Average Response Time,Min Response Time,Max Response Time,Average Content Size,Requests/s,Failures/s,50%,66%,75%,80%,90%,95%,98%,99%,99.9%,99.99%,100%
GET,home,4248,0,300.0,322.3658571478154,10.825773002579808,897.7764160081279,10533.375,23.68902801116876,0.0,300.0,380.0,390.0,390.0,400.0,410.0,490.0,500.0,800.0,900.0,900.0
GET,viewCart,948,0,200.0,190.39976335557856,10.705250984756276,540.081808983814,16627.90928270042,5.286534499667606,0.0,200.0,200.0,200.0,210.0,290.0,290.0,300.0,300.0,540.0,540.0,540.0
POST,addToCart,1508,0,290.0,264.0340967097354,14.108194009168074,992.032863025088,16728.138594164455,8.409381883437499,0.0,290.0,300.0,300.0,300.0,310.0,390.0,400.0,400.0,810.0,990.0,990.0
POST,checkout,195,0,200.0,191.12209256004112,94.01963301934302,398.7700540164951,6805.810256410256,1.0874200711341593,0.0,200.0,200.0,200.0,210.0,290.0,290.0,300.0,390.0,400.0,400.0,400.0
POST,cartEmpty,362,0,400.0,381.9620148608402,99.53425702406092,606.2579739955254,10510.6408839779,2.018697773079824,0.0,400.0,400.0,410.0,410.0,500.0,500.0,590.0,600.0,610.0,610.0,610.0
GET,logout,830,0,390.0,379.0292161954455,191.5099889738485,793.8244550023228,10497.0,4.628505943801806,0.0,390.0,400.0,410.0,410.0,490.0,500.0,510.0,590.0,790.0,790.0,790.0
GET,viewProduct,4834,4834,190.0,174.26733152789572,7.841974002076313,93.2425759965554,7985.081005956392,26.956864737756547,0.0,190.0,200.0,200.0,200.0,207.77777777777777,237.77777777777777,296.6666666666667,302.22222222222223,765.5555555555555,765.5555555555555,765.5555555555555
POST,setCurrency,847,0,390.0,377.9058850165831,104.33070300496183,901.482899003895,10511.103896103896,4.723306667951964,0.0,390.0,400.0,410.0,410.0,490.0,500.0,580.0,600.0,900.0,900.0,900.0
,Aggregated,13772,0,220.0,261.4263316667024,7.841974002076313,992.032863025088,10679.95679639849,76.79973958799816,0.0,220.0,300.0,310.0,390.0,400.0,410.0,500.0,500.0,810.0,900.0,990.0
