Type,Name,Request Count,Failure Count,Median Response Time,Average Response Time,Min Response Time,Max Response Time,Average Content Size,Requests/s,Failures/s,50%,66%,75%,80%,90%,95%,98%,99%,99.9%,99.99%,100%
POST,addToCart,1485,0,290.0,270.49730207271494,16.779233992565423,1097.0259650057415,16729.717171717173,8.283779465188232,0.0,290,300,300,300,310,400,400,900,1000,1100,1100
POST,cartEmpty,358,0,390.0,387.0525000811692,102.10461499809753,1081.6915089963004,10512.27374301676,1.9970323559174326,0.0,390,400,410,490,500,500,710,820,1100,1100,1100
POST,checkout,192,1,200.0,194.05718321278678,93.86797499610111,309.6102389972657,6796.567708333333,1.0710341126708018,0.005578302670160426,200,200,210,210,290,290,300,300,310,310,310
GET,home,4194,0,300.0,324.9800963330601,9.862808001344092,1111.3586099963868,10534.41487839771,23.395401398652826,0.0,300,310,390,390,400,410,500,800,1100,1100,1100
GET,logout,819,0,390.0,379.7193812770341,95.70820099906996,1198.5411649948219,10497.0,4.568629886861389,0.0,390,400,400,410,490,500,510,1000,1200,1200,1200
POST,setCurrency,832,0,390.0,376.5017362128884,21.80130098713562,1094.4372570083942,10512.227163461539,4.641147821573474,0.0,390,400,410,410,500,500,510,700,1100,1100,1100
GET,viewCart,932,0,200.0,202.44391870785722,18.101301990100183,939.8658639984205,16625.086909871243,5.198978088589517,0.0,200,200,210,210,290,300,310,740,940,940,940
GET,viewProduct,4765,0,190.0,180.47534324947227,7.279978002770804,989.5624450000469,7985.306190975865,26.58061222331443,0.0,190,200,200,200,210,290,310,700,930,990,990
,Aggregated,13577,1,280.0,266.13840704273446,7.279978002770804,1198.5411649948219,10678.43279074906,75.7366153527681,0.005578302670160426,280,300,310,390,400,410,500,740,1000,1100,1200
