Type,Name,Request Count,Failure Count,Median Response Time,Average Response Time,Min Response Time,Max Response Time,Average Content Size,Requests/s,Failures/s,50%,66%,75%,80%,90%,95%,98%,99%,99.9%,99.99%,100%
POST,addToCart,151,0,8,8.095856436938032,7.231338997371495,14.972451004723553,16464.655629139073,0.8425311558580973,0.0,8,8,8,8,8,9,9,9,15,15,15
GET,home,755,0,7,14.64905464223398,5.617265996988863,121.48186800186522,10526.931125827814,4.212655779290487,0.0,7,7,7,8,49,66,73,76,120,120,120
GET,logout,151,0,9,28.389967973471236,7.418895002047066,74.12277499679476,10497.0,0.8425311558580973,0.0,9,59,65,65,67,68,70,72,74,74,74
POST,setCurrency,151,0,8,8.25918056322331,6.98351099708816,18.243689999508206,10512.139072847682,0.8425311558580973,0.0,8,8,8,8,9,9,9,13,18,18,18
GET,viewCart,151,0,6,7.599201085713202,5.264715000521392,85.46867899713106,16468.07284768212,0.8425311558580973,0.0,6,6,6,6,6,6,63,80,85,85,85
GET,viewProduct,755,0,5,13.197959671494711,4.954190997523256,88.40073100145673,7978.064900662252,4.212655779290487,0.0,5,6,6,6,51,65,70,72,88,88,88
,Aggregated,2114,0,7,13.684234116284946,4.954190997523256,121.48186800186522,10461.917691579943,11.795436182013363,0.0,7,8,8,8,50,65,70,73,88,120,120
