Type,Name,Request Count,Failure Count,Median Response Time,Average Response Time,Min Response Time,Max Response Time,Average Content Size,Requests/s,Failures/s,50%,66%,75%,80%,90%,95%,98%,99%,99.9%,99.99%,100%
POST,addToCart,152,0,8,8.9621926972062,7.0424999939859845,89.33471000636928,16465.269736842107,0.8481215632191764,0.0,8,8,8,8,8,9,9,68,89,89,89
GET,home,759,0,7,14.423526624424001,5.881907003640663,95.65752100024838,10526.395256916996,4.23502806896944,0.0,7,7,7,8,48,63,69,74,96,96,96
GET,logout,151,0,8,25.365523172267604,7.341272998019122,95.64425300050061,10497.0,0.8425418160927345,0.0,8,9,64,64,67,70,71,73,96,96,96
POST,setCurrency,152,0,8,8.113665085482737,7.1861550022731535,14.268341998104006,10511.565789473685,0.8481215632191764,0.0,8,8,8,8,9,9,9,9,14,14,14
GET,viewCart,152,0,6,6.51568952640733,5.254550000245217,69.89506500394782,16468.967105263157,0.8481215632191764,0.0,6,6,6,6,6,6,6,61,70,70,70
GET,viewProduct,759,0,5,12.582372919623284,4.92722600029083,74.73958300397499,7979.125164690382,4.23502806896944,0.0,5,6,6,6,50,64,70,73,75,75,75
,Aggregated,2125,0,7,13.135805620671496,4.92722600029083,95.65752100024838,10463.293647058823,11.856962643689144,0.0,7,7,8,8,48,64,69,72,93,96,96
