Type,Name,Request Count,Failure Count,Median Response Time,Average Response Time,Min Response Time,Max Response Time,Average Content Size,Requests/s,Failures/s,50%,66%,75%,80%,90%,95%,98%,99%,99.9%,99.99%,100%
POST,addToCart,150,0,8,8.98233397333494,7.227866999983235,69.3640190000906,16466.47333333333,0.8403743186298487,0.0,8,8,8,8,9,9,15,61,69,69,69
GET,home,750,0,7,14.941684550665876,6.033591999994314,124.436836999962,10529.725333333334,4.201871593149243,0.0,7,7,8,8,50,63,71,75,120,120,120
GET,logout,150,0,9,27.035578113324544,7.45993299995007,155.62835000002906,10499.0,0.8403743186298487,0.0,9,9,63,64,67,69,74,94,160,160,160
POST,setCurrency,150,0,8,8.317781946664885,7.293747999938205,18.830702999935056,10515.133333333333,0.8403743186298487,0.0,8,8,9,9,9,9,10,11,19,19,19
GET,viewCart,150,0,6,6.496086833336297,5.252160000054573,64.0906300000097,16468.82,0.8403743186298487,0.0,6,6,6,6,6,6,9,60,64,64,64
GET,viewProduct,750,0,6,13.818306350670655,5.147550000060619,73.62873299996409,7981.442666666667,4.201871593149243,0.0,6,6,6,6,53,66,70,71,74,74,74
,Aggregated,2100,0,7,13.90226681238166,5.147550000060619,155.62835000002906,10464.661904761904,11.765240460817882,0.0,7,8,8,8,50,64,69,72,94,160,160
