{"RES_TIME": {"precision": 0.16666666666666666, "recall": 0.6666666666666666, "mhd_pos": 6.166666666666666, "mhd_false": 5.833333333333333, "true_positive": 2, "true_negative": 0, "false_positive": 10, "false_negative": 1}, "CPU": {"precision": 0.7692307692307693, "recall": 1.0, "mhd_pos": 0.0, "mhd_false": 4.888888888888888, "true_positive": 10, "true_negative": 0, "false_positive": 3, "false_negative": 0}, "MEM": {"precision": 0.6923076923076923, "recall": 1.0, "mhd_pos": 0.18518518518518517, "mhd_false": 0.3333333333333333, "true_positive": 9, "true_negative": 0, "false_positive": 4, "false_negative": 0}}