Type,Name,Request Count,Failure Count,Median Response Time,Average Response Time,Min Response Time,Max Response Time,Average Content Size,Requests/s,Failures/s,50%,66%,75%,80%,90%,95%,98%,99%,99.9%,99.99%,100%
POST,addToCart,2358,0,290.0,269.29083900545965,7.484462024876848,494.809919007821,16999.491942324003,13.150309788353352,0.0,290,300,300,310,390,400,400,410,490,490,490
POST,cartEmpty,745,0,390.0,359.06271008421487,8.262423012638465,608.269801014103,10513.936912751678,4.154784051027671,0.0,390,400,400,410,490,500,510,590,610,610,610
POST,checkout,539,5,200.0,194.45518983659983,5.874977010535076,309.16699502267875,6791.398886827458,3.0059444342334425,0.027884456718306517,200,200,210,210,290,300,300,300,310,310,310
GET,home,2884,0,300.0,296.816881636218,6.0212030075490475,505.02218698966317,10553.411927877947,16.0837546351192,0.0,300,310,380,390,400,400,410,490,500,510,510
GET,logout,609,0,390.0,351.7795193843197,8.254977990873158,601.7147970269434,10499.0,3.3963268282897334,0.0,390,400,400,410,490,490,500,510,600,600,600
POST,setCurrency,627,0,390.0,343.13028255317687,7.390469982055947,598.409501981223,10513.818181818182,3.496710872475637,0.0,390,400,400,400,480,490,500,500,600,600,600
GET,viewCart,1060,0,200.0,192.87759922617795,5.734903999837115,386.70435501262546,17002.89716981132,5.911504824280981,0.0,200,200,210,210,290,300,300,310,390,390,390
GET,viewProduct,4512,0,190.0,168.53250481086332,5.17569700605236,400.2151050081011,7996.973182624113,25.1629337425998,0.0,190,200,200,200,210,210,290,300,310,400,400
,Aggregated,13334,5,210.0,244.30524094050145,5.17569700605236,608.269801014103,11182.372731363432,74.36226917637981,0.027884456718306517,210,300,300,310,390,400,490,500,590,600,610
