Type,Name,Request Count,Failure Count,Median Response Time,Average Response Time,Min Response Time,Max Response Time,Average Content Size,Requests/s,Failures/s,50%,66%,75%,80%,90%,95%,98%,99%,99.9%,99.99%,100%
POST,addToCart,1281,0,110.0,140.08054115707625,8.888928015949205,1081.8630099820439,16733.451209992192,7.145299617007583,0.0,110,190,190,190,200,200,210,290,990,1100,1100
POST,cartEmpty,322,0,190.0,168.91411948442584,10.468817985383794,1190.7133180066012,10514.037267080745,1.7960862425264963,0.0,190,200,200,200,210,290,300,300,1200,1200,1200
POST,checkout,174,1,100.0,123.92933922903426,11.448478006059304,738.2480720116291,6798.293103448276,0.9705559198745664,0.005577907585486014,100,110,190,190,190,200,200,200,740,740,740
GET,home,3462,0,110.0,151.2356443646702,6.546129996422678,1099.5899770059623,10537.00519930676,19.31071606095258,0.0,110,190,190,200,200,210,300,710,1100,1100,1100
GET,logout,678,0,190.0,167.85983024384817,8.306756004458293,1003.5969110031147,10498.970501474927,3.781821342959517,0.0,190,200,200,200,210,290,300,300,1000,1000,1000
POST,setCurrency,684,0,190.0,173.41286483814235,7.426331983879209,1095.5475219816435,10514.232456140351,3.8152887884724334,0.0,190,200,200,200,210,290,300,350,1100,1100,1100
GET,viewCart,782,0,99,100.16564209751971,6.944306980585679,914.1432119940873,16626.8273657289,4.361923731850062,0.0,99,100,100,100,180,190,190,200,910,910,910
GET,viewProduct,3985,0,97,95.96605209426001,5.428711010608822,1081.0521650128067,7987.048180677541,22.227961728161763,0.0,97,100,100,100,110,190,190,710,1000,1100,1100
,Aggregated,11368,1,100.0,129.4997044056162,5.428711010608822,1190.7133180066012,10698.77630190007,63.409653431805,0.005577907585486014,100,110,190,190,200,200,290,610,1000,1100,1200
