Type,Name,Request Count,Failure Count,Median Response Time,Average Response Time,Min Response Time,Max Response Time,Average Content Size,Requests/s,Failures/s,50%,66%,75%,80%,90%,95%,98%,99%,99.9%,99.99%,100%
GET,home,4114,0,290.0,283.47336138437834,11.692854022840038,1191.3627589819953,10534.079241614,22.94218312577325,0.0,290.0,300.0,300.0,310.0,390.0,400.0,410.0,600.0,1100.0,1200.0,1200.0
GET,viewCart,894,0,190.0,174.99354111944962,15.014892996987328,1006.096436001826,16583.493288590606,4.985491423053303,0.0,190.0,200.0,200.0,200.0,210.0,290.0,300.0,390.0,1000.0,1000.0,1000.0
POST,addToCart,1450,0,210.0,239.07498066841447,16.22119697276503,1096.757091989275,16715.113103448275,8.086087878554016,0.0,210.0,290.0,290.0,300.0,300.0,310.0,400.0,490.0,1000.0,1100.0,1100.0
POST,checkout,185,1,200.0,185.24023043337857,92.36520700505936,708.4946319810115,6797.491891891892,1.0316732810568916,0.0055766123300372,200.0,200.0,200.0,210.0,290.0,300.0,300.0,310.0,710.0,710.0,710.0
POST,cartEmpty,368,0,300.0,346.5248647743979,103.32037002081051,1714.6497360081412,10512.557065217392,2.052193337453709,0.0,300.0,390.0,400.0,400.0,480.0,500.0,520.0,810.0,1700.0,1700.0,1700.0
GET,logout,797,0,300.0,321.24611464021007,104.83155699330382,1135.4730650200509,10497.0,4.44456002703969,0.0,300.0,310.0,390.0,400.0,400.0,480.0,490.0,510.0,1100.0,1100.0,1100.0
GET,viewProduct,4661,4661,190.0,161.84045909679185,7.077146001392976,10.785405000206085,7985.118386618151,25.992590070303635,0.0,188.88888888888889,191.11111111111111,200.0,200.0,200.0,210.0,292.22222222222223,498.8888888888889,933.3333333333334,933.3333333333334,933.3333333333334
POST,setCurrency,806,0,300.0,331.86537810035395,23.472523025702685,1114.4634249794765,10511.55459057072,4.4947495380100255,0.0,300.0,390.0,390.0,400.0,400.0,490.0,510.0,700.0,1100.0,1100.0,1100.0
,Aggregated,13275,1,200.0,234.2254044411775,7.077146001392976,1714.6497360081412,10665.280301318267,74.02952868124453,0.0055766123300372,200.0,290.0,300.0,300.0,390.0,400.0,480.0,590.0,1100.0,1700.0,1700.0
