Type,Name,Request Count,Failure Count,Median Response Time,Average Response Time,Min Response Time,Max Response Time,Average Content Size,Requests/s,Failures/s,50%,66%,75%,80%,90%,95%,98%,99%,99.9%,99.99%,100%
GET,home,4122,0,300.0,281.6284328251272,10.2574159973301,1229.5943279750643,10534.406841339156,22.99084275433814,0.0,300.0,300.0,300.0,310.0,390.0,400.0,400.0,410.0,1000.0,1200.0,1200.0
GET,viewCart,897,0,190.0,174.53552285314294,8.953045995440334,974.3060510081704,16605.247491638795,5.003101880310847,0.0,190.0,200.0,200.0,200.0,210.0,290.0,290.0,300.0,970.0,970.0,970.0
POST,addToCart,1463,0,210.0,231.95291193156703,19.29381801164709,785.1583840092644,16718.161312371838,8.160020123628506,0.0,210.0,290.0,290.0,300.0,300.0,310.0,390.0,400.0,770.0,790.0,790.0
POST,checkout,188,0,190.0,175.95914840321132,92.9944420058746,690.4076889913995,6807.478723404255,1.0485876850595754,0.0,190.0,200.0,200.0,200.0,210.0,290.0,290.0,310.0,690.0,690.0,690.0
POST,cartEmpty,371,0,310.0,332.2774286427713,98.27533800853416,1200.208141002804,10512.45013477089,2.069287399771822,0.0,310.0,390.0,400.0,400.0,400.0,490.0,500.0,500.0,1200.0,1200.0,1200.0
GET,logout,798,0,300.0,329.1809943712589,15.43323599616997,1232.0264870068058,10496.97493734336,4.450920067433731,0.0,300.0,320.0,390.0,400.0,400.0,480.0,500.0,510.0,1200.0,1200.0,1200.0
GET,viewProduct,4683,4683,190.0,161.86879812019234,7.376252993708476,17.483761999756098,7985.087483495979,26.11987302730847,0.0,188.88888888888889,190.0,200.0,200.0,200.0,210.0,291.1111111111111,474.44444444444446,993.3333333333334,993.3333333333334,993.3333333333334
POST,setCurrency,808,0,310.0,336.23667948048404,20.880369003862143,1102.941307995934,10511.862623762376,4.506696008128388,0.0,310.0,390.0,390.0,400.0,410.0,490.0,500.0,920.0,1100.0,1100.0,1100.0
,Aggregated,13330,0,200.0,232.993554610423,7.376252993708476,1232.0264870068058,10669.337509377345,74.34932894597948,0.0,200.0,290.0,300.0,300.0,380.0,400.0,410.0,490.0,1100.0,1200.0,1200.0
