{"RES_TIME": {"precision": 0.6923076923076923, "recall": 1.0, "mhd_pos": 1.3703703703703702, "mhd_false": 0.8333333333333333, "true_positive": 9, "true_negative": 0, "false_positive": 4, "false_negative": 0}, "CPU": {"precision": 0.7692307692307693, "recall": 1.0, "mhd_pos": 0.0, "mhd_false": 1.2222222222222223, "true_positive": 10, "true_negative": 0, "false_positive": 3, "false_negative": 0}, "MEM": {"precision": 0.36363636363636365, "recall": 1.0, "mhd_pos": 0.0, "mhd_false": 0.2857142857142857, "true_positive": 4, "true_negative": 2, "false_positive": 7, "false_negative": 0}}