Type,Name,Request Count,Failure Count,Median Response Time,Average Response Time,Min Response Time,Max Response Time,Average Content Size,Requests/s,Failures/s,50%,66%,75%,80%,90%,95%,98%,99%,99.9%,99.99%,100%
POST,addToCart,1514,0,410.0,421.37997655800126,7.606414990732446,1195.4973269894253,16716.63672391017,8.439786497403539,0.0,410,490,500,500,590,600,690,700,1200,1200,1200
POST,cartEmpty,361,0,710.0,705.8177701074377,8.837679983116686,1296.0716219968162,10512.551246537396,2.012392949512997,0.0,710,800,810,810,900,990,1000,1100,1300,1300,1300
POST,checkout,188,0,290.0,272.71402449123536,9.262115025194362,1099.3831419909839,6809.510638297872,1.0480051925441647,0.0,290,300,300,310,400,400,490,500,1100,1100,1100
GET,home,4364,0,700.0,637.2651176254501,6.634625984588638,1391.2147170049138,10535.34509624198,24.32709925671667,0.0,700,700,790,790,800,890,900,990,1300,1400,1400
GET,logout,841,0,780.0,707.4738142190514,8.649789990158752,1419.716292002704,10499.0,4.68815088792363,0.0,780,800,810,880,900,910,1000,1200,1400,1400,1400
POST,setCurrency,872,0,710.0,696.9182840585503,8.01455500186421,1390.0641940126661,10513.365825688074,4.860960254779317,0.0,710,800,810,810,900,990,1000,1100,1400,1400,1400
GET,viewCart,951,0,320.0,339.9454851706229,5.714653001632541,988.9718010090292,16616.372239747634,5.301345415476066,0.0,320,400,400,400,490,500,590,600,990,990,990
GET,viewProduct,4931,0,300.0,280.9741286159436,5.238461017142981,1006.0115210071672,7986.024944230379,27.48783832146423,0.0,300,300,310,320,400,410,500,600,1000,1000,1000
,Aggregated,14022,0,400.0,473.2944312864939,5.238461017142981,1419.716292002704,10664.600342319212,78.16557877582062,0.0,400,600,700,700,800,870,900,990,1300,1400,1400
