Type,Name,Request Count,Failure Count,Median Response Time,Average Response Time,Min Response Time,Max Response Time,Average Content Size,Requests/s,Failures/s,50%,66%,75%,80%,90%,95%,98%,99%,99.9%,99.99%,100%
POST,addToCart,1516,0,410.0,418.5675579354878,8.119556005112827,1293.67255201214,16718.337071240105,8.452928237889182,0.0,410,490,500,500,590,600,690,700,1300,1300,1300
POST,cartEmpty,359,0,710.0,705.1237318669654,13.275592005811632,1681.3651319826022,10513.877437325906,2.001715855806211,0.0,710,800,810,890,900,990,1000,1100,1700,1700,1700
POST,checkout,190,1,290.0,283.641993425523,5.477138998685405,913.6660079821013,6798.652631578947,1.0594039348277997,0.005575810183304209,290,300,320,390,400,410,510,580,910,910,910
GET,home,4368,0,700.0,637.6949986952512,6.578417989658192,1510.5040530033875,10535.409798534798,24.355138880672786,0.0,700,700,780,790,800,890,900,1000,1500,1500,1500
GET,logout,836,0,710.0,702.3392355386806,7.954646018333733,1498.7470020132605,10499.0,4.661377313242319,0.0,710,800,810,810,900,910,1000,1100,1500,1500,1500
POST,setCurrency,876,0,780.0,700.3748608895215,8.039608015678823,1409.090118977474,10513.623287671233,4.884409720574488,0.0,790,800,810,890,900,990,1000,1200,1400,1400,1400
GET,viewCart,952,0,310.0,325.42657606603166,5.728850985178724,848.3272730081808,16607.51785714286,5.308171294505607,0.0,310,390,400,400,410,490,500,590,850,850,850
GET,viewProduct,4942,0,300.0,281.35110380677054,5.27661299565807,1146.9041710079182,7985.524079320114,27.555653925889402,0.0,300,300,310,380,400,410,490,510,1100,1100,1100
,Aggregated,14039,1,400.0,472.11046407148655,5.27661299565807,1681.3651319826022,10662.56927131562,78.2787991634078,0.005575810183304209,400,600,700,700,800,890,900,1000,1400,1500,1700
