Type,Name,Request Count,Failure Count,Median Response Time,Average Response Time,Min Response Time,Max Response Time,Average Content Size,Requests/s,Failures/s,50%,66%,75%,80%,90%,95%,98%,99%,99.9%,99.99%,100%
POST,addToCart,1509,0,410.0,419.9183467316788,7.728627999313176,901.590549008688,16710.97548045063,8.413329495451391,0.0,410,490,500,500,590,600,610,690,900,900,900
POST,cartEmpty,360,0,790.0,718.1400433658079,9.395675995619968,1218.4584889910184,10513.761111111111,2.007156142055998,0.0,790,800,810,890,900,990,1000,1100,1200,1200,1200
POST,checkout,190,1,290.0,271.1729122472829,9.314429014921188,584.0374499966856,6800.38947368421,1.0593324083073323,0.005575433727933328,290,300,300,310,400,410,500,500,580,580,580
GET,home,4351,0,700.0,637.8454993350184,6.706743995891884,1303.7058069894556,10535.540335555044,24.25871215023791,0.0,700,700,790,790,800,890,910,1000,1200,1300,1300
GET,logout,834,0,710.0,710.0125118396753,8.562709001125768,1407.9344370111357,10498.976019184653,4.649911729096395,0.0,710,800,800,820,900,990,1000,1100,1400,1400,1400
POST,setCurrency,871,0,790.0,707.1727882649286,8.1166040035896,1407.2479239839595,10513.670493685418,4.856202777029928,0.0,790,800,810,820,900,980,1000,1100,1400,1400,1400
GET,viewCart,949,0,330.0,337.632558513618,5.5462149903178215,817.116154008545,16604.04320337197,5.291086607808728,0.0,330,400,400,400,490,500,510,590,820,820,820
GET,viewProduct,4928,0,300.0,280.9362294942789,5.215785000473261,1104.6243959863205,7985.869318181818,27.475737411255437,0.0,300,300,310,310,400,410,500,600,1000,1100,1100
,Aggregated,13992,1,400.0,473.9809028154455,5.215785000473261,1407.9344370111357,10660.31875357347,78.01146872124312,0.005575433727933328,400,600,700,700,800,880,900,990,1200,1400,1400
