{"RES_TIME": {"precision": 0.8461538461538461, "recall": 1, "mhd_pos": 1.121212121212121, "mhd_false": 1.1666666666666665}, "CPU": {"precision": 0.8461538461538461, "recall": 1, "mhd_pos": 0.0, "mhd_false": 1.8333333333333335}, "MEM": {"precision": 0.9090909090909091, "recall": 1, "mhd_pos": 0.0, "mhd_false": 0.3333333333333333}}