{
  "RES_TIME": {
    "precision": 0.8461538461538461,
    "recall": 1
  },
  "CPU": {
    "precision": 0.8461538461538461,
    "recall": 1
  },
  "MEM": {
    "precision": 0.9090909090909091,
    "recall": 1
  }
}