Type,Name,Request Count,Failure Count,Median Response Time,Average Response Time,Min Response Time,Max Response Time,Average Content Size,Requests/s,Failures/s,50%,66%,75%,80%,90%,95%,98%,99%,99.9%,99.99%,100%
GET,home,3302,0,320.0,352.61009643443634,77.50787399709225,1295.7153210008985,10554.402786190189,18.40776948686898,0.0,320.0,390.0,400.0,400.0,410.0,490.0,500.0,590.0,1200.0,1300.0,1300.0
GET,viewCart,679,0,200.0,219.63253146417568,10.964491026243197,982.2729620209428,16723.827687776142,3.7852439374875946,0.0,200.0,210.0,280.0,290.0,300.0,300.0,310.0,640.0,980.0,980.0,980.0
POST,addToCart,2233,0,300.0,296.8539228065184,17.71319002727978,1100.810942996759,16796.064935064936,12.448379546995286,0.0,300.0,300.0,310.0,380.0,400.0,400.0,410.0,500.0,1000.0,1100.0,1100.0
POST,checkout,450,3,200.0,216.39508470530728,90.8297410060186,902.2880509728566,6794.675555555556,2.5086300027531925,0.0167242000183546,200.0,210.0,290.0,290.0,300.0,300.0,310.0,390.0,900.0,900.0,900.0
POST,cartEmpty,1081,0,400.0,422.0395684009095,97.49845598707908,1391.5747959981672,10512.301572617946,6.026286739947113,0.0,400.0,480.0,490.0,500.0,500.0,510.0,600.0,600.0,1300.0,1400.0,1400.0
GET,logout,546,0,400.0,412.8818664879,100.9149480087217,1215.3046109888237,10497.0,3.0438044033405403,0.0,400.0,400.0,490.0,490.0,500.0,590.0,700.0,910.0,1200.0,1200.0,1200.0
GET,viewProduct,4658,4658,200.0,193.07255606649292,7.615645998157561,12.106672016670927,7995.225881444405,25.967107895165267,0.0,200.0,200.0,200.0,205.55555555555554,271.1111111111111,295.55555555555554,302.22222222222223,654.4444444444445,1041.111111111111,1041.111111111111,1041.111111111111
POST,setCurrency,566,0,400.0,408.6002333901326,18.72281401301734,1304.7675880079623,10512.282685512368,3.155299070129571,0.0,400.0,410.0,490.0,490.0,500.0,510.0,600.0,1000.0,1300.0,1300.0,1300.0
,Aggregated,13515,3,290.0,287.55131541306054,7.615645998157561,1391.5747959981672,10881.112763596004,75.34252108268754,0.0167242000183546,290.0,310.0,390.0,400.0,410.0,490.0,510.0,610.0,1200.0,1300.0,1400.0
