{"RES_TIME": {"precision": 0.16666666666666666, "recall": 0.6666666666666666, "mhd_pos": 6.166666666666666, "mhd_false": 5.833333333333334, "true_positive": 2, "true_negative": 0, "false_positive": 10, "false_negative": 1}, "CPU": {"precision": 0.7692307692307693, "recall": 1, "mhd_pos": 0.0, "mhd_false": 4.888888888888888, "true_positive": 10, "true_negative": 0, "false_positive": 3, "false_negative": 0}, "MEM": {"precision": 0.07692307692307693, "recall": 1, "mhd_pos": 1.6666666666666665, "mhd_false": 0.5000000000000001, "true_positive": 1, "true_negative": 0, "false_positive": 12, "false_negative": 0}}