Type,Name,Request Count,Failure Count,Median Response Time,Average Response Time,Min Response Time,Max Response Time,Average Content Size,Requests/s,Failures/s,50%,66%,75%,80%,90%,95%,98%,99%,99.9%,99.99%,100%
POST,addToCart,1765,0,11,39.46417931889589,7.3106979980366305,907.8077559970552,17000.33314447592,9.842017553765857,0.0,11,74,84,86,90,93,97,100,910,910,910
POST,cartEmpty,619,0,11,39.75128316170869,7.629150990396738,106.24396400817204,10512.16801292407,3.451676411207402,0.0,11,75,85,87,90,94,98,100,110,110,110
POST,checkout,415,6,11,35.82837715631362,4.765591002069414,184.13881200831383,6783.332530120482,2.3141287732650597,0.03345728346889243,11,64,81,82,89,92,94,95,180,180,180
GET,home,1971,0,9,30.06976563256818,5.886669998290017,512.5230099947657,10555.911719939117,10.990717619531162,0.0,9,10,71,80,86,89,92,96,200,510,510
GET,logout,415,0,12,40.70780616360913,7.180341999628581,102.43160399841145,10497.0,2.3141287732650597,0.0,12,75,84,86,91,94,98,100,100,100,100
POST,setCurrency,417,0,11,36.527779256426385,7.1761869912734255,192.92762999248225,10512.21103117506,2.3252812010880235,0.0,11,70,78,82,88,94,96,98,190,190,190
GET,viewCart,731,0,7,27.878554328213376,5.380790986237116,98.44133100705221,17016.120383036934,4.076212369293394,0.0,7,8,74,81,85,88,91,94,98,98,98
GET,viewProduct,3219,0,7,25.314053611745937,4.815720996703021,812.6588660088601,7998.431500465983,17.949832581060786,0.0,7,7,46,75,83,87,90,93,98,810,810
,Aggregated,9552,6,9,31.656992321458617,4.765591002069414,907.8077559970552,11208.01790201005,53.26399528247674,0.03345728346889243,9,12,76,81,87,90,94,97,180,910,910
