Type,Name,Request Count,Failure Count,Median Response Time,Average Response Time,Min Response Time,Max Response Time,Average Content Size,Requests/s,Failures/s,50%,66%,75%,80%,90%,95%,98%,99%,99.9%,99.99%,100%
POST,addToCart,2609,0,490.0,472.82905388435086,101.18674000841565,1306.0476649843622,17000.85894978919,14.546656416075514,0.0,490,500,510,510,600,610,800,1000,1300,1300,1300
POST,cartEmpty,789,0,700.0,687.5524508633447,305.7794899796136,1512.4922879913356,10511.932826362485,4.399123002025136,0.0,700,700,710,790,800,900,1000,1200,1500,1500,1500
POST,checkout,595,4,300.0,308.7520860320939,106.97378500481136,1103.0468550161459,6795.272268907563,3.317462846901085,0.02230227123967116,300,310,370,390,400,420,700,890,1100,1100,1100
GET,home,3200,0,600.0,602.2205058072723,87.07512699766085,1497.6053290010896,10550.305,17.841816991736927,0.0,600,610,690,690,710,790,900,1200,1400,1500,1500
GET,logout,680,0,690.0,667.5305929678228,299.6978859882802,1502.4566189968027,10486.708823529412,3.791386110744097,0.0,690,700,710,790,800,810,900,910,1500,1500,1500
POST,setCurrency,721,0,690.0,686.8751502354293,51.62198198377155,1509.26503399387,10511.59223300971,4.019984390950727,0.0,690,700,720,790,810,900,1100,1300,1500,1500,1500
GET,viewCart,1193,0,390.0,369.90605662759333,119.24095099675469,1009.7693699935917,16994.304274937134,6.651652397231923,0.0,390,400,400,410,490,500,790,880,1000,1000,1000
GET,viewProduct,5030,0,300.0,300.24046628696266,9.825607005041093,1304.5429609774146,7996.725248508947,28.045106083886484,0.0,300,300,310,310,400,410,610,800,1200,1300,1300
,Aggregated,14817,4,410.0,458.09328829087116,9.825607005041093,1512.4922879913356,11180.459742188028,82.61318823955189,0.02230227123967116,410,510,600,610,700,790,890,1000,1400,1500,1500
