Type,Name,Request Count,Failure Count,Median Response Time,Average Response Time,Min Response Time,Max Response Time,Average Content Size,Requests/s,Failures/s,50%,66%,75%,80%,90%,95%,98%,99%,99.9%,99.99%,100%
GET,home,3274,0,600.0,595.4033652922298,92.48957800446078,1309.2798750149086,10549.768784361637,18.25654492849512,0.0,600.0,610.0,680.0,690.0,700.0,720.0,800.0,810.0,1000.0,1300.0,1300.0
GET,viewCart,1231,0,390.0,360.8937489498336,97.24260098300874,816.6316910064779,16973.99106417547,6.8643270638294105,0.0,390.0,400.0,400.0,400.0,490.0,500.0,590.0,600.0,710.0,820.0,820.0
POST,addToCart,2669,0,490.0,463.0760030284731,100.6328490038868,1304.4115049997345,17010.90146122143,14.882931708660193,0.0,490.0,500.0,500.0,510.0,590.0,600.0,630.0,700.0,1200.0,1300.0,1300.0
POST,checkout,609,2,290.0,289.251598351645,99.5864770084154,1087.579001992708,6800.697865353038,3.3959181006272225,0.0111524403961485,290.0,300.0,310.0,310.0,390.0,410.0,500.0,510.0,1100.0,1100.0,1100.0
POST,cartEmpty,812,0,700.0,689.9213719553328,201.34511700598523,1509.1362180246506,10511.019704433498,4.527890800836297,0.0,700.0,710.0,780.0,790.0,810.0,890.0,900.0,990.0,1500.0,1500.0,1500.0
GET,logout,694,0,690.0,664.7055078801006,320.2161279914435,996.3612839928828,10497.0,3.8698968174635344,0.0,690.0,700.0,710.0,720.0,800.0,810.0,900.0,900.0,1000.0,1000.0,1000.0
GET,viewProduct,5146,5146,300.0,284.4829701715069,11.646427999949085,105.65520302043296,7996.694723862924,28.69522913929013,0.0,300.0,300.0,308.8888888888889,310.0,390.0,400.0,427.77777777777777,497.77777777777777,806.6666666666666,806.6666666666666,806.6666666666666
POST,setCurrency,731,0,690.0,660.4648606787438,35.647210985189304,1007.5904870172964,10511.15047879617,4.076216964792282,0.0,690.0,700.0,710.0,710.0,800.0,810.0,890.0,900.0,1000.0,1000.0,1000.0
,Aggregated,15166,2,410.0,446.6493837304525,11.646427999949085,1509.1362180246506,11185.101411051037,84.56895552399419,0.0111524403961485,410.0,510.0,600.0,600.0,700.0,710.0,800.0,810.0,1000.0,1300.0,1500.0
