Type,Name,Request Count,Failure Count,Median Response Time,Average Response Time,Min Response Time,Max Response Time,Average Content Size,Requests/s,Failures/s,50%,66%,75%,80%,90%,95%,98%,99%,99.9%,99.99%,100%
GET,home,3218,0,300.0,307.6828546584429,13.110002997564152,1303.0440480215475,10554.854257302672,17.94279792899246,0.0,300.0,310.0,310.0,390.0,400.0,400.0,480.0,500.0,1300.0,1300.0,1300.0
GET,viewCart,641,0,200.0,192.6742557449577,23.420117009663954,1004.9671650049276,16701.703588143526,3.574062607981406,0.0,200.0,200.0,200.0,210.0,290.0,300.0,300.0,310.0,1000.0,1000.0,1000.0
POST,addToCart,2227,0,290.0,265.8725526017428,13.138937996700406,900.4890950163826,16790.199371351595,12.41721907640342,0.0,290.0,300.0,300.0,300.0,310.0,390.0,400.0,410.0,810.0,900.0,900.0
POST,checkout,450,1,200.0,202.77489958001144,94.24375800881536,1287.9017000086606,6801.055555555556,2.5090923144955277,0.0055757606988789,200.0,200.0,210.0,210.0,290.0,290.0,300.0,310.0,1300.0,1300.0,1300.0
POST,cartEmpty,1118,0,390.0,370.5139400902719,101.23709301115014,1096.325117017841,10511.287119856886,6.233700461346665,0.0,390.0,400.0,400.0,410.0,490.0,500.0,510.0,590.0,1000.0,1100.0,1100.0
GET,logout,523,0,390.0,361.1175330171235,104.91879101027736,1206.2183420057409,10497.0,2.9161228455136903,0.0,390.0,400.0,400.0,400.0,410.0,500.0,500.0,510.0,1200.0,1200.0,1200.0
GET,viewProduct,4572,4572,190.0,172.33322276108876,7.687639008508995,15.75137401232496,7995.855899678541,25.492377915274556,0.0,190.0,200.0,200.0,200.0,203.33333333333334,217.77777777777777,292.22222222222223,372.22222222222223,893.3333333333334,893.3333333333334,893.3333333333334
POST,setCurrency,539,0,390.0,357.6335461667358,18.74858600785956,1098.2583470176903,10511.166975881262,3.0053350166957538,0.0,390.0,400.0,400.0,400.0,480.0,500.0,510.0,520.0,1100.0,1100.0,1100.0
,Aggregated,13288,1,210.0,254.4351604445114,7.687639008508995,1303.0440480215475,10880.919250451536,74.09070816670348,0.0055757606988789,210.0,300.0,300.0,310.0,400.0,400.0,490.0,500.0,1100.0,1300.0,1300.0
