Type,Name,Request Count,Failure Count,Median Response Time,Average Response Time,Min Response Time,Max Response Time,Average Content Size,Requests/s,Failures/s,50%,66%,75%,80%,90%,95%,98%,99%,99.9%,99.99%,100%
POST,addToCart,1232,0,100.0,100.98565143101501,7.868657005019486,290.64868499699514,16705.218344155845,6.873333440453805,0.0,100,100,100,110,190,190,200,200,290,290,290
POST,cartEmpty,365,0,100.0,115.7057213286426,8.254398999270052,298.8198749953881,10513.027397260274,2.0363366118227586,0.0,100,110,190,190,190,200,200,200,300,300,300
POST,checkout,162,0,97,91.71782237526826,9.835363991442136,190.97714600502513,6805.265432098766,0.9037987153843478,0.0,97,99,100,100,100,190,190,190,190,190,190
GET,home,3363,0,99,97.29140807614426,5.942404997767881,295.4483779903967,10537.45286946179,18.762191850849145,0.0,99,100,100,110,190,190,200,200,290,300,300
GET,logout,642,0,100.0,117.52575225763623,7.821834995411336,388.0250009970041,10499.0,3.5817208350416743,0.0,100,110,180,190,190,200,200,210,390,390,390
POST,setCurrency,645,0,100.0,119.16133060364609,7.406125994748436,295.75306401238777,10513.618604651163,3.5984578482895326,0.0,100,110,190,190,190,200,200,210,300,300,300
GET,viewCart,705,0,95,73.1953967843578,5.684967996785417,196.68603999889456,16580.77730496454,3.933198113246698,0.0,95,97,98,99,100,100,110,190,200,200,200
GET,viewProduct,3850,0,92,67.48813820396953,4.985886000213213,195.8864009939134,7987.206753246754,21.47916700141814,0.0,92,95,96,97,99,100,100,110,190,200,200
,Aggregated,10964,0,97,88.69380531191543,4.985886000213213,388.0250009970041,10663.9754651587,61.1682044165061,0.0,97,100,100,100,110,190,200,200,290,390,390
