Type,Name,Request Count,Failure Count,Median Response Time,Average Response Time,Min Response Time,Max Response Time,Average Content Size,Requests/s,Failures/s,50%,66%,75%,80%,90%,95%,98%,99%,99.9%,99.99%,100%
POST,addToCart,2229,0,290.0,269.9061846311013,97.9069330060156,1094.0082099987194,16798.212202781517,12.434619886282173,0.0,290,300,300,300,310,390,400,600,1000,1100,1100
POST,cartEmpty,1122,0,390.0,370.2956701590941,111.10496000037529,1115.1241220068187,10511.428698752228,6.259149175598294,0.0,390,400,400,400,490,500,590,890,1100,1100,1100
POST,checkout,451,6,200.0,198.05129660246868,16.464248998090625,896.8327940092422,6783.935698447894,2.5159325117600986,0.03347138596576628,200,200,210,210,290,300,300,310,900,900,900
GET,home,3226,0,300.0,306.8441326278068,19.23497300595045,1110.5309149861569,10554.947923124613,17.996448520927004,0.0,300,300,310,390,400,400,490,800,1100,1100,1100
GET,logout,524,0,310.0,350.22828912983744,112.06741000933107,1015.3400969866198,10497.0,2.923167707676922,0.0,310,390,400,400,410,490,500,890,1000,1000,1000
POST,setCurrency,540,0,390.0,360.6850544034387,24.621352000394836,997.8194190043723,10511.16111111111,3.012424736918965,0.0,390,400,400,400,490,500,590,890,1000,1000,1000
GET,viewCart,644,0,200.0,193.50402424968266,16.923771996516734,975.3470839932561,16712.69409937888,3.592595426992247,0.0,200,200,200,210,280,290,310,620,980,980,980
GET,viewProduct,4583,0,190.0,175.52295948299985,11.92240699310787,1000.7649070030311,7995.528692995854,25.566560313517808,0.0,190,200,200,200,210,210,300,520,990,1000,1000
,Aggregated,13319,6,210.0,255.54627238497818,11.92240699310787,1115.1241220068187,10881.432014415497,74.30089827967352,0.03347138596576628,210,300,300,310,390,400,500,700,1000,1100,1100
