Type,Name,Request Count,Failure Count,Median Response Time,Average Response Time,Min Response Time,Max Response Time,Average Content Size,Requests/s,Failures/s,50%,66%,75%,80%,90%,95%,98%,99%,99.9%,99.99%,100%
GET,home,3250,0,300.0,305.30592969209494,95.79155701794662,1098.0015700042711,10556.34,18.12766890064933,0.0,300.0,310.0,310.0,390.0,400.0,400.0,490.0,510.0,1000.0,1100.0,1100.0
GET,viewCart,651,0,200.0,190.1559814604299,74.04936099192128,814.2939690151252,16701.993855606757,3.631111524406988,0.0,200.0,200.0,210.0,210.0,280.0,290.0,300.0,310.0,810.0,810.0,810.0
POST,addToCart,2251,0,290.0,271.5222711854793,96.0057080083061,1103.81935199257,16791.226121723677,12.55550236780358,0.0,290.0,300.0,300.0,300.0,380.0,400.0,400.0,480.0,1000.0,1100.0,1100.0
POST,checkout,457,3,200.0,201.21163265671092,96.56668099341914,901.2790140113792,6794.711159737418,2.5490291346451515,0.0167332328313686,200.0,200.0,210.0,210.0,290.0,300.0,300.0,310.0,900.0,900.0,900.0
POST,cartEmpty,1135,0,390.0,368.5932444419818,116.5836119907908,1193.8725459913258,10513.063436123348,6.3307397545344575,0.0,390.0,400.0,400.0,410.0,490.0,500.0,500.0,590.0,1100.0,1200.0,1200.0
GET,logout,530,0,310.0,337.5502426773617,116.0996359831188,1000.4292349913158,10497.0,2.9562044668751213,0.0,310.0,390.0,390.0,400.0,410.0,490.0,500.0,690.0,1000.0,1000.0,1000.0
GET,viewProduct,4622,4622,190.0,172.95886951894641,9.843144012847915,14.032778010005131,7995.936450563116,25.780334048861906,0.0,190.0,200.0,200.0,200.0,207.77777777777777,235.55555555555554,296.6666666666667,311.1111111111111,923.3333333333334,923.3333333333334,923.3333333333334
POST,setCurrency,541,0,310.0,342.7277644254808,33.52989300037734,1092.315382004017,10512.765249537892,3.0175596539234726,0.0,310.0,390.0,400.0,400.0,490.0,490.0,500.0,790.0,1100.0,1100.0,1100.0
,Aggregated,13437,3,210.0,253.1161468527945,9.843144012847915,1193.8725459913258,10882.282131428146,74.94814985170001,0.0167332328313686,210.0,300.0,300.0,310.0,390.0,400.0,490.0,500.0,1000.0,1100.0,1200.0
