Type,Name,Request Count,Failure Count,Median Response Time,Average Response Time,Min Response Time,Max Response Time,Average Content Size,Requests/s,Failures/s,50%,66%,75%,80%,90%,95%,98%,99%,99.9%,99.99%,100%
POST,addToCart,1950,0,200.0,178.98685631929533,7.68474000506103,993.5514179960592,16805.54358974359,10.87292655614606,0.0,200,200,200,200,280,290,300,300,990,990,990
POST,cartEmpty,977,0,210.0,248.16412237755114,9.034695001901127,1199.8356449912535,10514.15557830092,5.447614997617795,0.0,210,290,300,300,300,390,400,810,1200,1200,1200
POST,checkout,401,5,110.0,140.88237748869335,8.791587999439798,554.0155969938496,6785.755610972568,2.2359197687254206,0.027879298861912975,110,190,190,190,200,200,200,210,550,550,550
GET,home,2738,0,200.0,201.7313971119109,6.655427991063334,1096.6645430016797,10558.618699780862,15.266704056783546,0.0,200,200,210,280,290,300,300,400,990,1100,1100
GET,logout,449,0,210.0,236.14606998691917,8.570327001507394,1104.51123699022,10499.0,2.5035610377997854,0.0,210,290,290,300,300,310,400,810,1100,1100,1100
POST,setCurrency,459,0,210.0,236.84903740291793,8.73207300901413,991.4977070002351,10514.281045751633,2.5593196355236114,0.0,210,290,290,300,300,310,390,710,990,990,990
GET,viewCart,565,0,110.0,137.1551714922287,5.723327994928695,1085.966881000786,16713.789380530972,3.150360771396166,0.0,110,120,190,190,200,200,210,960,1100,1100,1100
GET,viewProduct,3946,0,100.0,121.26693447414019,5.159584994544275,1070.5305110022891,7996.971109984795,22.00234266182172,0.0,100,110,110,190,190,200,200,640,990,1100,1100
,Aggregated,11485,5,190.0,171.6212803631689,5.159584994544275,1199.8356449912535,10902.32224640836,64.03874948581411,0.027879298861912975,190,200,200,210,290,300,310,400,990,1200,1200
