Type,Name,Request Count,Failure Count,Median Response Time,Average Response Time,Min Response Time,Max Response Time,Average Content Size,Requests/s,Failures/s,50%,66%,75%,80%,90%,95%,98%,99%,99.9%,99.99%,100%
POST,addToCart,2297,0,400.0,429.32958540223456,106.67632600234356,1309.0985320013715,16800.074880278626,12.808587024526432,0.0,400,420,490,500,510,600,1100,1200,1300,1300,1300
POST,cartEmpty,1125,0,610.0,657.7603654703125,298.3865090063773,1592.925432996708,10513.627555555555,6.273252243183385,0.0,610,700,700,710,800,820,1100,1400,1500,1600,1600
POST,checkout,464,2,290.0,275.41820596760425,104.23254199849907,1103.3427380025387,6799.269396551724,2.5873680362996363,0.011152448432326018,290,300,300,300,390,400,420,1000,1100,1100,1100
GET,home,3372,0,590.0,575.1975065404802,31.56107899849303,1582.6261309994152,10556.22330960854,18.803028056901667,0.0,590,600,610,610,700,710,1100,1300,1400,1600,1600
GET,logout,545,0,610.0,644.3263588753292,394.46571900043637,1401.3112079992425,10498.963302752294,3.0390421978088398,0.0,610,690,700,700,790,810,1200,1200,1400,1400,1400
POST,setCurrency,577,0,610.0,641.518610887725,98.6103450122755,1607.0265239977743,10513.698440207972,3.217481372726056,0.0,610,690,700,700,790,900,1200,1300,1600,1600,1600
GET,viewCart,687,0,300.0,324.2339414470352,110.44698501063976,1207.777386996895,16712.53420669578,3.8308660365039873,0.0,300,310,390,390,400,410,590,990,1200,1200,1200
GET,viewProduct,4768,0,290.0,271.4703474832684,11.80987099360209,1396.7589200037764,7996.310612416108,26.587437062665227,0.0,290,300,300,300,310,400,710,920,1200,1400,1400
,Aggregated,13835,2,400.0,435.9916116436678,11.80987099360209,1607.0265239977743,10882.855655945066,77.14706203061523,0.011152448432326018,400,510,590,600,690,710,910,1100,1400,1600,1600
