Type,Name,Request Count,Failure Count,Median Response Time,Average Response Time,Min Response Time,Max Response Time,Average Content Size,Requests/s,Failures/s,50%,66%,75%,80%,90%,95%,98%,99%,99.9%,99.99%,100%
POST,addToCart,1065,0,96,88.43744951447891,7.550611990154721,1001.4113030047156,16703.69953051643,5.937539578784218,0.0,96,99,100,100,110,190,200,200,1000,1000,1000
POST,cartEmpty,236,0,99,102.10010621646641,8.201363001717255,997.421416992438,10516.783898305084,1.3157364700404464,0.0,99,100,100,110,190,190,200,210,1000,1000,1000
POST,checkout,125,0,92,75.90581290412229,8.296458996483125,193.74386400158983,6808.384,0.6968943167587109,0.0,92,96,98,100,100,110,190,190,190,190,190
GET,home,3217,0,96,87.13637062533597,6.242279996513389,1090.5958289949922,10535.717749456015,17.935272136102185,0.0,96,99,100,100,110,190,200,390,970,1100,1100
GET,logout,630,0,100.0,99.27384591264565,8.251424005720764,716.1920170037774,10499.0,3.5123473564639034,0.0,100,100,110,110,190,190,200,200,720,720,720
POST,setCurrency,638,0,98,99.14887536200877,7.552892013336532,1003.8320169987855,10514.537617554859,3.556948592736461,0.0,98,100,110,110,190,200,200,290,1000,1000,1000
GET,viewCart,703,0,89,63.958994915955145,5.609330997685902,1086.7755810031667,16596.128022759603,3.9193336374509906,0.0,89,94,96,97,99,100,100,190,1100,1100,1100
GET,viewProduct,3593,0,86,62.540274900427015,5.0865079974755645,1007.9968249920057,7986.161703311996,20.03153024091239,0.0,86,92,94,95,97,100,100,190,990,1000,1000
,Aggregated,10207,0,92,78.72610230859276,5.0865079974755645,1090.5958289949922,10649.540021553836,56.905602329249305,0.0,92,97,99,100,110,190,200,290,1000,1100,1100
