{"dlingam": {"RES_TIME": {"precision": 0.9, "recall": 1, "mhd_pos": 0.6296296296296295, "mhd_false": 0.3333333333333333}, "CPU": {"precision": 0.8, "recall": 1, "mhd_pos": 0.041666666666666664, "mhd_false": 0.3333333333333333}, "MEM": {"precision": 1.0, "recall": 1, "mhd_pos": 0.3333333333333333, "mhd_false": -1}}, "dagma_lin": {"RES_TIME": {"precision": 0, "recall": 0, "mhd_pos": -1, "mhd_false": 4.7407407407407405}, "CPU": {"precision": 0.8, "recall": 1, "mhd_pos": 0.0, "mhd_false": 0.3333333333333333}, "MEM": {"precision": 0, "recall": 0, "mhd_pos": -1, "mhd_false": 4.0}}, "dagma_mlp": {"RES_TIME": {"precision": 0, "recall": 0, "mhd_pos": -1, "mhd_false": 4.888888888888889}, "CPU": {"precision": 0.8, "recall": 1, "mhd_pos": 0.0, "mhd_false": 0.3333333333333333}, "MEM": {"precision": 0, "recall": 0, "mhd_pos": -1, "mhd_false": 6.666666666666667}}, "dag_gnn": {"RES_TIME": {"precision": 0.9, "recall": 1, "mhd_pos": 0.5925925925925926, "mhd_false": 2.0}, "CPU": {"precision": 1.0, "recall": 1, "mhd_pos": 0.36666666666666664, "mhd_false": -1}, "MEM": {"precision": 0, "recall": 0, "mhd_pos": -1, "mhd_false": 1.6666666666666667}}}