{"RES_TIME": {"precision": 0.75, "recall": 0.5454545454545454, "mhd_pos": 3.1666666666666665, "mhd_false": 1.3333333333333333, "true_positive": 6, "true_negative": 0, "false_positive": 2, "false_negative": 5}, "CPU": {"precision": 0.6923076923076923, "recall": 1.0, "mhd_pos": 0.0, "mhd_false": 0.16666666666666666, "true_positive": 9, "true_negative": 0, "false_positive": 4, "false_negative": 0}, "MEM": {"precision": 0.2727272727272727, "recall": 1.0, "mhd_pos": 0.0, "mhd_false": 0.5833333333333333, "true_positive": 3, "true_negative": 2, "false_positive": 8, "false_negative": 0}}