Type,Name,Request Count,Failure Count,Median Response Time,Average Response Time,Min Response Time,Max Response Time,Average Content Size,Requests/s,Failures/s,50%,66%,75%,80%,90%,95%,98%,99%,99.9%,99.99%,100%
POST,addToCart,1883,0,100.0,114.43056403693596,7.800814986694604,989.8870839970186,16987.57833244822,10.503300972806388,0.0,100,100,110,110,190,200,200,200,990,990,990
POST,cartEmpty,608,0,110.0,139.5759859256271,8.347994007635862,1100.1501499849837,10512.837171052632,3.391400420321977,0.0,110,190,190,190,200,200,280,290,1100,1100,1100
POST,checkout,429,2,99,113.18463183646926,8.537738001905382,994.9732850072905,6799.55944055944,2.3929453623653427,0.011155922435269663,99,100,100,110,190,190,200,640,990,990,990
GET,home,2360,0,100.0,116.04288307260781,6.20980397798121,1105.2931919984985,10552.421186440679,13.163988473618202,0.0,100,100,110,180,190,200,200,540,990,1100,1100
GET,logout,503,0,110.0,130.68084800872808,8.334326994372532,934.2183020198718,10499.0,2.80571449247032,0.0,110,110,190,190,200,200,200,290,930,930,930
POST,setCurrency,505,0,110.0,135.92846161186796,7.678541005589068,1099.8739229980856,10513.451485148515,2.8168704149055896,0.0,110,180,190,190,200,200,280,290,1100,1100,1100
GET,viewCart,844,0,96,85.74619337283124,5.74829601100646,1027.5827840087004,16988.629146919433,4.707799267683797,0.0,96,98,99,100,100,110,190,190,1000,1000,1000
GET,viewProduct,3648,0,94,76.85000712127363,5.266740015940741,1022.7974070003256,7997.402960526316,20.348402521931863,0.0,94,96,98,99,100,100,180,190,930,1000,1000
,Aggregated,10780,2,99,102.95429642680806,5.266740015940741,1105.2931919984985,11159.866326530613,60.13042192610348,0.011155922435269663,99,100,100,110,190,190,200,210,990,1100,1100
