Type,Name,Request Count,Failure Count,Median Response Time,Average Response Time,Min Response Time,Max Response Time,Average Content Size,Requests/s,Failures/s,50%,66%,75%,80%,90%,95%,98%,99%,99.9%,99.99%,100%
POST,addToCart,2059,0,200.0,206.56254001189015,7.555913005489856,1112.3835909966147,17000.33851384167,11.4819027534812,0.0,200,200,210,280,290,300,310,390,1100,1100,1100
POST,cartEmpty,634,0,290.0,253.56016470977232,8.012006990611553,1204.4993739982601,10514.324921135647,3.5354668993234974,0.0,290,290,300,300,310,390,400,610,1200,1200,1200
POST,checkout,467,1,190.0,169.7696793232511,7.8649810020579025,1186.438602002454,6803.511777301927,2.604200381678349,0.005576446213444003,190,190,200,200,200,280,300,690,1200,1200,1200
GET,home,2610,0,200.0,210.5696919237681,6.1711309972452,1216.0340989939868,10551.877394636016,14.554524617088846,0.0,200,210,210,290,290,300,390,700,1200,1200,1200
GET,logout,559,0,210.0,253.135959903261,8.143445011228323,1199.8065130028408,10499.0,3.117233433315197,0.0,210,290,300,300,300,390,400,790,1200,1200,1200
POST,setCurrency,571,0,280.0,260.2898611316012,7.643692006240599,1017.4474009982077,10513.68126094571,3.184150787876525,0.0,280,290,300,300,310,400,410,1000,1000,1000,1000
GET,viewCart,950,0,110.0,148.4599322169915,5.540367012144998,1103.574637993006,16992.443157894737,5.297623902771802,0.0,110,190,190,190,200,200,210,530,1100,1100,1100
GET,viewProduct,4022,0,110.0,134.60922801353303,5.193543998757377,1096.7814510077005,7996.9726504226755,22.428466670471778,0.0,110,110,190,190,200,200,200,610,1000,1100,1100
,Aggregated,11872,1,190.0,184.2572871836338,5.193543998757377,1216.0340989939868,11166.30028638814,66.2035694460072,0.005576446213444003,190,200,200,210,290,300,390,680,1100,1200,1200
