Type,Name,Request Count,Failure Count,Median Response Time,Average Response Time,Min Response Time,Max Response Time,Average Content Size,Requests/s,Failures/s,50%,66%,75%,80%,90%,95%,98%,99%,99.9%,99.99%,100%
POST,addToCart,876,0,9,30.386450417807314,7.3942270000770804,102.32097399966733,16611.018264840182,4.885460471754042,0.0,9,11,73,83,88,91,93,96,100,100,100
POST,cartEmpty,285,0,12,43.20197444911396,7.812692999777937,102.3291460001019,10512.873684210526,1.5894477562213494,0.0,12,79,85,87,91,94,97,99,100,100,100
POST,checkout,95,0,11,39.22132493682128,7.996179999736341,91.39139800026896,6808.357894736842,0.5298159187404498,0.0,11,79,84,85,88,89,91,91,91,91,91
GET,home,2672,0,8,27.95794355688968,5.751819000124669,188.609040999836,10537.555763473054,14.901769840784018,0.0,8,9,59,75,86,90,93,95,190,190,190
GET,logout,496,0,10,34.40463832660795,7.3288339999635355,100.83903600025224,10499.0,2.7661967967922427,0.0,10,63,72,84,90,93,96,97,100,100,100
POST,setCurrency,497,0,9,27.27630483702106,7.1435039999414585,103.12340599966774,10514.51106639839,2.771773806463195,0.0,9,11,19,75,86,92,95,98,100,100,100
GET,viewCart,496,0,7,25.470230737895353,5.183801000384847,96.50526199993692,16469.050403225807,2.7661967967922427,0.0,7,7,63,75,84,88,90,91,97,97,97
GET,viewProduct,2957,0,6,20.984185080488153,4.903143999854365,141.47074099992096,7985.1007778153535,16.491217597005367,0.0,6,7,7,48,82,86,89,91,96,140,140
,Aggregated,8374,0,8,26.590069044662062,4.903143999854365,188.609040999836,10576.11320754717,46.701878984552906,0.0,8,10,54,74,85,89,93,95,100,190,190
