Type,Name,Request Count,Failure Count,Median Response Time,Average Response Time,Min Response Time,Max Response Time,Average Content Size,Requests/s,Failures/s,50%,66%,75%,80%,90%,95%,98%,99%,99.9%,99.99%,100%
POST,addToCart,1577,0,400.0,399.1535903937737,15.156123001361266,1506.7416040001262,16717.041851616996,8.796147374188827,0.0,400,400,480,490,500,590,770,1000,1500,1500,1500
POST,cartEmpty,353,0,600.0,614.8197763143235,13.14093499968294,1290.8138260027044,10513.549575070821,1.968953724216015,0.0,600,690,700,700,710,800,820,900,1300,1300,1300
POST,checkout,194,0,290.0,265.0165667783795,13.437949000945082,1093.3439879991056,6807.0360824742265,1.0820878824303313,0.0,290,300,300,310,390,400,420,510,1100,1100,1100
GET,home,4637,0,580.0,551.7099433663665,12.102618002245435,1502.3034879995976,10534.970023722235,25.864131499120855,0.0,580,600,600,600,690,700,800,1100,1500,1500,1500
GET,logout,902,0,600.0,619.7785947715735,17.593483000382548,1488.2058269977279,10499.0,5.031150876042056,0.0,600,690,700,700,710,800,900,1000,1500,1500,1500
POST,setCurrency,925,0,600.0,616.6073781610628,18.26544899813598,1591.185413999483,10513.48972972973,5.159439645608538,0.0,600,680,690,700,710,810,1000,1100,1600,1600,1600
GET,viewCart,1018,0,300.0,301.0339323192361,9.334287999081425,1093.6157090000052,16606.92927308448,5.678172496464316,0.0,300,300,310,380,400,400,490,680,990,1100,1100
GET,viewProduct,5218,0,290.0,269.320988034889,6.583916998351924,1201.31080200008,7985.755653507091,29.104817373822,0.0,290,300,300,300,310,400,800,910,1100,1200,1200
,Aggregated,14824,0,400.0,424.8084451149996,6.583916998351924,1591.185413999483,10659.463167835942,82.68490087189294,0.0,400,500,590,600,680,700,810,990,1400,1500,1600
