Type,Name,Request Count,Failure Count,Median Response Time,Average Response Time,Min Response Time,Max Response Time,Average Content Size,Requests/s,Failures/s,50%,66%,75%,80%,90%,95%,98%,99%,99.9%,99.99%,100%
POST,addToCart,2538,0,390.0,358.10307641182015,106.00190100376494,896.7389829922467,17003.6158392435,14.156693624832512,0.0,390,400,400,400,490,490,500,510,610,900,900
POST,cartEmpty,777,0,500.0,509.35600100485476,203.1617059983546,787.5116899958812,10511.585585585586,4.334023225569291,0.0,500,510,590,590,600,610,690,700,790,790,790
POST,checkout,580,6,210.0,239.38956417605996,96.4401950041065,793.8070129894186,6789.187931034483,3.2351782121366655,0.03346736081520688,210,290,290,300,300,310,390,400,790,790,790
GET,home,3117,0,410.0,431.7624301677519,82.29424699675292,999.8916959884809,10548.339428938081,17.386293943499975,0.0,410,490,500,500,510,580,600,600,790,1000,1000
GET,logout,669,0,500.0,493.89838041849134,202.52039199112915,984.445472000516,10497.0,3.7316107308955675,0.0,500,500,510,590,600,610,690,700,980,980,980
POST,setCurrency,694,0,500.0,501.1306057463077,63.622935995226726,1086.9549490016652,10512.018731988474,3.8710580676255963,0.0,500,510,590,590,600,610,700,710,1100,1100,1100
GET,viewCart,1161,0,290.0,270.3930260582853,105.23776400077622,584.5046649919823,17003.27476313523,6.475934317742532,0.0,290,300,300,300,390,400,400,410,500,580,580
GET,viewProduct,4880,0,200.0,219.47089863323086,9.596094998414628,801.1998830043012,7997.4051229508195,27.2201201297016,0.0,200,210,290,290,300,300,310,390,610,800,800
,Aggregated,14416,6,310.0,336.6004167758557,9.596094998414628,1086.9549490016652,11183.792660932297,80.41091225200374,0.03346736081520688,310,400,410,490,500,590,600,610,790,1000,1100
