Type,Name,Request Count,Failure Count,Median Response Time,Average Response Time,Min Response Time,Max Response Time,Average Content Size,Requests/s,Failures/s,50%,66%,75%,80%,90%,95%,98%,99%,99.9%,99.99%,100%
GET,home,2965,0,410.0,449.1709198077224,90.21819598274304,1307.0730770123191,10550.556829679595,16.526032457323474,0.0,410.0,490.0,500.0,500.0,510.0,600.0,1000.0,1100.0,1300.0,1300.0,1300.0
GET,viewCart,1107,0,290.0,289.27318214823964,100.74162398814224,1111.9127409765497,17011.03884372177,6.170090364336286,0.0,290.0,300.0,300.0,310.0,390.0,420.0,870.0,990.0,1100.0,1100.0,1100.0
POST,addToCart,2412,0,390.0,378.1655871547142,104.2669210000895,1394.3980959884357,17001.07296849088,13.443774127171745,0.0,390.0,400.0,400.0,410.0,490.0,510.0,980.0,1000.0,1300.0,1400.0,1400.0
POST,checkout,549,2,210.0,255.22456323865373,96.6689359920565,1205.831050989218,6800.342440801457,3.0599635140204344,0.0111474080656482,210.0,290.0,290.0,300.0,300.0,380.0,990.0,1100.0,1200.0,1200.0,1200.0
POST,cartEmpty,739,0,500.0,532.7249423935723,208.54310700087808,1500.666353997076,10511.654939106902,4.118967280257015,0.0,500.0,510.0,590.0,600.0,610.0,890.0,1200.0,1300.0,1500.0,1500.0,1500.0
GET,logout,634,0,500.0,500.86094507097766,193.4587600117084,1488.779676001286,10497.0,3.533728356810484,0.0,500.0,510.0,520.0,590.0,600.0,610.0,1000.0,1100.0,1500.0,1500.0,1500.0
GET,viewProduct,4643,4643,200.0,245.90930710842238,11.43603099626489,101.36957699432968,7997.026812101369,25.878707824402323,0.0,200.0,217.77777777777777,290.0,292.22222222222223,301.1111111111111,436.6666666666667,863.3333333333334,957.7777777777778,1100.0,1100.0,1100.0
POST,setCurrency,658,0,500.0,505.9551673897614,33.147692010970786,1401.3383149867875,10511.711246200608,3.667497253598262,0.0,500.0,510.0,590.0,590.0,600.0,690.0,910.0,1200.0,1400.0,1400.0,1400.0
,Aggregated,13707,2,310.0,356.7758074179251,11.43603099626489,1500.666353997076,11185.800102137591,76.39876117792002,0.0111474080656482,310.0,400.0,410.0,490.0,510.0,600.0,910.0,1000.0,1300.0,1500.0,1500.0
