Type,Name,Request Count,Failure Count,Median Response Time,Average Response Time,Min Response Time,Max Response Time,Average Content Size,Requests/s,Failures/s,50%,66%,75%,80%,90%,95%,98%,99%,99.9%,99.99%,100%
GET,home,2920,0,400.0,383.2394398907406,6.296271996689029,1408.097273990279,10549.97705479452,16.27481744623415,0.0,400.0,400.0,410.0,470.0,500.0,500.0,910.0,1100.0,1400.0,1400.0,1400.0
GET,viewCart,1055,0,210.0,236.43104496863847,5.867384999874048,1093.5626639984548,16992.115639810425,5.880113837594872,0.0,210.0,290.0,290.0,300.0,300.0,310.0,390.0,800.0,1100.0,1100.0,1100.0
POST,addToCart,2334,0,300.0,320.33829797471816,7.489020994398743,1303.23799100006,17001.660668380464,13.008706821750172,0.0,300.0,320.0,390.0,390.0,400.0,410.0,500.0,1000.0,1300.0,1300.0,1300.0
POST,checkout,529,4,200.0,221.64703481508255,8.001031004823744,1107.507683991571,6793.274102079395,2.9484172702252964,0.0222942704742933,200.0,210.0,290.0,290.0,300.0,300.0,380.0,1000.0,1100.0,1100.0,1100.0
POST,cartEmpty,734,0,410.0,437.1667361896921,8.272438004496507,1403.1854909990216,10511.74659400545,4.09099863203283,0.0,410.0,500.0,500.0,500.0,580.0,600.0,700.0,1200.0,1400.0,1400.0,1400.0
GET,logout,615,0,410.0,437.47120062634633,7.449614990036935,1408.3500879933126,10497.0,3.427744085422604,0.0,410.0,490.0,500.0,500.0,510.0,600.0,900.0,1300.0,1400.0,1400.0,1400.0
GET,viewProduct,4533,4533,200.0,203.3747427604667,5.0605650030775,5.434908991446719,7996.3447463457915,25.264982014992942,0.0,200.0,200.0,208.88888888888889,217.77777777777777,293.3333333333333,301.1111111111111,463.3333333333333,782.2222222222222,1075.5555555555557,1075.5555555555557,1075.5555555555557
POST,setCurrency,640,0,410.0,432.8685101984547,7.8017930063651875,1305.9090900060255,10511.3125,3.567083275886937,0.0,410.0,490.0,500.0,500.0,590.0,600.0,610.0,1000.0,1300.0,1300.0,1300.0
,Aggregated,13360,4,290.0,301.07747694431146,5.0605650030775,1408.3500879933126,11164.334206586826,74.46286338413981,0.0222942704742933,290.0,320.0,400.0,400.0,490.0,500.0,610.0,1000.0,1300.0,1400.0,1400.0
