Type,Name,Request Count,Failure Count,Median Response Time,Average Response Time,Min Response Time,Max Response Time,Average Content Size,Requests/s,Failures/s,50%,66%,75%,80%,90%,95%,98%,99%,99.9%,99.99%,100%
POST,addToCart,1541,0,390.0,364.0533582679448,7.599337004648987,1001.475538003433,16726.412719013628,8.59266750429706,0.0,390,400,410,420,500,500,600,800,990,1000,1000
POST,cartEmpty,353,0,600.0,562.9936329322801,8.079832994553726,1203.59621100215,10511.206798866855,1.9683397981939403,0.0,600,610,690,700,710,800,810,1000,1200,1200,1200
POST,checkout,190,1,220.0,245.87873372120634,9.169605000352021,907.5447540017194,6797.547368421053,1.0594463503026874,0.005576033422645723,220,290,300,300,310,390,410,710,910,910,910
GET,home,4486,0,500.0,500.12965437031556,6.163126003229991,1104.2482269986067,10533.060410164957,25.014085933988717,0.0,500,590,600,600,610,700,710,800,1100,1100,1100
GET,logout,869,0,600.0,566.0932137443681,8.131988994136918,1292.0491409968236,10497.0,4.845573044279134,0.0,600,610,690,690,700,790,800,810,1300,1300,1300
POST,setCurrency,898,0,600.0,563.4303635322872,7.82679500116501,1095.2062319993274,10511.248329621381,5.00727801353586,0.0,600,610,690,700,710,790,810,990,1100,1100,1100
GET,viewCart,987,0,290.0,276.14626839323415,5.755015001341235,809.3730460022925,16613.89766970618,5.503544988151329,0.0,290,300,310,310,390,400,500,610,810,810,810
GET,viewProduct,5059,0,210.0,237.26234673633758,5.013907000829931,895.42615100072,7985.429333860447,28.209153085164715,0.0,210,290,300,300,310,390,410,600,800,900,900
,Aggregated,14383,1,380.0,383.84228705189344,5.013907000829931,1292.0491409968236,10664.388444691649,80.20008871791345,0.005576033422645723,380,500,510,590,610,690,710,800,1100,1200,1300
