{"s0": {"RES_TIME": 7.2804262155719055, "CPU": 29.39697517764325, "MEM": 171.7733651068388}, "s1": {"RES_TIME": 7.753259070732117, "CPU": 13.48456515762224, "MEM": 193.976023584689}, "s2": {"RES_TIME": 5.314421370198191, "CPU": 15.834122446613753, "MEM": 198.4978447619339}, "s3": {"RES_TIME": 1.6587199219878583, "CPU": 5.286684304786573, "MEM": 66.77801229398565}, "s4": {"RES_TIME": 5.119608300315887, "CPU": 13.307136826179484, "MEM": 202.6349318579935}, "s5": {"RES_TIME": 2.4061898076153114, "CPU": 7.411295152386254, "MEM": 188.641357799016}, "s6": {"RES_TIME": 2.436098301670588, "CPU": 5.114957564725348, "MEM": 181.91205043157936}, "s7": {"RES_TIME": 5.2485448551497775, "CPU": 6.689074470553598, "MEM": 184.37456176011295}, "s8": {"RES_TIME": 1.7056971143587727, "CPU": 4.432075799870776, "MEM": 67.00595078512266}, "s9": {"RES_TIME": 2.3884600273367997, "CPU": 7.110680436460591, "MEM": 184.06579500841673}}