Type,Name,Request Count,Failure Count,Median Response Time,Average Response Time,Min Response Time,Max Response Time,Average Content Size,Requests/s,Failures/s,50%,66%,75%,80%,90%,95%,98%,99%,99.9%,99.99%,100%
POST,addToCart,2023,0,200.0,197.1598809692917,16.34801299951505,1108.8438899896573,16987.322293623332,11.281370318719699,0.0,200,200,200,210,290,290,300,310,1100,1100,1100
POST,cartEmpty,628,0,290.0,259.73859846197655,96.64014499867335,1107.5437709951075,10513.460191082802,3.502076401461182,0.0,290,300,300,300,310,390,400,490,1100,1100,1100
POST,checkout,458,1,190.0,153.87855537325845,15.38301799155306,889.3326549878111,6804.220524017467,2.554062088963728,0.005576554779396786,190,190,190,200,200,200,210,280,890,890,890
GET,home,2599,0,200.0,216.07721083725488,11.553019008715637,1107.9663340060506,10551.51212004617,14.493465871652248,0.0,200,210,210,290,300,300,310,690,1100,1100,1100
GET,logout,554,0,210.0,250.51135029430486,95.94768700480927,1011.0682109952904,10499.0,3.0894113477858194,0.0,210,290,300,300,300,320,400,410,1000,1000,1000
POST,setCurrency,565,0,280.0,260.18398569917935,86.31203799450304,1192.3512070061406,10513.861946902654,3.150753450359184,0.0,280,290,300,300,310,390,410,900,1200,1200,1200
GET,viewCart,931,0,110.0,146.06973870253682,11.584556006710045,968.6519100068836,16979.604726100966,5.191772499618408,0.0,110,190,190,190,200,200,210,290,970,970,970
GET,viewProduct,3974,0,100.0,127.03477352145433,7.837794997612946,1104.637108001043,7996.667840966281,22.16122869332283,0.0,100,110,180,190,190,200,200,210,1000,1100,1100
,Aggregated,11732,1,190.0,180.75738877014786,7.837794997612946,1192.3512070061406,11153.346999659052,65.4241406718831,0.005576554779396786,190,200,200,210,290,300,310,410,1000,1100,1200
