Type,Name,Request Count,Failure Count,Median Response Time,Average Response Time,Min Response Time,Max Response Time,Average Content Size,Requests/s,Failures/s,50%,66%,75%,80%,90%,95%,98%,99%,99.9%,99.99%,100%
POST,addToCart,2173,0,210.0,235.98583495170104,13.651720000780188,1185.2752530103317,16803.551771744133,12.123719888359682,0.0,210,290,290,300,300,310,390,400,1100,1200,1200
POST,cartEmpty,1059,0,300.0,314.940491425862,101.08419699827209,1304.3267570028547,10512.074598677998,5.908430447203361,0.0,300,310,390,390,400,410,490,590,1200,1300,1300
POST,checkout,443,6,190.0,176.58695627079328,15.96691099985037,1088.9719950064318,6781.7516930022575,2.4716097149302065,0.0334755266130502,190,200,200,200,200,280,290,300,1100,1100,1100
GET,home,3145,0,290.0,259.3731375792233,11.806859998614527,1195.0960530084558,10554.854372019077,17.546755199673814,0.0,290,300,300,300,310,320,400,490,1100,1200,1200
GET,logout,520,0,300.0,294.2317535982371,104.22936599934474,1024.9682149878936,10497.0,2.901212306464351,0.0,300,300,310,310,400,400,410,490,1000,1000,1000
POST,setCurrency,537,0,300.0,307.4976400222321,21.594364996417426,1019.4633169885492,10511.610800744878,2.9960596318679933,0.0,300,310,380,390,400,400,500,800,1000,1000,1000
GET,viewCart,653,0,190.0,172.39400964686868,14.335990999825299,1050.8339680091012,16724.30474732006,3.6432531463869635,0.0,190,200,200,200,210,210,290,650,1100,1100,1100
GET,viewProduct,4475,0,180.0,153.28573125613562,8.212120999814942,1028.0091570020886,7996.154860335196,24.96716359889994,0.0,180,190,200,200,200,200,280,300,940,1000,1000
,Aggregated,13005,6,200.0,219.67930944392708,8.212120999814942,1304.3267570028547,10892.17047289504,72.55820393378632,0.0334755266130502,200,270,290,300,300,390,400,490,1100,1200,1300
