{"RES_TIME": {"precision": 0.875, "recall": 0.5833333333333334, "mhd_pos": 2.7142857142857144, "mhd_false": 1.6666666666666667, "true_positive": 7, "true_negative": 0, "false_positive": 1, "false_negative": 5}, "CPU": {"precision": 0.8461538461538461, "recall": 1.0, "mhd_pos": 0.0, "mhd_false": 0.16666666666666666, "true_positive": 11, "true_negative": 0, "false_positive": 2, "false_negative": 0}, "MEM": {"precision": 0.9090909090909091, "recall": 1.0, "mhd_pos": 0.0, "mhd_false": 0.0, "true_positive": 10, "true_negative": 2, "false_positive": 1, "false_negative": 0}}