Type,Name,Request Count,Failure Count,Median Response Time,Average Response Time,Min Response Time,Max Response Time,Average Content Size,Requests/s,Failures/s,50%,66%,75%,80%,90%,95%,98%,99%,99.9%,99.99%,100%
POST,addToCart,1557,0,310.0,335.5025048536283,104.63928999524796,1104.7220440013916,16724.20231213873,8.683926661022786,0.0,310,390,400,400,400,410,490,500,1000,1100,1100
POST,cartEmpty,355,0,500.0,507.97270970143586,297.09206700499635,907.3368730023503,10514.016901408451,1.9799575880944695,0.0,500,520,590,600,600,610,700,700,910,910,910
POST,checkout,195,0,200.0,220.42907940989468,105.21368499757955,401.01675200276077,6806.615384615385,1.0875823371223143,0.0,200,210,290,290,300,300,310,400,400,400,400
GET,home,4519,0,410.0,442.2744961687471,14.090193995798472,1288.5596639971482,10535.382164195618,25.20402349464481,0.0,410,490,500,500,510,590,600,690,1200,1300,1300
GET,logout,878,0,500.0,494.07607267894576,214.25179899961222,1011.9720269940444,10499.0,4.896909189709702,0.0,500,500,510,590,600,610,700,710,1000,1000,1000
POST,setCurrency,905,0,500.0,497.355241995647,58.03452799591469,1208.5052660040674,10513.691712707183,5.047497513311254,0.0,500,510,590,590,600,690,700,800,1200,1200,1200
GET,viewCart,997,0,210.0,243.53743340907386,94.90501999971457,721.2619519996224,16613.367101303913,5.560613282620243,0.0,210,290,300,300,300,310,390,400,720,720,720
GET,viewProduct,5103,0,200.0,219.64149735742396,12.666731003264431,989.6500230024685,7985.368998628258,28.461193160693178,0.0,200,210,280,290,300,300,390,520,810,990,990
,Aggregated,14509,0,310.0,344.05351841026686,12.666731003264431,1288.5596639971482,10666.111999448618,80.92170322721876,0.0,310,400,480,490,500,590,600,690,1000,1200,1300
