Type,Name,Request Count,Failure Count,Median Response Time,Average Response Time,Min Response Time,Max Response Time,Average Content Size,Requests/s,Failures/s,50%,66%,75%,80%,90%,95%,98%,99%,99.9%,99.99%,100%
POST,addToCart,1606,0,93,75.59683653989386,7.657039997866377,1026.3990399980685,16790.768368617682,8.958067295581062,0.0,93,97,98,99,100,100,190,190,1000,1000,1000
POST,cartEmpty,807,0,96,91.08715582521194,7.814359996700659,1047.5540240004193,10513.644361833953,4.5013451479040585,0.0,96,99,100,100,110,190,190,630,1000,1000,1000
POST,checkout,318,4,87,66.92563043074439,4.298189000110142,965.452014002949,6785.022012578616,1.773764259025391,0.02231150011352693,87,92,94,95,98,99,100,190,970,970,970
GET,home,2457,0,90,68.42161246285467,5.760233994806185,1023.1230990029871,10555.64306064306,13.704838944733917,0.0,90,94,97,98,100,100,190,200,940,1000,1000
GET,logout,406,0,97,83.93316260581146,7.515837001847103,970.9887990029529,10499.0,2.2646172615229836,0.0,97,100,100,100,110,190,190,190,970,970,970
POST,setCurrency,409,0,95,85.58690691519641,7.673371001146734,1039.241384001798,10513.784841075794,2.2813508866081285,0.0,95,99,100,100,110,180,190,200,1000,1000,1000
GET,viewCart,479,0,80,56.66517240733773,5.658194000716321,941.2114419974387,16673.92275574113,2.67180213859485,0.0,80,91,93,94,97,98,100,190,940,940,940
GET,viewProduct,3408,0,12,50.86305259360821,5.035020993091166,944.308057994931,7996.603873239436,19.009398096724944,0.0,13,89,92,93,95,97,99,100,850,940,940
,Aggregated,9890,4,89,66.11485503545323,4.298189000110142,1047.5540240004193,10853.923559150657,55.165184030695336,0.02231150011352693,89,94,96,97,100,100,190,190,950,1000,1000
