Type,Name,Request Count,Failure Count,Median Response Time,Average Response Time,Min Response Time,Max Response Time,Average Content Size,Requests/s,Failures/s,50%,66%,75%,80%,90%,95%,98%,99%,99.9%,99.99%,100%
POST,addToCart,1278,0,110.0,145.467510862279,7.882588999564177,960.9547769996425,16722.190923317685,7.1266066846565055,0.0,110,190,190,200,200,200,290,300,960,960,960
POST,cartEmpty,312,0,200.0,185.63557001283908,8.983964000435662,909.97499399964,10511.580128205129,1.7398288619818698,0.0,200,200,200,210,290,300,300,700,910,910,910
POST,checkout,165,1,100.0,122.56320512129936,8.630419999462902,702.7480859997013,6797.187878787879,0.9201018020096428,0.005576374557634199,100,110,190,190,190,200,200,540,700,700,700
GET,home,3600,0,120.0,151.99928261359705,5.713575999834575,1008.2009039997502,10533.72388888889,20.074948407483113,0.0,120,190,200,200,200,210,290,410,900,1000,1000
GET,logout,703,0,190.0,178.63193349787375,7.949822000227869,747.421015999862,10497.0,3.9201913140168414,0.0,190,200,200,200,210,290,300,310,750,750,750
POST,setCurrency,711,0,200.0,180.3386640422181,7.701205999183003,800.4806210010429,10511.279887482418,3.964802310477915,0.0,200,200,200,210,260,290,300,310,800,800,800
GET,viewCart,796,0,100.0,103.09593299368302,5.540926000321633,957.346941000651,16621.376884422112,4.438794147876822,0.0,100,100,100,110,190,190,200,200,960,960,960
GET,viewProduct,4093,0,98,97.95609519152893,5.1055260009889025,950.7668690002902,7985.6232592230635,22.824101064396775,0.0,98,100,100,100,110,190,190,200,820,950,950
,Aggregated,11658,1,100.0,132.78811311072937,5.1055260009889025,1008.2009039997502,10676.119231429062,65.00937459289949,0.005576374557634199,100,180,190,190,200,210,290,350,870,990,1000
