Type,Name,Request Count,Failure Count,Median Response Time,Average Response Time,Min Response Time,Max Response Time,Average Content Size,Requests/s,Failures/s,50%,66%,75%,80%,90%,95%,98%,99%,99.9%,99.99%,100%
POST,addToCart,2274,0,290.0,275.01331118686545,12.998802005313337,949.0485110000009,16998.3109058927,12.686126661242163,0.0,290,300,300,310,390,400,400,410,780,950,950
POST,cartEmpty,728,0,390.0,383.1394951403826,99.33477199228946,689.0469459904125,10513.809065934065,4.061345738515521,0.0,390,400,410,480,500,500,510,590,690,690,690
POST,checkout,521,4,200.0,197.92471619553828,92.99450401158538,604.1063099983148,6796.174664107486,2.9065400134156407,0.022315086475360006,200,200,210,210,290,300,300,310,600,600,600
GET,home,2798,0,300.0,322.64183904522804,14.22741099668201,994.4414460042026,10553.10042887777,15.609402989514324,0.0,300,380,390,390,400,410,490,500,720,990,990
GET,logout,594,0,390.0,376.9295918787326,102.51768400485162,907.293149997713,10499.0,3.313790341590961,0.0,390,400,400,410,490,500,510,610,910,910,910
POST,setCurrency,607,0,390.0,368.4320037495909,22.70489100192208,922.6453750015935,10513.739703459638,3.386314372635881,0.0,390,400,400,410,490,500,500,600,920,920,920
GET,viewCart,1016,0,200.0,198.93161429624922,12.292649989831261,569.2678049963433,16988.806102362203,5.668031964741441,0.0,200,200,210,210,290,300,300,310,570,570,570
GET,viewProduct,4367,0,190.0,171.97081238697544,7.266983011504635,892.6401409989921,7997.171513624914,24.362495659474288,0.0,190,200,200,200,210,210,290,300,750,890,890
,Aggregated,12905,4,210.0,256.55342321258627,7.266983011504635,994.4414460042026,11172.345215032932,71.99404774113022,0.022315086475360006,210,300,310,310,400,410,490,500,780,950,990
