{"RES_TIME": {"precision": 0.16666666666666666, "recall": 0.6666666666666666, "mhd_pos": 8.333333333333334, "mhd_false": 5.133333333333333, "true_positive": 2, "true_negative": 0, "false_positive": 10, "false_negative": 1}, "CPU": {"precision": 0.7692307692307693, "recall": 1.0, "mhd_pos": 0.0, "mhd_false": 5.111111111111111, "true_positive": 10, "true_negative": 0, "false_positive": 3, "false_negative": 0}, "MEM": {"precision": 0.23076923076923078, "recall": 1.0, "mhd_pos": 0.5555555555555555, "mhd_false": 0.9166666666666666, "true_positive": 3, "true_negative": 0, "false_positive": 10, "false_negative": 0}}