Type,Name,Request Count,Failure Count,Median Response Time,Average Response Time,Min Response Time,Max Response Time,Average Content Size,Requests/s,Failures/s,50%,66%,75%,80%,90%,95%,98%,99%,99.9%,99.99%,100%
POST,addToCart,1414,0,290.0,287.8435318656958,101.57753300154582,1196.8580099928658,16722.27369165488,7.88637967218174,0.0,290,300,300,310,390,400,490,1000,1200,1200,1200
POST,cartEmpty,332,0,400.0,429.60237196968524,118.7545489956392,1400.743849997525,10513.834337349397,1.8516817900737892,0.0,400,410,490,490,500,590,1200,1300,1400,1400,1400
POST,checkout,180,2,200.0,219.89607912239282,95.13647700077854,1678.6293129989645,6786.261111111111,1.003923862088199,0.011154709578757766,200,200,210,280,290,310,890,1100,1700,1700,1700
GET,home,4062,0,390.0,371.8763583872376,22.300609009107575,1306.1609309952473,10535.478335795175,22.65521515445702,0.0,390,400,400,400,490,500,590,900,1300,1300,1300
GET,logout,792,0,400.0,421.0179303157598,199.80858000053558,1297.5619039934827,10499.0,4.417264993188075,0.0,400,410,490,490,500,510,700,1100,1300,1300,1300
POST,setCurrency,809,0,400.0,427.6749353610103,96.40559800027404,1303.374237002572,10513.718170580963,4.512080024607516,0.0,400,410,490,500,500,590,890,1000,1300,1300,1300
GET,viewCart,898,0,200.0,207.57318434196853,20.178228005534038,1006.1834609950893,16622.728285077952,5.008464600862237,0.0,200,200,210,280,290,300,310,590,1000,1000,1000
GET,viewProduct,4597,0,200.0,191.4397795547923,11.973257991485298,1095.37967700453,7986.083750271917,25.639099966774726,0.0,200,200,200,200,210,300,610,830,1000,1100,1100
,Aggregated,13084,2,290.0,293.92130947971776,11.973257991485298,1678.6293129989645,10670.48081626414,72.9741100642333,0.011154709578757766,290,310,390,400,410,500,600,900,1300,1400,1700
