Type,Name,Request Count,Failure Count,Median Response Time,Average Response Time,Min Response Time,Max Response Time,Average Content Size,Requests/s,Failures/s,50%,66%,75%,80%,90%,95%,98%,99%,99.9%,99.99%,100%
POST,addToCart,1436,0,290.0,276.96381625348477,17.381480007315986,998.4964530012803,16709.84679665738,8.009199662742436,0.0,290,300,300,310,390,400,400,490,910,1000,1000
POST,cartEmpty,335,0,400.0,420.27362757614367,200.69461000093725,798.5126809944632,10513.883582089553,1.8684414255004986,0.0,400,410,490,500,510,590,600,610,800,800,800
POST,checkout,183,1,200.0,199.38785621339437,97.71975400508381,1124.0691199927824,6798.928961748634,1.0206709876614664,0.0055774370910462645,200,200,200,210,290,300,400,870,1100,1100,1100
GET,home,4110,0,390.0,367.45669582509197,29.689129994949326,1189.318100005039,10535.525304136254,22.92326644420015,0.0,390,400,400,400,490,500,510,610,1100,1200,1200
GET,logout,802,0,400.0,412.0651160673585,194.80363400361966,988.5257809946779,10499.0,4.473104547019104,0.0,400,410,490,490,500,510,600,600,990,990,990
POST,setCurrency,818,0,400.0,430.09873260262174,55.88544400234241,1005.6885040103225,10513.575794621027,4.562343540475845,0.0,400,490,500,500,510,600,700,890,1000,1000,1000
GET,viewCart,911,0,200.0,208.7432071856502,16.753889998653904,1045.5675589910243,16603.849615806805,5.081045189943147,0.0,200,210,210,290,290,300,310,310,1000,1000,1000
GET,viewProduct,4649,0,200.0,188.80943267226303,12.662962995818816,1049.312959992676,7985.979135297914,25.929505036274083,0.0,200,200,200,200,210,290,310,660,940,1000,1000
,Aggregated,13244,1,290.0,289.60161609035316,12.662962995818816,1189.318100005039,10671.695182724252,73.86757683381673,0.0055774370910462645,290,310,390,400,410,500,590,640,1000,1200,1200
