Type,Name,Request Count,Failure Count,Median Response Time,Average Response Time,Min Response Time,Max Response Time,Average Content Size,Requests/s,Failures/s,50%,66%,75%,80%,90%,95%,98%,99%,99.9%,99.99%,100%
GET,home,3035,0,200.0,210.6427415121996,6.040833002771251,1091.315575002227,10553.86359143328,16.91783989462465,0.0,200.0,210.0,290.0,290.0,300.0,300.0,310.0,600.0,1000.0,1100.0,1100.0
GET,viewCart,614,0,110.0,136.1621487913206,5.4642140021314844,1035.0221230037278,16689.25570032573,3.42258770850067,0.0,110.0,190.0,190.0,190.0,200.0,200.0,210.0,280.0,1000.0,1000.0,1000.0
POST,addToCart,2042,0,200.0,197.807832627359,7.582885009469464,1049.4622379919747,16790.714495592558,11.38261254195174,0.0,200.0,200.0,210.0,210.0,290.0,300.0,300.0,390.0,980.0,1000.0,1000.0
POST,checkout,411,2,190.0,156.09321709468915,7.935882997117005,294.0015619969927,6797.03406326034,2.2910155508041945,0.0111484941644972,190.0,190.0,200.0,200.0,200.0,200.0,210.0,280.0,290.0,290.0,290.0
POST,cartEmpty,1012,0,290.0,259.4932946686665,7.85044499207288,1017.6247429917566,10510.852766798418,5.641138047235633,0.0,290.0,300.0,300.0,300.0,390.0,400.0,400.0,500.0,910.0,1000.0,1000.0
GET,logout,500,0,210.0,242.9225018535799,7.649072998901829,1094.080932001816,10497.0,2.7871235411243243,0.0,210.0,290.0,300.0,300.0,300.0,390.0,400.0,710.0,1100.0,1100.0,1100.0
GET,viewProduct,4269,4269,110.0,129.0421426609546,5.186048001633026,5.605430997093208,7994.7078111666015,23.796460794119483,0.0,105.55555555555556,134.44444444444446,190.0,190.0,198.88888888888889,200.0,211.11111111111111,395.55555555555554,782.2222222222222,782.2222222222222,782.2222222222222
POST,setCurrency,510,0,210.0,241.6310503448282,7.600858007208444,988.0162939953152,10511.798039215686,2.842866011946811,0.0,210.0,290.0,300.0,300.0,310.0,390.0,400.0,400.0,990.0,990.0,990.0
,Aggregated,12393,2,190.0,181.5125452705512,5.186048001633026,1094.080932001816,10872.0277576051,69.0816440903075,0.0111484941644972,190.0,200.0,210.0,210.0,300.0,300.0,390.0,400.0,910.0,1100.0,1100.0
