Type,Name,Request Count,Failure Count,Median Response Time,Average Response Time,Min Response Time,Max Response Time,Average Content Size,Requests/s,Failures/s,50%,66%,75%,80%,90%,95%,98%,99%,99.9%,99.99%,100%
POST,addToCart,1551,0,310.0,337.8079037291892,15.443397001945414,783.1055860006018,16713.703417150227,8.652088310437373,0.0,310,390,400,400,400,410,500,500,750,780,780
POST,cartEmpty,349,0,510.0,526.1461740744477,16.56245899721398,996.0304649976024,10512.272206303725,1.9468593296857788,0.0,510,590,600,600,610,700,710,790,1000,1000,1000
POST,checkout,191,0,210.0,226.94308567538928,91.46418300224468,404.52013900357997,6804.429319371728,1.0654731575071168,0.0,210,280,290,300,300,310,390,400,400,400,400
GET,home,4555,0,490.0,453.1574741165676,10.75410900011775,897.3652100030449,10535.063666300768,25.409582368821553,0.0,490,500,500,500,580,600,600,610,700,900,900
GET,logout,886,0,500.0,519.147529715597,13.754903000517515,898.0916559994512,10499.0,4.94245663639427,0.0,500,590,600,600,600,690,700,710,900,900,900
POST,setCurrency,910,0,500.0,512.060633256104,20.15584599939757,798.5971769994649,10513.502197802198,5.076338080269509,0.0,500,580,590,600,600,690,700,700,800,800,800
GET,viewCart,1004,0,290.0,252.73975771814952,9.878869001113344,665.3089379979065,16598.806772908367,5.600707068780865,0.0,290,290,300,300,310,310,390,400,410,670,670
GET,viewProduct,5129,0,200.0,217.19689751394938,8.082903001195518,659.7155680028663,7985.1758627412755,28.611580234837707,0.0,200,210,290,290,300,300,310,390,510,660,660
,Aggregated,14575,0,310.0,350.5136870730736,8.082903001195518,996.0304649976024,10659.977221269297,81.30508518673417,0.0,310,410,490,500,510,600,610,690,790,900,1000
