Type,Name,Request Count,Failure Count,Median Response Time,Average Response Time,Min Response Time,Max Response Time,Average Content Size,Requests/s,Failures/s,50%,66%,75%,80%,90%,95%,98%,99%,99.9%,99.99%,100%
POST,addToCart,1453,0,390.0,358.87858236328697,102.8216820122907,1196.6651120019378,16711.434962147283,8.102925643370597,0.0,390,390,400,400,490,490,510,600,1200,1200,1200
POST,cartEmpty,326,0,510.0,544.3501123682485,191.5612900047563,1210.5962150089908,10512.521472392638,1.8179998346447452,0.0,510,590,600,600,680,700,790,900,1200,1200,1200
POST,checkout,177,0,210.0,242.75787724912072,103.7027139973361,909.5706810039701,6807.079096045198,0.9870735298531285,0.0,210,290,300,300,300,390,400,810,910,910,910
GET,home,4270,0,500.0,491.581217492444,27.369030998670496,1405.3406109887874,10533.136768149883,23.812451821880558,0.0,500,500,510,580,600,610,790,990,1200,1400,1400
GET,logout,827,0,510.0,552.3623331911153,304.74545499600936,1395.46091700322,10497.0,4.611919825923939,0.0,510,590,600,600,690,700,800,1000,1400,1400,1400
POST,setCurrency,856,0,580.0,559.7817121692842,82.7664420066867,1405.1974070025608,10511.606308411216,4.773643737594791,0.0,580,600,600,600,690,700,1100,1100,1400,1400,1400
GET,viewCart,939,0,290.0,270.6540817665373,92.96886499214452,901.0131649993127,16606.117145899894,5.236508726169987,0.0,290,300,300,300,380,390,400,410,900,900,900
GET,viewProduct,4804,0,210.0,235.6873989029598,10.92551699548494,1096.8521850008983,7984.719400499584,26.790402471267964,0.0,210,290,290,300,300,310,400,650,1000,1100,1100
,Aggregated,13652,0,390.0,378.2077279553396,10.92551699548494,1405.3406109887874,10659.30515675359,76.13292559070571,0.0,390,490,500,500,590,600,700,890,1200,1400,1400
