Type,Name,Request Count,Failure Count,Median Response Time,Average Response Time,Min Response Time,Max Response Time,Average Content Size,Requests/s,Failures/s,50%,66%,75%,80%,90%,95%,98%,99%,99.9%,99.99%,100%
POST,addToCart,1676,0,490.0,457.97016075951217,99.04392500175163,797.2685009954148,16721.767899761337,9.347676098589686,0.0,490,500,500,510,590,600,690,700,790,800,800
POST,cartEmpty,391,0,790.0,754.4204633016742,311.3892909968854,1006.2600169985672,10513.358056265984,2.180752598179336,0.0,790,800,810,810,900,910,1000,1000,1000,1000,1000
POST,checkout,210,1,300.0,287.00216259970887,98.34579699963797,589.9085959972581,6800.419047619048,1.1712481985106407,0.005577372373860194,300,300,310,390,400,410,500,500,590,590,590
GET,home,4849,0,690.0,662.4412637520651,14.212727000995073,1002.2742910005036,10535.645081460096,27.04467864084808,0.0,690,700,710,710,800,800,880,900,990,1000,1000
GET,logout,931,0,710.0,736.5880535359552,300.486861000536,1006.4804959984031,10499.0,5.192533680063841,0.0,710,800,800,800,890,900,900,910,1000,1000,1000
POST,setCurrency,966,0,710.0,727.2997747080966,30.286077002529055,1095.0190540024778,10513.973084886129,5.387741713148947,0.0,710,800,800,800,890,900,910,990,1100,1100,1100
GET,viewCart,1061,0,390.0,360.1178563120169,103.53936899628025,694.4836940019741,16609.64467483506,5.917592088665666,0.0,390,400,400,410,490,500,500,510,600,690,690
GET,viewProduct,5470,0,300.0,299.5958646925291,12.926133000291884,589.7626529986155,7985.5115173674585,30.50822688501526,0.0,300,310,310,390,400,400,420,490,510,590,590
,Aggregated,15554,1,490.0,497.89083311616076,12.926133000291884,1095.0190540024778,10665.197698341262,86.75044990302146,0.005577372373860194,490,610,690,700,790,800,890,900,1000,1000,1100
