Type,Name,Request Count,Failure Count,Median Response Time,Average Response Time,Min Response Time,Max Response Time,Average Content Size,Requests/s,Failures/s,50%,66%,75%,80%,90%,95%,98%,99%,99.9%,99.99%,100%
POST,addToCart,2570,0,400.0,416.0490687845324,92.6190729951486,1394.3825570022454,16998.25486381323,14.336236127235475,0.0,400,480,490,500,510,590,600,610,1200,1400,1400
POST,cartEmpty,785,0,600.0,589.1568599792663,100.51495498919394,1594.1791460063541,10511.371974522293,4.378967066101108,0.0,600,610,680,690,700,780,810,1100,1600,1600,1600
POST,checkout,586,4,290.0,276.1082651787972,93.89283000200521,1280.045951003558,6794.34300341297,3.2688849690894894,0.022313207980133035,290,300,300,310,390,400,400,410,1300,1300,1300
GET,home,3210,0,500.0,518.8486361331786,11.370811000233516,1513.3492720051436,10549.681619937695,17.90634940405676,0.0,500,580,590,600,610,690,710,800,1500,1500,1500
GET,logout,687,0,590.0,581.0970525254367,103.68889999517705,1402.494060996105,10496.970887918485,3.8322934705878486,0.0,590,600,610,690,700,710,800,810,1400,1400,1400
POST,setCurrency,712,0,590.0,581.2758766007412,22.257648000959307,1199.1789539897582,10511.668539325843,3.97175102046368,0.0,590,600,620,690,700,710,800,900,1200,1200,1200
GET,viewCart,1183,0,300.0,309.98631604323595,11.875754993525334,1091.672797992942,16994.827557058325,6.599131260124345,0.0,300,310,390,390,400,410,490,500,1100,1100,1100
GET,viewProduct,4976,0,290.0,257.6921362529909,7.8000000066822395,1063.2215179939521,7996.673231511254,27.757630727285495,0.0,290,300,300,300,310,390,400,410,1000,1100,1100
,Aggregated,14709,4,390.0,395.75156627513735,7.8000000066822395,1594.1791460063541,11175.128084846012,82.0512440449442,0.022313207980133035,390,490,500,510,600,690,700,790,1400,1500,1600
