Type,Name,Request Count,Failure Count,Median Response Time,Average Response Time,Min Response Time,Max Response Time,Average Content Size,Requests/s,Failures/s,50%,66%,75%,80%,90%,95%,98%,99%,99.9%,99.99%,100%
POST,addToCart,2566,0,400.0,411.295913592951,15.22084699536208,1199.4705200049793,17002.1773187841,14.313326340443082,0.0,400,410,490,490,500,590,600,610,1100,1200,1200
POST,cartEmpty,779,0,600.0,601.4445017731766,99.32493499945849,1489.2088649939978,10512.863928112965,4.345316141545269,0.0,600,610,690,700,710,790,800,1000,1500,1500,1500
POST,checkout,584,0,280.0,257.46350884884583,89.34794999368023,1008.6955389997456,6804.409246575343,3.2575925887836163,0.0,280,290,300,300,310,390,400,410,1000,1000,1000
GET,home,3197,0,510.0,523.194868510144,11.468391996459104,1511.7662029952044,10550.61182358461,17.833088195789763,0.0,510,590,600,600,610,690,710,890,1400,1500,1500
GET,logout,683,0,600.0,585.187663215219,98.11115999764297,1302.375427010702,10497.0,3.8098214694164554,0.0,600,600,610,680,700,710,800,900,1300,1300,1300
POST,setCurrency,709,0,600.0,587.6854315134494,21.07579899893608,1503.4969490079675,10512.417489421721,3.9548512764513424,0.0,600,610,690,690,700,710,810,1200,1500,1500,1500
GET,viewCart,1185,0,300.0,313.00757538220495,91.24166899709962,995.5134769988945,16988.489451476795,6.610012359090043,0.0,300,310,380,390,400,410,490,510,920,1000,1000
GET,viewProduct,4968,0,290.0,260.06189367308104,8.292077007354237,1111.7991539940704,7996.919685990338,27.711849282666105,0.0,290,300,300,300,310,390,410,610,1100,1100,1100
,Aggregated,14671,0,390.0,397.12200084999665,8.292077007354237,1511.7662029952044,11178.788153500102,81.83585765418567,0.0,390,490,500,520,600,690,710,800,1300,1500,1500
