Type,Name,Request Count,Failure Count,Median Response Time,Average Response Time,Min Response Time,Max Response Time,Average Content Size,Requests/s,Failures/s,50%,66%,75%,80%,90%,95%,98%,99%,99.9%,99.99%,100%
POST,addToCart,2238,0,310.0,332.34494056591166,104.51985998952296,608.0617459956557,16787.203306523683,12.481869492891816,0.0,310,390,390,400,400,480,500,500,590,610,610
POST,cartEmpty,1110,0,500.0,498.9150629568817,288.9677089988254,706.4408810110763,10514.513513513513,6.190739560817656,0.0,500,510,590,590,600,610,690,700,710,710,710
POST,checkout,452,2,200.0,221.86448146443323,97.92981299688108,405.00417999282945,6801.365044247787,2.5209137671077304,0.011154485695166949,200,220,290,290,300,310,380,400,410,410,410
GET,home,3289,0,410.0,428.17011974439816,92.72944999975152,769.0178289922187,10556.917908178777,18.343551725702046,0.0,410,490,490,500,500,590,600,600,690,770,770
GET,logout,534,0,490.0,482.159815206376,286.7196500010323,804.2568209930323,10499.0,2.978247680609575,0.0,490,500,510,580,600,600,690,700,800,800,800
POST,setCurrency,556,0,500.0,480.09481305387766,109.16009299398866,795.0156400038395,10514.026978417267,3.1009470232564116,0.0,500,500,510,590,600,610,680,700,800,800,800
GET,viewCart,656,0,210.0,245.76106022105682,95.7136530050775,410.55708499334287,16686.361280487807,3.658671308014759,0.0,220,290,300,300,300,310,390,390,410,410,410
GET,viewProduct,4646,0,200.0,207.2482196035277,11.473366990685463,414.2390259949025,7995.865475678002,25.91187026987282,0.0,200,210,210,290,300,300,310,310,400,410,410
,Aggregated,13481,2,300.0,330.43680049633247,11.473366990685463,804.2568209930323,10873.384763741562,75.18681082827281,0.011154485695166949,300,400,410,490,500,590,600,610,700,800,800
