Type,Name,Request Count,Failure Count,Median Response Time,Average Response Time,Min Response Time,Max Response Time,Average Content Size,Requests/s,Failures/s,50%,66%,75%,80%,90%,95%,98%,99%,99.9%,99.99%,100%
POST,addToCart,2288,0,290.0,267.95398657965575,95.22947799996473,1001.4305759978015,17000.140734265733,12.762246734121959,0.0,290,300,300,300,310,390,400,410,910,1000,1000
POST,cartEmpty,705,0,310.0,344.58673182022034,97.2393169940915,1109.7892969992245,10512.7304964539,3.93242305400174,0.0,310,390,400,400,410,480,500,500,1100,1100,1100
POST,checkout,526,3,200.0,194.15034622459353,11.194482998689637,1011.0942360042827,6797.138783269962,2.9339780516381775,0.01673371512341166,200,200,210,210,290,300,300,300,1000,1000,1000
GET,home,2800,0,300.0,288.820429081908,11.62438400206156,1194.7556450031698,10552.064642857144,15.618134115184215,0.0,300,300,300,310,390,400,410,500,1000,1200,1200
GET,logout,602,0,310.0,338.110407666012,17.863790009869263,1104.5626039995113,10499.0,3.3578988347646064,0.0,310,390,390,400,400,480,500,510,1100,1100,1100
POST,setCurrency,619,0,310.0,338.9066782435024,19.786884004133753,1111.2014770042151,10513.151857835219,3.4527232204639393,0.0,310,390,400,400,410,490,500,590,1100,1100,1100
GET,viewCart,1050,0,200.0,193.153565206601,9.40978700236883,1000.8176720002666,17003.390476190478,5.856800293194081,0.0,200,200,200,210,290,290,300,720,900,1000,1000
GET,viewProduct,4386,0,190.0,169.51436197289016,7.7699029934592545,888.05338399834,7998.197446420429,24.464691510427848,0.0,190,200,200,200,200,210,290,300,850,890,890
,Aggregated,12976,3,210.0,240.94170661981232,7.7699029934592545,1194.7556450031698,11189.16199136868,72.37889581379656,0.01673371512341166,210,290,300,300,390,400,410,500,1000,1100,1200
