Type,Name,Request Count,Failure Count,Median Response Time,Average Response Time,Min Response Time,Max Response Time,Average Content Size,Requests/s,Failures/s,50%,66%,75%,80%,90%,95%,98%,99%,99.9%,99.99%,100%
POST,addToCart,1564,0,400.0,376.63391260541124,7.8072299947962165,711.1082100018393,16705.384910485933,8.720738995100755,0.0,400,400,480,490,500,510,590,600,700,710,710
POST,cartEmpty,369,0,690.0,608.0963245392203,11.744407995138317,1000.2092789800372,10513.655826558266,2.057514507156124,0.0,690,700,700,710,790,810,890,910,1000,1000,1000
POST,checkout,191,4,220.0,245.93885266481098,9.041790006449446,589.5757029938977,6769.895287958115,1.065000734056422,0.02230368029437533,220,290,300,300,310,400,490,500,590,590,590
GET,home,4574,0,590.0,533.8355836102911,6.227846984984353,902.2083909949288,10535.031700918233,25.50425841661819,0.0,590,600,610,610,700,700,790,800,890,900,900
GET,logout,879,0,610.0,594.030436980799,7.818707992555574,902.2259949997533,10499.0,4.901233744688978,0.0,610,690,700,700,790,800,810,890,900,900,900
POST,setCurrency,912,0,610.0,586.4806001571101,7.902732992079109,900.1724040135741,10513.279605263158,5.085239107117575,0.0,610,690,700,700,780,800,800,810,900,900,900
GET,viewCart,995,0,300.0,286.9678486333973,5.881032004253939,590.7046329812147,16601.524623115576,5.548040473225863,0.0,300,310,320,390,400,410,490,500,590,590,590
GET,viewProduct,5150,0,290.0,247.68552578887926,5.209831986576319,508.5378240037244,7985.129708737864,28.715988379008238,0.0,290,300,300,300,310,390,400,410,510,510,510
,Aggregated,14634,4,390.0,404.55909471195105,5.209831986576319,1000.2092789800372,10656.396952302857,81.59801435697214,0.02230368029437533,390,500,590,600,690,700,790,800,900,1000,1000
