Type,Name,Request Count,Failure Count,Median Response Time,Average Response Time,Min Response Time,Max Response Time,Average Content Size,Requests/s,Failures/s,50%,66%,75%,80%,90%,95%,98%,99%,99.9%,99.99%,100%
GET,home,3446,0,400.0,391.36297868234703,92.6744150056038,698.5573240090162,10554.21329077191,19.21370407402274,0.0,400.0,400.0,410.0,480.0,500.0,500.0,590.0,590.0,610.0,700.0,700.0
GET,viewCart,689,0,210.0,235.5399628927041,97.3028570006136,408.3711419953033,16701.365747460088,3.841625683981912,0.0,210.0,290.0,290.0,300.0,300.0,310.0,320.0,390.0,410.0,410.0,410.0
POST,addToCart,2337,0,310.0,324.80607906462905,99.02924299240112,587.406667007599,16787.193410355158,13.030303662504686,0.0,310.0,390.0,390.0,400.0,400.0,410.0,490.0,490.0,510.0,590.0,590.0
POST,checkout,471,3,200.0,225.2749703485161,99.9616960179992,411.9518799998332,6795.157112526539,2.6261330873083897,0.0167269623395438,200.0,280.0,290.0,290.0,300.0,300.0,310.0,390.0,410.0,410.0,410.0
POST,cartEmpty,1162,0,490.0,466.1003012673638,115.08245099685156,699.8601589875761,10511.852839931153,6.478910079516664,0.0,490.0,500.0,500.0,510.0,590.0,600.0,610.0,610.0,700.0,700.0,700.0
GET,logout,561,0,410.0,447.7602337010175,209.9492760025896,796.102182008326,10497.0,3.127941957494706,0.0,410.0,490.0,500.0,500.0,580.0,590.0,600.0,610.0,800.0,800.0,800.0
GET,viewProduct,4872,4872,200.0,205.62031358468536,11.9557729922235,96.0720389848575,7995.288474504695,27.164586839419265,0.0,200.0,204.44444444444446,210.0,237.77777777777777,294.44444444444446,300.0,308.8888888888889,343.3333333333333,402.22222222222223,402.22222222222223,402.22222222222223
POST,setCurrency,584,0,420.0,443.7515206061095,39.34109400142916,703.4790430043358,10511.285958904107,3.256182002097876,0.0,420.0,500.0,500.0,500.0,580.0,600.0,600.0,610.0,700.0,700.0,700.0
,Aggregated,14122,3,300.0,313.67372963714325,11.9557729922235,796.102182008326,10869.883727517348,78.73938738634624,0.0167269623395438,300.0,390.0,400.0,400.0,490.0,500.0,590.0,600.0,620.0,700.0,800.0
