Type,Name,Request Count,Failure Count,Median Response Time,Average Response Time,Min Response Time,Max Response Time,Average Content Size,Requests/s,Failures/s,50%,66%,75%,80%,90%,95%,98%,99%,99.9%,99.99%,100%
POST,addToCart,2287,0,310.0,329.9641022290149,98.40976099803811,1190.231907996349,16788.408395277656,12.751648091369841,0.0,310,390,390,400,400,410,500,790,1200,1200,1200
POST,cartEmpty,1135,0,490.0,477.5384710333672,188.815130997682,1202.4897139999666,10513.459030837004,6.328430513207158,0.0,490,500,510,510,600,610,800,1100,1200,1200,1200
POST,checkout,460,3,200.0,231.92137392617715,94.48267900006613,1009.6756670027389,6796.393478260869,2.5648264635024605,0.016727129109798657,200,210,290,290,300,390,800,900,1000,1000,1000
GET,home,3363,0,400.0,401.19096025749934,95.92400200199336,1203.8358530044206,10556.337198929526,18.751111732084293,0.0,400,400,410,490,500,500,600,910,1200,1200,1200
GET,logout,546,0,410.0,446.5902988627172,205.41910799511243,1094.5985720027238,10499.0,3.044337497983355,0.0,410,490,500,500,510,590,690,1000,1100,1100,1100
POST,setCurrency,566,0,410.0,458.574240620168,31.357735999336,1302.0671429985669,10513.36925795053,3.1558516920486794,0.0,410,500,500,510,600,690,990,1100,1300,1300,1300
GET,viewCart,674,0,210.0,245.50513122847389,21.966337000776548,934.5809200021904,16687.70474777448,3.758028340001431,0.0,210,290,290,300,300,320,400,800,930,930,930
GET,viewProduct,4753,0,200.0,215.96001159519952,10.96439400134841,1018.6268739998923,7995.835472333263,26.501348219624337,0.0,200,210,210,290,300,300,530,800,990,1000,1000
,Aggregated,13784,3,300.0,322.6815739047206,10.96439400134841,1302.0671429985669,10874.195371445154,76.85558254982155,0.016727129109798657,300,390,400,410,500,510,610,890,1200,1200,1300
