Type,Name,Request Count,Failure Count,Median Response Time,Average Response Time,Min Response Time,Max Response Time,Average Content Size,Requests/s,Failures/s,50%,66%,75%,80%,90%,95%,98%,99%,99.9%,99.99%,100%
POST,addToCart,2286,0,300.0,332.9715047197008,105.61924800276756,1873.4028990002116,16797.745406824146,12.753019828608544,0.0,300,380,390,400,400,420,500,980,1200,1900,1900
POST,cartEmpty,1137,0,490.0,481.65581020417903,123.46476400853135,2117.115842003841,10512.896218117854,6.343037421315798,0.0,490,500,500,510,600,610,820,1100,2100,2100,2100
POST,checkout,462,3,200.0,223.80648521876927,102.93447000731248,905.6498409918277,6795.461038961039,2.577381960112488,0.016736246494236936,200,210,290,290,300,300,390,400,910,910,910
GET,home,3365,0,400.0,398.00707086630365,24.372412997763604,1217.2971209947718,10555.377711738485,18.77248981770243,0.0,400,400,410,480,500,500,590,890,1100,1200,1200
GET,logout,548,0,410.0,462.1739072681521,208.8119399995776,1203.114378004102,10497.0,3.0571543596139468,0.0,410,490,500,500,590,600,1000,1100,1200,1200,1200
POST,setCurrency,569,0,410.0,450.36743989462167,49.61946299590636,1112.8214630007278,10512.734622144113,3.1743080850736054,0.0,410,490,500,500,590,600,900,1100,1100,1100,1100
GET,viewCart,672,0,210.0,242.22663015591803,100.59425099461805,996.9420639972668,16699.76636904762,3.7489192147090735,0.0,210,290,290,290,300,310,400,820,1000,1000,1000
GET,viewProduct,4756,0,200.0,213.86371419170592,11.7344730097102,1089.9410790007096,7994.924936921783,26.532529442196953,0.0,200,200,210,210,300,300,500,810,990,1100,1100
,Aggregated,13795,3,300.0,321.92463938173915,11.7344730097102,2117.115842003841,10872.879014135557,76.95884012933284,0.016736246494236936,300,390,400,410,500,510,610,890,1200,2100,2100
