Type,Name,Request Count,Failure Count,Median Response Time,Average Response Time,Min Response Time,Max Response Time,Average Content Size,Requests/s,Failures/s,50%,66%,75%,80%,90%,95%,98%,99%,99.9%,99.99%,100%
POST,addToCart,1298,0,100.0,126.51759723664813,7.585796003695577,1078.596834995551,16744.81278890601,7.238091988028847,0.0,100,110,190,190,200,200,200,210,1000,1100,1100
POST,cartEmpty,350,0,110.0,149.19838814530522,8.060515014221892,628.518529003486,10513.388571428572,1.9517197194222622,0.0,110,190,200,200,200,210,290,300,630,630,630
POST,checkout,186,0,99,107.97716971466153,9.534830984193832,205.00396101851948,6804.978494623656,1.0371996223215452,0.0,99,100,110,110,190,190,200,200,210,210,210
GET,home,3329,0,100.0,130.50856255801804,6.172157009132206,1098.5978200042155,10537.296485431061,18.56364270273346,0.0,100,110,190,190,200,200,280,300,1000,1100,1100
GET,logout,652,0,110.0,150.3858854294704,7.770116004394367,946.3330639991909,10499.0,3.6357750201809,0.0,110,190,200,200,200,210,290,300,950,950,950
POST,setCurrency,657,0,190.0,161.26043258600407,7.5938740046694875,1097.0622230088338,10513.37595129376,3.663656730458361,0.0,190,190,200,200,200,210,300,810,1100,1100,1100
GET,viewCart,759,0,97,88.89416025910705,5.557383003178984,915.2508469996974,16637.123847167324,4.232443620118563,0.0,97,99,100,100,100,190,190,200,920,920,920
GET,viewProduct,3891,0,95,83.1350502735099,5.161773995496333,1004.532589984592,7987.6592135697765,21.697546937920063,0.0,95,98,99,100,100,110,190,190,980,1000,1000
,Aggregated,11122,0,100.0,113.82259352153424,5.161773995496333,1098.5978200042155,10719.20823592879,62.020076341184,0.0,100,100,110,190,190,200,210,300,1000,1100,1100
