Type,Name,Request Count,Failure Count,Median Response Time,Average Response Time,Min Response Time,Max Response Time,Average Content Size,Requests/s,Failures/s,50%,66%,75%,80%,90%,95%,98%,99%,99.9%,99.99%,100%
POST,addToCart,2312,0,290.0,265.73869446588344,96.11038598814048,1136.5394470049068,16998.210640138408,12.92989691850744,0.0,290,300,300,300,310,390,400,400,1000,1100,1100
POST,cartEmpty,712,0,310.0,346.9834158595915,121.5981319983257,1118.8928310002666,10513.88202247191,3.981871369367343,0.0,310,390,400,400,410,490,500,500,1100,1100,1100
POST,checkout,531,6,200.0,193.91887739749947,18.912815998191945,304.2898330022581,6788.3483992467045,2.9696259791208695,0.03355509580927536,200,200,200,210,290,290,300,300,300,300,300
GET,home,2832,0,300.0,286.0683807638642,83.46124998934101,1136.3234360032948,10552.519420903955,15.838005221977971,0.0,300,300,300,310,390,400,400,480,1100,1100,1100
GET,logout,611,0,310.0,331.75141450442385,192.52762300311588,796.7109980090754,10499.0,3.4170272565778745,0.0,310,390,390,400,400,480,500,500,800,800,800
POST,setCurrency,625,0,310.0,334.9132118014619,29.416609002510086,1098.267298002611,10513.608,3.49532248013285,0.0,310,390,400,400,410,490,500,510,1100,1100,1100
GET,viewCart,1061,0,200.0,191.66832344107448,14.103681009146385,889.3054240033962,16999.59754948162,5.933659442273527,0.0,200,200,210,210,290,290,300,310,770,890,890
GET,viewProduct,4435,0,190.0,166.79319098315597,11.265557986916974,1011.2897579965647,7997.691319052988,24.802808319022706,0.0,190,200,200,200,200,210,290,300,1000,1000,1000
,Aggregated,13119,6,210.0,238.55975278130006,11.265557986916974,1136.5394470049068,11187.386462382803,73.36821698698058,0.03355509580927536,210,290,300,300,390,400,410,490,1000,1100,1100
