Type,Name,Request Count,Failure Count,Median Response Time,Average Response Time,Min Response Time,Max Response Time,Average Content Size,Requests/s,Failures/s,50%,66%,75%,80%,90%,95%,98%,99%,99.9%,99.99%,100%
POST,addToCart,2245,0,210.0,232.0877864082963,7.813420990714803,1025.7724660041276,16998.492204899776,12.520566594339156,0.0,210,290,290,300,300,310,390,400,920,1000,1000
POST,cartEmpty,708,0,300.0,294.6305499977095,7.858577009756118,814.1986830160022,10513.7697740113,3.9485795762993865,0.0,300,310,390,390,400,400,410,490,810,810,810
POST,checkout,511,3,190.0,177.11072466127737,8.307798008900136,889.4551949924789,6797.332681017612,2.8498928862838793,0.016731269391099094,190,200,200,200,210,290,290,290,890,890,890
GET,home,2804,0,220.0,242.1513797109606,6.214035005541518,1193.6089670052752,10552.44329529244,15.63815979088062,0.0,220,290,300,300,300,310,390,400,1100,1200,1200
GET,logout,596,0,300.0,288.0223474337664,7.51348800258711,1198.4474520140793,10499.0,3.3239455190316867,0.0,300,300,310,310,390,400,410,500,1200,1200,1200
POST,setCurrency,610,0,300.0,288.9857211669327,7.591957983095199,502.4320219818037,10513.678688524591,3.4020247761901494,0.0,300,300,310,390,400,400,410,410,500,500,500
GET,viewCart,1018,0,190.0,161.2756537803399,5.555680021643639,1024.4494290091097,16994.08742632613,5.677477413379626,0.0,190,200,200,200,200,210,290,300,310,1000,1000
GET,viewProduct,4351,0,110.0,143.93213444179878,5.2420639840420336,1022.0649239781778,7997.5890599862105,24.26591770689072,0.0,110,190,190,200,200,200,210,290,820,1000,1000
,Aggregated,12843,3,200.0,205.3649069830607,5.2420639840420336,1198.4474520140793,11168.425679358405,71.62656426329522,0.016731269391099094,200,210,290,290,300,310,400,400,920,1200,1200
