Type,Name,Request Count,Failure Count,Median Response Time,Average Response Time,Min Response Time,Max Response Time,Average Content Size,Requests/s,Failures/s,50%,66%,75%,80%,90%,95%,98%,99%,99.9%,99.99%,100%
POST,addToCart,1756,0,11,37.38233278190633,7.3473210068186745,194.58098099858034,16981.927676537587,9.794426850854926,0.0,11,69,83,85,90,93,96,98,110,190,190
POST,cartEmpty,616,0,11,39.13377389644311,7.533330004662275,616.1935399868526,10512.39935064935,3.4358581663591314,0.0,11,71,84,86,90,93,96,99,620,620,620
POST,checkout,413,1,11,35.0597674579142,5.584875005297363,98.3101909951074,6802.854721549636,2.3035867251725994,0.005577691828505083,11,58,80,82,89,92,95,97,98,98,98
GET,home,1959,0,9,32.03616586925401,5.904532998101786,996.6375490039354,10556.728943338438,10.926698292041458,0.0,9,11,73,81,86,89,94,96,620,1000,1000
GET,logout,413,0,13,42.47555152793414,7.511632997193374,186.08708601095714,10499.0,2.3035867251725994,0.0,13,79,85,88,92,95,98,100,190,190,190
POST,setCurrency,414,0,11,41.040024281044126,7.144593997509219,999.986712995451,10512.985507246376,2.3091644170011043,0.0,11,68,81,84,92,95,99,100,1000,1000,1000
GET,viewCart,727,0,7,28.406337460888416,5.414487997768447,98.84388899081387,17005.101788170563,4.054981959323196,0.0,7,9,71,80,86,89,91,93,99,99,99
GET,viewProduct,3201,0,7,25.64805494588119,4.919487997540273,992.6157760055503,7999.342080599812,17.85419154304477,0.0,7,7,55,73,83,87,90,92,100,990,990
,Aggregated,9499,1,9,32.032015794551455,4.919487997540273,999.986712995451,11205.724813138226,52.982494678969786,0.005577691828505083,9,12,76,81,87,91,95,97,200,1000,1000
