Type,Name,Request Count,Failure Count,Median Response Time,Average Response Time,Min Response Time,Max Response Time,Average Content Size,Requests/s,Failures/s,50%,66%,75%,80%,90%,95%,98%,99%,99.9%,99.99%,100%
POST,addToCart,2421,0,400.0,412.23283042662734,12.121783001930453,1200.9094989916775,17008.730276745147,13.499973371400499,0.0,400,410,480,490,500,590,900,1000,1200,1200,1200
POST,cartEmpty,752,0,590.0,580.218509731299,99.7927529970184,1300.5411920021288,10511.75664893617,4.193300278931505,0.0,590,600,610,620,700,790,1100,1200,1300,1300,1300
POST,checkout,551,6,290.0,277.9035539125287,94.89723399747163,1107.3583680117736,6787.150635208712,3.0724846458660364,0.03345718307658116,290,300,300,300,310,480,900,1000,1100,1100,1100
GET,home,2961,0,500.0,502.76902480204296,12.068167998222634,1306.7086429946357,10551.082066869301,16.511119848292804,0.0,500,510,590,590,600,690,900,1000,1300,1300,1300
GET,logout,623,0,590.0,564.9588312517386,102.2146250033984,1312.3458449990721,10496.97592295345,3.4739708427850102,0.0,590,600,600,610,700,700,900,1100,1300,1300,1300
POST,setCurrency,653,0,590.0,577.6141901228159,22.206123001524247,1308.7575559911784,10511.970903522206,3.6412567581679163,0.0,590,600,610,690,700,790,1000,1200,1300,1300,1300
GET,viewCart,1098,0,300.0,311.3323553479726,11.922402001800947,1197.6977790036472,17015.93169398907,6.122664503014352,0.0,300,310,320,390,400,490,730,860,1000,1200,1200
GET,viewProduct,4643,0,210.0,262.4732656194361,7.8749370004516095,1199.530933998176,7996.599181563644,25.890283504094388,0.0,210,290,300,300,310,400,710,890,1100,1200,1200
,Aggregated,13702,6,390.0,391.6086453721057,7.8749370004516095,1312.3458449990721,11186.694424171654,76.4050537525525,0.03345718307658116,390,490,500,510,600,690,810,1000,1200,1300,1300
