Type,Name,Request Count,Failure Count,Median Response Time,Average Response Time,Min Response Time,Max Response Time,Average Content Size,Requests/s,Failures/s,50%,66%,75%,80%,90%,95%,98%,99%,99.9%,99.99%,100%
POST,addToCart,2537,0,400.0,387.44628529907925,14.452941999479663,1201.0296679982275,17014.374063854946,14.150961340389282,0.0,400,400,410,470,500,500,520,600,1200,1200,1200
POST,cartEmpty,792,0,580.0,555.2618366678188,101.25552200042875,1397.124533999886,10513.88383838384,4.417643429873201,0.0,590,600,600,600,690,700,780,990,1400,1400,1400
POST,checkout,582,4,280.0,251.3884394502196,97.41992999988724,814.9834729993017,6795.783505154639,3.2462985810431855,0.022311330453905057,280,290,300,300,310,390,400,410,810,810,810
GET,home,3097,0,500.0,486.30997968714775,11.612234000494936,1297.6492939997115,10552.864707781724,17.27454760393599,0.0,500,500,510,520,600,600,700,800,1200,1300,1300
GET,logout,660,0,580.0,551.6566325650774,190.42589499804308,1100.720394999371,10499.0,3.681369524894334,0.0,580,600,600,600,690,700,710,800,1100,1100,1100
POST,setCurrency,686,0,590.0,558.0069171136906,20.9194960007153,1299.3335180035501,10513.685131195336,3.826393172844717,0.0,590,600,600,610,700,700,820,1100,1300,1300,1300
GET,viewCart,1150,0,300.0,297.02894243828706,92.04301100180601,1000.6822560026194,17007.62956521739,6.414507505497704,0.0,300,300,310,380,400,400,410,500,1000,1000,1000
GET,viewProduct,4863,0,210.0,240.5735778910023,7.149874996684957,1056.2201469983847,7997.77832613613,27.12499999933507,0.0,210,290,290,300,300,310,390,560,960,1100,1100
,Aggregated,14367,4,380.0,371.23320073896605,7.149874996684957,1397.124533999886,11186.99303960465,80.13672115781348,0.022311330453905057,380,410,500,500,590,600,700,710,1200,1400,1400
