{"RES_TIME": {"precision": 0.09090909090909091, "recall": 0.3333333333333333, "mhd_pos": 12.333333333333334, "mhd_false": 5.6, "true_positive": 1, "true_negative": 0, "false_positive": 10, "false_negative": 2}, "CPU": {"precision": 0.7692307692307693, "recall": 1, "mhd_pos": 0.0, "mhd_false": 5.444444444444444, "true_positive": 10, "true_negative": 0, "false_positive": 3, "false_negative": 0}, "MEM": {"precision": 0.07692307692307693, "recall": 1, "mhd_pos": 1.3333333333333333, "mhd_false": 0.7777777777777777, "true_positive": 1, "true_negative": 0, "false_positive": 12, "false_negative": 0}}