Type,Name,Request Count,Failure Count,Median Response Time,Average Response Time,Min Response Time,Max Response Time,Average Content Size,Requests/s,Failures/s,50%,66%,75%,80%,90%,95%,98%,99%,99.9%,99.99%,100%
POST,addToCart,2580,0,490.0,487.9277030786533,108.27523999978439,1497.876161000022,16996.829069767442,14.387474985879072,0.0,490,500,520,590,600,680,700,900,1400,1500,1500
POST,cartEmpty,799,0,700.0,730.8494028135586,309.67136999970535,1609.6537490011542,10513.583229036296,4.455656013068752,0.0,700,790,800,800,890,910,1200,1300,1600,1600,1600
POST,checkout,587,4,300.0,307.30345477854166,107.11654300030204,1086.6706550004892,6796.611584327087,3.273429386322099,0.022306162768804764,300,310,380,390,400,410,500,810,1100,1100,1100
GET,home,3173,0,610.0,633.2632926794654,30.297638000774896,1596.1336629989091,10552.57358966278,17.69436361635438,0.0,610,690,700,700,780,800,890,1000,1500,1600,1600
GET,logout,666,0,700.0,706.3578215855663,306.8255689977377,1501.9470760016702,10499.0,3.713976101005993,0.0,700,710,790,800,810,890,900,1300,1500,1500,1500
POST,setCurrency,706,0,700.0,709.5749526912339,128.35277300109738,1508.9301980005985,10514.287535410765,3.937037728694041,0.0,700,780,800,800,810,900,990,1300,1500,1500,1500
GET,viewCart,1169,0,390.0,377.6983204182757,150.07432200218318,1197.0011589983187,16989.529512403766,6.518976069183192,0.0,390,400,400,410,500,510,600,790,1200,1200,1200
GET,viewProduct,4963,0,300.0,308.3138354021983,11.208129999431549,1202.2376070017344,7997.066693532138,27.67637145539451,0.0,300,300,310,380,400,410,610,800,1100,1200,1200
,Aggregated,14643,4,420.0,476.37907736556787,11.208129999431549,1609.6537490011542,11178.769514443762,81.65728535590203,0.022306162768804764,420,590,610,690,710,800,890,990,1400,1600,1600
