Type,Name,Request Count,Failure Count,Median Response Time,Average Response Time,Min Response Time,Max Response Time,Average Content Size,Requests/s,Failures/s,50%,66%,75%,80%,90%,95%,98%,99%,99.9%,99.99%,100%
GET,home,4700,0,590.0,580.0983137743012,11.523269000463188,1300.6312230136243,10533.642340425533,26.195893646187915,0.0,590.0,600.0,610.0,690.0,700.0,790.0,810.0,900.0,1200.0,1300.0,1300.0
GET,viewCart,1026,0,300.0,319.00149099697285,8.856810978613794,958.888580003986,16604.57797270955,5.718507847018894,0.0,300.0,310.0,390.0,390.0,400.0,480.0,500.0,590.0,960.0,960.0,960.0
POST,addToCart,1613,0,400.0,405.1975837800389,11.244733992498368,1192.4961089971475,16708.43645381277,8.99020775559598,0.0,400.0,410.0,490.0,490.0,500.0,590.0,600.0,800.0,1100.0,1200.0,1200.0
POST,checkout,201,0,290.0,269.3978738271694,94.41943300771528,608.907037996687,6803.950248756219,1.1202924729539938,0.0,290.0,300.0,300.0,310.0,390.0,400.0,500.0,500.0,610.0,610.0,610.0
POST,cartEmpty,381,0,610.0,645.169287306908,96.18311398662628,1303.088293003384,10511.086614173228,2.123539463659063,0.0,610.0,700.0,700.0,710.0,800.0,870.0,1100.0,1200.0,1300.0,1300.0,1300.0
GET,logout,905,0,610.0,642.2922668297446,97.5309679924976,1200.8118349767756,10497.0,5.044102925489376,0.0,610.0,690.0,700.0,700.0,790.0,800.0,900.0,920.0,1200.0,1200.0,1200.0
GET,viewProduct,5298,5298,290.0,274.07499878527534,6.739247997757047,92.33081998536365,7985.065159297421,29.52890309308587,0.0,291.1111111111111,300.0,300.0,306.6666666666667,364.44444444444446,400.0,444.44444444444446,586.6666666666666,872.2222222222222,872.2222222222222,872.2222222222222
POST,setCurrency,933,0,690.0,645.8109050295338,27.51797199016437,1100.0077800126746,10511.921757770631,5.200163568487942,0.0,690.0,700.0,700.0,710.0,800.0,810.0,900.0,900.0,1100.0,1100.0,1100.0
,Aggregated,15057,0,400.0,441.2203991638759,6.739247997757047,1303.088293003384,10658.025303845388,83.92161077247904,0.0,400.0,510.0,600.0,600.0,700.0,710.0,800.0,890.0,1200.0,1300.0,1300.0
