Type,Name,Request Count,Failure Count,Median Response Time,Average Response Time,Min Response Time,Max Response Time,Average Content Size,Requests/s,Failures/s,50%,66%,75%,80%,90%,95%,98%,99%,99.9%,99.99%,100%
POST,addToCart,1586,0,400.0,417.60802923839304,12.350329998298548,1303.481439997995,16703.09394703657,8.844756167185277,0.0,400,410,490,490,510,590,1000,1100,1300,1300,1300
POST,cartEmpty,373,0,680.0,655.7206554021178,99.74710199821857,1509.913907997543,10513.243967828419,2.080134962396033,0.0,680,700,710,710,800,890,1100,1200,1500,1500,1500
POST,checkout,195,0,280.0,281.9816466513238,91.45074199841474,1097.942870001134,6807.220512820513,1.0874700205555667,0.0,280,300,300,300,390,500,990,1100,1100,1100,1100
GET,home,4617,0,600.0,586.4719629036291,12.523372999567073,1401.7082419995859,10534.296296296296,25.747944025154112,0.0,600,600,620,690,700,790,900,1200,1400,1400,1400
GET,logout,887,0,610.0,649.656296122845,99.98395399816218,1393.087005999405,10499.0,4.946594401193783,0.0,610,700,700,710,800,810,1000,1200,1400,1400,1400
POST,setCurrency,918,0,690.0,658.969395189578,19.27596099994844,1497.5017990000197,10514.119825708061,5.119474250615438,0.0,690,700,710,710,800,900,1100,1300,1500,1500,1500
GET,viewCart,1006,0,300.0,328.0808848538665,8.998344997962704,1133.4062049973,16599.99105367793,5.6102299521994885,0.0,300,310,390,390,400,490,800,930,1100,1100,1100
GET,viewProduct,5199,0,290.0,282.74415059145633,7.856812000682112,1209.8534179967828,7985.752837084055,28.993623778812267,0.0,290,300,300,300,390,400,810,920,1100,1200,1200
,Aggregated,14781,0,410.0,449.9596009196353,7.856812000682112,1509.913907997543,10659.555916379135,82.43022755811197,0.0,410,580,600,610,700,790,900,1000,1400,1500,1500
