Type,Name,Request Count,Failure Count,Median Response Time,Average Response Time,Min Response Time,Max Response Time,Average Content Size,Requests/s,Failures/s,50%,66%,75%,80%,90%,95%,98%,99%,99.9%,99.99%,100%
GET,home,4690,0,590.0,579.7960955965842,13.094216003082693,1514.5779130107258,10533.486140724946,26.1394200281005,0.0,590.0,600.0,610.0,690.0,700.0,710.0,800.0,1000.0,1300.0,1500.0,1500.0
GET,viewCart,1022,0,300.0,312.5890217978157,11.582737002754584,1196.4383620070294,16610.227984344423,5.696052722541302,0.0,300.0,310.0,390.0,390.0,400.0,410.0,490.0,510.0,1100.0,1200.0,1200.0
POST,addToCart,1611,0,400.0,413.3739947554883,11.979626986430958,1300.9143699891863,16709.669770328986,8.978807178095929,0.0,400.0,410.0,490.0,500.0,510.0,590.0,610.0,690.0,1200.0,1300.0,1300.0
POST,checkout,198,4,280.0,269.29890331218365,13.305355998454615,1103.4471099846996,6771.383838383838,1.1035405470285498,0.0222937484248191,290.0,290.0,300.0,300.0,390.0,400.0,810.0,1000.0,1100.0,1100.0,1100.0
POST,cartEmpty,376,0,690.0,666.3909031915264,101.59228500560856,1411.4768650033511,10512.34840425532,2.095612351933004,0.0,690.0,700.0,710.0,790.0,800.0,880.0,1100.0,1200.0,1400.0,1400.0,1400.0
GET,logout,901,0,610.0,639.0400179448619,19.188304984709248,1602.257391990861,10497.0,5.0216668326905225,0.0,610.0,700.0,700.0,700.0,790.0,800.0,890.0,900.0,1600.0,1600.0,1600.0
GET,viewProduct,5284,5284,290.0,274.9966875614767,7.822687999578193,10.598897992167622,7984.976604253014,29.45004166918615,0.0,290.0,300.0,300.0,303.3333333333333,377.77777777777777,400.0,525.5555555555555,797.7777777777778,1065.5555555555557,1065.5555555555557,1065.5555555555557
POST,setCurrency,934,0,680.0,647.7581892576122,26.635324000380933,1304.5038020063655,10511.6852248394,5.20559025719528,0.0,690.0,700.0,700.0,710.0,800.0,800.0,890.0,990.0,1300.0,1300.0,1300.0
,Aggregated,15016,4,400.0,442.3272296643445,7.822687999578193,1602.257391990861,10659.007125732553,83.69073158677124,0.0222937484248191,400.0,520.0,600.0,600.0,700.0,710.0,800.0,900.0,1300.0,1600.0,1600.0
