Type,Name,Request Count,Failure Count,Median Response Time,Average Response Time,Min Response Time,Max Response Time,Average Content Size,Requests/s,Failures/s,50%,66%,75%,80%,90%,95%,98%,99%,99.9%,99.99%,100%
POST,addToCart,1581,0,400.0,421.08355315808,63.586804000806296,1196.4256789979117,16703.78937381404,8.814804464934973,0.0,400,480,490,500,510,590,610,990,1200,1200,1200
POST,cartEmpty,372,0,690.0,668.7075521047968,17.829718999564648,1498.735878001753,10514.048387096775,2.074071638808229,0.0,690,700,710,790,800,890,910,1100,1500,1500,1500
POST,checkout,195,0,290.0,283.2144008357248,92.62544100056402,1188.3760079981585,6806.092307692307,1.0872149719559265,0.0,290,300,310,380,400,480,510,810,1200,1200,1200
GET,home,4610,0,600.0,593.1883617646826,12.152055998740252,1395.991524001147,10535.658351409978,25.702877029317033,0.0,600,610,690,690,700,790,810,910,1300,1400,1400
GET,logout,886,0,690.0,664.8524973058946,93.29879899814841,1396.7431469973235,10499.0,4.939858795656158,0.0,690,700,700,710,800,810,900,1100,1400,1400,1400
POST,setCurrency,918,0,690.0,666.8843799693651,21.415578998130513,1496.1065339994093,10514.030501089324,5.118273560284823,0.0,690,700,710,780,800,890,900,1200,1500,1500,1500
GET,viewCart,1000,0,300.0,318.2783299628972,9.007952001411468,1089.4859100008034,16601.426,5.575461394645777,0.0,300,310,390,390,400,410,500,600,1100,1100,1100
GET,viewProduct,5197,0,290.0,274.9415978481625,6.844119001470972,1041.8223320011748,7986.045795651337,28.9756728679741,0.0,290,300,300,300,380,400,490,670,1000,1000,1000
,Aggregated,14759,0,410.0,450.7572633802264,6.844119001470972,1498.735878001753,10656.23619486415,82.28823472357702,0.0,410,590,600,610,700,780,810,900,1300,1500,1500
