Type,Name,Request Count,Failure Count,Median Response Time,Average Response Time,Min Response Time,Max Response Time,Average Content Size,Requests/s,Failures/s,50%,66%,75%,80%,90%,95%,98%,99%,99.9%,99.99%,100%
POST,addToCart,1424,0,210.0,235.54837086874798,7.697107997955754,820.4736690022401,16694.191011235955,7.940866734924008,0.0,210,290,300,300,300,310,390,400,820,820,820
POST,cartEmpty,349,0,310.0,338.063554784908,9.22992800042266,810.9398649976356,10513.78223495702,1.9461815242194374,0.0,310,390,400,400,410,490,500,510,810,810,810
POST,checkout,176,0,190.0,194.13030047131872,11.294604999420699,1042.0855759948608,6805.738636363636,0.9814554391479111,0.0,190,200,200,200,290,300,310,1000,1000,1000,1000
GET,home,4134,0,300.0,281.51548298599295,6.365038003423251,1188.5598029984976,10536.253265602321,23.05304991725832,0.0,300,300,300,310,390,400,410,500,1000,1200,1200
GET,logout,799,0,310.0,329.5623606008188,8.285041993076447,1190.093124001578,10499.0,4.455584635677164,0.0,310,390,400,400,400,490,500,600,1200,1200,1200
POST,setCurrency,816,0,310.0,332.22346616059224,7.63435000408208,1212.9387610038975,10514.226715686274,4.550384308776678,0.0,310,390,400,400,410,490,500,900,1200,1200,1200
GET,viewCart,893,0,190.0,166.53951770658566,5.753980003646575,629.6549809994758,16586.919372900335,4.97977106340389,0.0,190,200,200,200,210,290,300,300,630,630,630
GET,viewProduct,4662,0,190.0,157.295003731737,5.297573006828316,1036.004289999255,7985.753753753754,25.997416234702055,0.0,190,190,200,200,200,210,290,300,940,1000,1000
,Aggregated,13253,0,200.0,231.4797231947869,5.297573006828316,1212.9387610038975,10654.68437334943,73.90470985810946,0.0,200,290,300,300,390,400,410,500,1000,1200,1200
