Type,Name,Request Count,Failure Count,Median Response Time,Average Response Time,Min Response Time,Max Response Time,Average Content Size,Requests/s,Failures/s,50%,66%,75%,80%,90%,95%,98%,99%,99.9%,99.99%,100%
POST,addToCart,1611,0,400.0,430.3696178144003,100.0077329990745,1205.0332329999947,16726.103041589075,8.98553716849801,0.0,400,490,490,500,510,600,610,700,1200,1200,1200
POST,cartEmpty,378,0,700.0,698.8618392725109,311.5831300019636,1394.6969749995333,10514.484126984127,2.108338330038639,0.0,700,710,790,790,820,900,1000,1300,1400,1400,1400
POST,checkout,208,1,290.0,278.63540601466553,92.90962399973068,789.7581180004636,6799.7067307692305,1.1601438429842246,0.00557761462973185,290,300,300,310,390,400,490,680,790,790,790
GET,home,4579,0,600.0,620.5096564125315,28.675580000708578,1608.602473999781,10535.401834461672,25.539897389542137,0.0,600,690,700,700,710,800,810,890,1400,1600,1600
GET,logout,882,0,700.0,680.9533754626235,384.36308699965593,1605.4127650022565,10499.0,4.919456103423491,0.0,700,700,710,780,800,810,900,920,1600,1600,1600
POST,setCurrency,918,0,690.0,684.1621304171805,104.23863899995922,1503.4105619997717,10513.535947712418,5.120250230093838,0.0,690,700,710,790,800,890,910,1100,1500,1500,1500
GET,viewCart,1012,0,310.0,331.17191596155743,103.37783900104114,981.0001830010151,16617.433794466404,5.644546005288632,0.0,310,390,390,400,400,480,500,580,830,980,980
GET,viewProduct,5197,0,300.0,288.306430569554,8.486975002597319,1192.7584139993996,7986.046757744853,28.98686323071642,0.0,300,300,310,310,400,400,500,710,1000,1200,1200
,Aggregated,14785,1,430.0,467.96762409280484,8.486975002597319,1608.602473999781,10673.52336827866,82.46503230058539,0.00557761462973185,430,600,610,690,700,790,810,900,1400,1600,1600
