Type,Name,Request Count,Failure Count,Median Response Time,Average Response Time,Min Response Time,Max Response Time,Average Content Size,Requests/s,Failures/s,25%,50%,75%,80%,90%,95%,98%,99%,99.9%,99.99%,100%
POST,admin_create_user,30,30,3300.0,3209.268974534158,703.2507940020878,5505.986522999592,143.0,0.16762352531462907,0.16762352531462907,2300,3400,3800,3900,5100,5300,5500,5500,5500,5500,5500
POST,admin_login,30,0,1900.0,1994.1922549992644,562.0345849893056,3854.8984469962306,341.0,0.16762352531462907,0.0,960,2000,2800,3000,3200,3500,3900,3900,3900,3900,3900
POST,get_trip_information,411,0,31,35.355553139133406,25.27643198845908,165.72540400375146,337.0,2.2964422968104183,0.0,28,31,36,37,40,54,98,110,170,170,170
POST,login,30,0,1400.0,1475.8751149328116,219.86313999514095,2592.168529998162,64.0,0.16762352531462907,0.0,1000,1500,1800,2300,2400,2500,2600,2600,2600,2600,2600
,Aggregated,501,30,34,428.9645163157103,25.27643198845908,5505.986522999592,309.2754491017964,2.7993128727543057,0.16762352531462907,29,34,41,96,1900,3000,3800,3900,5500,5500,5500
