{"RES_TIME": {"precision": 0.875, "recall": 0.5833333333333334, "mhd_pos": 2.6666666666666665, "mhd_false": 1.6666666666666667, "true_positive": 7, "true_negative": 0, "false_positive": 1, "false_negative": 5}, "CPU": {"precision": 0.7692307692307693, "recall": 1.0, "mhd_pos": 0.06666666666666667, "mhd_false": 0.3333333333333333, "true_positive": 10, "true_negative": 0, "false_positive": 3, "false_negative": 0}, "MEM": {"precision": 0.45454545454545453, "recall": 1.0, "mhd_pos": 0.0, "mhd_false": 0.4444444444444444, "true_positive": 5, "true_negative": 2, "false_positive": 6, "false_negative": 0}}