Type,Name,Request Count,Failure Count,Median Response Time,Average Response Time,Min Response Time,Max Response Time,Average Content Size,Requests/s,Failures/s,50%,66%,75%,80%,90%,95%,98%,99%,99.9%,99.99%,100%
POST,addToCart,2497,0,390.0,372.90209859600185,14.94732199353166,1189.3467250047252,16996.466960352423,13.925584895191422,0.0,390,400,400,410,490,500,510,690,1100,1200,1200
POST,cartEmpty,788,0,510.0,537.8870471743488,16.45720298984088,1299.3210109998472,10514.5,4.39461790044487,0.0,510,590,600,600,610,700,1000,1200,1300,1300,1300
POST,checkout,568,4,210.0,241.37894071269253,93.67017698241398,902.3451890097931,6795.021126760564,3.1676941211328504,0.022307705078400356,210,290,290,300,300,380,400,410,900,900,900
GET,home,3083,0,490.0,452.74184902602536,76.33667800109833,1201.4807109953836,10553.227700291924,17.193663689177075,0.0,490,500,500,500,510,590,610,690,1100,1200,1200
GET,logout,652,0,500.0,516.9812888633285,106.37670598225668,1302.9392919852398,10499.0,3.636155927779258,0.0,500,590,590,600,600,680,700,700,1300,1300,1300
POST,setCurrency,675,0,500.0,513.702089375023,20.253866008715704,1201.9371270143893,10514.100740740741,3.76442523198006,0.0,500,530,590,600,600,690,710,1100,1200,1200,1200
GET,viewCart,1122,0,290.0,276.1370613957548,15.81862400053069,1094.741397013422,16995.83422459893,6.2573112744912995,0.0,290,300,300,310,380,400,400,420,900,1100,1100
GET,viewProduct,4807,0,210.0,230.97008586941743,7.578379998449236,1103.4393860027194,7997.991886831704,26.808284577967626,0.0,210,220,290,300,300,310,390,620,1000,1100,1100
,Aggregated,14192,4,310.0,351.7346102428843,7.578379998449236,1302.9392919852398,11173.817361894025,79.14773761816446,0.022307705078400356,310,400,490,490,510,600,610,710,1200,1300,1300
