{
  "RES_TIME": {
    "precision": 0.46153846153846156,
    "recall": 1,
    "mhd_pos": 7.333333333333333,
    "mhd_false": 1.9523809523809523
  },
  "CPU": {
    "precision": 0.7692307692307693,
    "recall": 1,
    "mhd_pos": 8.233333333333334,
    "mhd_false": 4.333333333333333
  },
  "MEM": {
    "precision": 0.7692307692307693,
    "recall": 1,
    "mhd_pos": 4.9,
    "mhd_false": 0.0
  }
}