{"RES_TIME": {"precision": 0.5384615384615384, "recall": 1.0, "mhd_pos": 6.714285714285715, "mhd_false": 2.2222222222222223, "true_positive": 7, "true_negative": 0, "false_positive": 6, "false_negative": 0}, "CPU": {"precision": 0.7692307692307693, "recall": 1.0, "mhd_pos": 9.066666666666668, "mhd_false": 4.333333333333333, "true_positive": 10, "true_negative": 0, "false_positive": 3, "false_negative": 0}, "MEM": {"precision": 0.8461538461538461, "recall": 1.0, "mhd_pos": 5.303030303030304, "mhd_false": -1, "true_positive": 11, "true_negative": 0, "false_positive": 2, "false_negative": 0}}