{"category": {"RES_TIME": 14.02595592386134, "CPU": 257.39437516603437, "MEM": 2431.120980552867}, "logout": {"RES_TIME": 10.491516871367171, "CPU": 257.39437516603437, "MEM": 2431.120980552867}, "buy": {"RES_TIME": 8.930368164708419, "CPU": 257.39437516603437, "MEM": 2431.120980552867}, "profile": {"RES_TIME": 8.010514001464015, "CPU": 257.39437516603437, "MEM": 2431.120980552867}, "home": {"RES_TIME": 7.59297331855533, "CPU": 257.39437516603437, "MEM": 2431.120980552867}, "addToCart": {"RES_TIME": 29.266700475091973, "CPU": 257.39437516603437, "MEM": 2431.120980552867}, "view_product": {"RES_TIME": 21.404278069757105, "CPU": 257.39437516603437, "MEM": 2431.120980552867}, "login_page": {"RES_TIME": 8.158239073660074, "CPU": 257.39437516603437, "MEM": 2431.120980552867}, "login": {"RES_TIME": 13.235763073478893, "CPU": 257.39437516603437, "MEM": 2431.120980552867}}