Type,Name,Request Count,Failure Count,Median Response Time,Average Response Time,Min Response Time,Max Response Time,Average Content Size,Requests/s,Failures/s,50%,66%,75%,80%,90%,95%,98%,99%,99.9%,99.99%,100%
POST,addToCart,2097,0,190.0,174.13919991700695,9.607695996237453,1195.500385001651,16987.93371483071,11.699422728233923,0.0,190,200,200,200,210,290,300,300,1000,1200,1200
POST,cartEmpty,684,0,200.0,209.86486782020467,9.680107999884058,1107.850858999882,10512.612573099415,3.816120718222224,0.0,200,210,210,290,290,300,300,390,1100,1100,1100
POST,checkout,483,0,110.0,140.25660459207435,10.219551004411187,1189.7900399999344,6805.358178053831,2.6947168229551672,0.0,110,190,190,190,200,200,200,210,1200,1200,1200
GET,home,2539,0,190.0,170.62527197750435,7.814969001628924,1097.7015390017186,10552.329657345412,14.16539547305004,0.0,190,200,200,200,200,290,300,390,1100,1100,1100
GET,logout,539,0,200.0,200.34325320778447,13.471243000822142,1207.4252459933632,10497.0,3.007147758949969,0.0,200,200,210,210,290,300,310,1000,1200,1200,1200
POST,setCurrency,547,0,200.0,207.34763180803674,19.631355004094075,1189.3754759948933,10512.036563071299,3.0517807498063694,0.0,200,200,210,280,300,300,390,400,1200,1200,1200
GET,viewCart,924,0,100.0,123.14490910824988,7.187677001638804,1181.079352994857,16986.613636363636,5.155110443914233,0.0,100,110,180,190,190,200,200,210,1200,1200,1200
GET,viewProduct,3993,0,100.0,109.17352968748973,6.14276099804556,1086.0684849976678,7996.681442524417,22.277441561200792,0.0,100,100,110,110,190,190,200,200,1000,1100,1100
,Aggregated,11806,0,110.0,150.83846734880566,6.14276099804556,1207.4252459933632,11174.658986955785,65.86713625633271,0.0,110,190,200,200,200,290,300,300,1100,1200,1200
