Type,Name,Request Count,Failure Count,Median Response Time,Average Response Time,Min Response Time,Max Response Time,Average Content Size,Requests/s,Failures/s,50%,66%,75%,80%,90%,95%,98%,99%,99.9%,99.99%,100%
POST,addToCart,2115,0,190.0,171.8127384226594,12.854101994889788,1189.3554080015747,16994.401418439717,11.799812489862745,0.0,190,200,200,200,200,290,290,300,1100,1200,1200
POST,cartEmpty,690,0,200.0,204.13253253165115,14.722795996931382,1194.7016820049612,10511.02463768116,3.8495842165509666,0.0,200,200,210,210,290,300,310,600,1200,1200,1200
POST,checkout,486,2,110.0,143.02394723882225,10.482450998097192,689.1428890012321,6798.888888888889,2.711446274266333,0.011158215120437584,110,190,190,190,200,200,200,210,690,690,690
GET,home,2560,0,190.0,169.7019555050673,10.398442005680408,1100.2689179949812,10551.2921875,14.282515354160108,0.0,190,200,200,200,200,210,300,310,1100,1100,1100
GET,logout,544,0,200.0,201.0030278015085,15.000824998423923,1188.7580159964273,10497.0,3.035034512759023,0.0,200,200,210,210,290,300,310,660,1200,1200,1200
POST,setCurrency,552,0,200.0,203.7315342680734,22.42496899998514,803.8304180008708,10510.916666666666,3.079667373240773,0.0,200,200,210,220,290,300,300,310,800,800,800
GET,viewCart,936,0,100.0,121.84484546160715,7.246352004585788,1097.389980997832,17012.82051282051,5.222044676364789,0.0,100,110,110,190,190,200,200,210,1100,1100,1100
GET,viewProduct,4026,0,100,107.30774575187388,7.268207002198324,1074.9467919958988,7997.341778440139,22.461487037440858,0.0,100,100,100,110,190,190,200,200,1000,1100,1100
,Aggregated,11909,2,110.0,149.13554853060026,7.246352004585788,1194.7016820049612,11180.20203207658,66.4415919346456,0.011158215120437584,110,190,200,200,200,210,300,300,1100,1200,1200
