Type,Name,Request Count,Failure Count,Median Response Time,Average Response Time,Min Response Time,Max Response Time,Average Content Size,Requests/s,Failures/s,50%,66%,75%,80%,90%,95%,98%,99%,99.9%,99.99%,100%
POST,addToCart,2727,0,510.0,537.4517597576254,104.60659700038377,1201.4221040008124,16999.365969930328,15.209894177001301,0.0,510,590,600,600,690,700,790,800,1200,1200,1200
POST,cartEmpty,837,0,800.0,810.5123092066478,303.6380209996423,1423.224427002424,10514.077658303464,4.668383361257825,0.0,800,890,900,900,930,1000,1100,1100,1400,1400,1400
POST,checkout,619,3,300.0,326.152454348977,98.06074100197293,810.3204699982598,6799.589660743134,3.4524842301297416,0.01673255685038647,300,390,390,400,410,480,500,510,810,810,810
GET,home,3384,0,700.0,710.5680038152752,108.20174000036786,1413.1074809993152,10552.825059101655,18.874324127235937,0.0,700,790,800,800,810,900,910,990,1400,1400,1400
GET,logout,712,0,800.0,784.4423619844903,285.03156499937177,1400.52464800101,10499.0,3.971193492491722,0.0,800,810,820,890,910,990,1000,1000,1400,1400,1400
POST,setCurrency,756,0,800.0,781.2631293451874,63.61703799848328,1110.389251000015,10514.445767195768,4.21660432629739,0.0,800,810,890,900,910,1000,1000,1100,1100,1100,1100
GET,viewCart,1242,0,400.0,421.5467669605917,115.31617299988284,713.7912389989651,16999.26892109501,6.927278536059998,0.0,400,490,490,500,520,600,610,690,710,710,710
GET,viewProduct,5288,0,300.0,327.74387341446715,10.342672001570463,899.0710430007312,7996.497163388804,29.493920208281217,0.0,300,380,390,400,410,490,500,590,790,900,900
,Aggregated,15565,3,500.0,524.0159858989133,10.342672001570463,1423.224427002424,11172.504850626405,86.81408245875514,0.01673255685038647,500,610,700,710,800,890,910,1000,1200,1400,1400
