Type,Name,Request Count,Failure Count,Median Response Time,Average Response Time,Min Response Time,Max Response Time,Average Content Size,Requests/s,Failures/s,50%,66%,75%,80%,90%,95%,98%,99%,99.9%,99.99%,100%
POST,addToCart,2079,0,200.0,222.157076957751,7.674081003642641,927.2705579933245,16790.280423280423,11.597564849712032,0.0,200,280,290,290,300,300,310,390,700,930,930
POST,cartEmpty,1048,0,300.0,294.3963184616501,7.901157994638197,908.6417990038171,10513.301526717558,5.846199116160755,0.0,300,300,310,390,400,400,410,490,890,910,910
POST,checkout,417,2,190.0,165.689149067135,8.019979002710897,312.6089139987016,6796.892086330935,2.3262070910677815,0.011156868542291518,190,200,200,200,200,210,290,290,310,310,310
GET,home,3064,0,220.0,241.63140894092,6.046978000085801,905.0524990016129,10556.361618798956,17.092322606790606,0.0,220,290,300,300,300,310,390,400,810,910,910
GET,logout,498,0,300.0,281.5301253090822,8.337032006238587,812.9305639959057,10499.0,2.778060267030588,0.0,300,300,300,310,390,400,400,410,810,810,810
POST,setCurrency,511,0,300.0,280.55041060078327,8.05156100250315,604.1739959982806,10513.191780821919,2.850579912555483,0.0,300,300,310,310,390,400,410,480,600,600,600
GET,viewCart,598,0,180.0,149.80063821245756,5.763834997196682,300.0617669968051,16675.648829431437,3.3359036941451636,0.0,180,190,200,200,200,210,210,290,300,300,300
GET,viewProduct,4318,0,110.0,143.83945058591303,5.237375997239724,885.1734609997948,7996.159564613247,24.08767918280739,0.0,110,190,190,200,200,200,210,290,730,890,890
,Aggregated,12533,2,200.0,205.384641219251,5.237375997239724,927.2705579933245,10867.639591478497,69.9145167202698,0.011156868542291518,200,210,290,290,300,310,400,400,800,910,930
