Type,Name,Request Count,Failure Count,Median Response Time,Average Response Time,Min Response Time,Max Response Time,Average Content Size,Requests/s,Failures/s,50%,66%,75%,80%,90%,95%,98%,99%,99.9%,99.99%,100%
GET,s0,15271,0,7,8.366565916827984,1.278976007597521,96.75824799342081,3070.0,85.22933982600465,0.0,7,9,10,11,13,21,48,64,79,95,97
GET,s1,10182,0,8,11.44079041324971,1.8199439946329221,88.9137030026177,10083.599980357494,56.82700138225259,0.0,8,9,10,11,23,45,60,66,80,88,89
GET,s2,10182,0,5,5.334957049763588,2.0042429969180375,49.068695996538736,10052.3009231978,56.82700138225259,0.0,5,5,6,6,7,7,8,9,24,47,49
GET,s3,10181,0,2,1.8239375321966957,0.978690994088538,10.887654003454372,3070.0,56.82142025856547,0.0,2,2,2,2,3,3,3,4,6,10,11
GET,s4,10181,0,6,9.387692023433566,1.7311150004388765,90.23253098712303,9969.313034083096,56.82142025856547,0.0,6,6,7,7,21,42,56,69,84,89,90
GET,s5,10181,0,2,2.6077512929864892,1.4845330006210133,16.49792501120828,9875.352322954523,56.82142025856547,0.0,2,3,3,3,3,4,4,5,8,15,16
GET,s6,10181,0,2,2.6090278181452273,1.59867899492383,14.380313994479366,9906.651409488262,56.82142025856547,0.0,2,3,3,3,3,4,4,5,6,14,14
GET,s7,10180,0,5,5.282487491745989,1.8258400086779147,19.437362003372982,9902.329666011789,56.81583913487835,0.0,5,6,6,6,7,7,8,9,14,19,19
GET,s8,10180,0,2,1.8851401757131343,1.0157779906876385,10.03360899630934,3070.0,56.81583913487835,0.0,2,2,2,2,3,3,4,4,5,10,10
GET,s9,10180,0,2,2.5373205308104163,1.4536639937432483,18.621613999130204,10059.77141453831,56.81583913487835,0.0,2,3,3,3,3,4,4,5,7,15,19
,Aggregated,106899,0,3,5.281906192564656,0.978690994088538,96.75824799342081,7675.7156568349565,596.6165410294068,0.0,3,5,6,6,9,12,31,49,77,86,97
