{
  "RES_TIME": {
    "precision": 0.2,
    "recall": 1,
    "mhd_pos": 0.3333333333333333,
    "mhd_false": 1.9583333333333333
  },
  "CPU": {
    "precision": 0.9,
    "recall": 1,
    "mhd_pos": 4.222222222222222,
    "mhd_false": 0.6666666666666666
  },
  "MEM": {
    "precision": 0,
    "recall": 0,
    "mhd_pos": -1,
    "mhd_false": 0.4333333333333333
  }
}