{"RES_TIME": {"precision": 0.2, "recall": 1, "mhd_pos": 1.3333333333333333, "mhd_false": 3.0416666666666665}, "CPU": {"precision": 0.9, "recall": 1, "mhd_pos": 3.962962962962963, "mhd_false": 0.3333333333333333}, "MEM": {"precision": 0, "recall": 0, "mhd_pos": -1, "mhd_false": 0.5333333333333333}}