{"RES_TIME": {"precision": 0.3076923076923077, "recall": 1.0, "mhd_pos": 6.25, "mhd_false": 3.703703703703704, "true_positive": 4, "true_negative": 0, "false_positive": 9, "false_negative": 0}, "CPU": {"precision": 0.8461538461538461, "recall": 1.0, "mhd_pos": 9.484848484848486, "mhd_false": 0.6666666666666666, "true_positive": 11, "true_negative": 0, "false_positive": 2, "false_negative": 0}, "MEM": {"precision": 0.7692307692307693, "recall": 1.0, "mhd_pos": 5.566666666666666, "mhd_false": 0.6666666666666666, "true_positive": 10, "true_negative": 0, "false_positive": 3, "false_negative": 0}}