{"RES_TIME": {"precision": 0.3076923076923077, "recall": 1.0, "mhd_pos": 6.249999999999999, "mhd_false": 3.703703703703704, "true_positive": 4, "true_negative": 0, "false_positive": 9, "false_negative": 0}, "CPU": {"precision": 0.9230769230769231, "recall": 1.0, "mhd_pos": 8.916666666666666, "mhd_false": 1.0, "true_positive": 12, "true_negative": 0, "false_positive": 1, "false_negative": 0}, "MEM": {"precision": 0.8461538461538461, "recall": 1.0, "mhd_pos": 5.181818181818182, "mhd_false": -1, "true_positive": 11, "true_negative": 0, "false_positive": 2, "false_negative": 0}}