{
  "cartEmpty": {
    "RES_TIME": 55.21134338587302,
    "CPU": 39.838180441981535,
    "MEM": 83.29590662638412
  },
  "addToCart": {
    "RES_TIME": 36.93356389766543,
    "CPU": 39.838180441981535,
    "MEM": 83.29590662638412
  },
  "home": {
    "RES_TIME": 103.38728874381677,
    "CPU": 79.40533863139208,
    "MEM": 26.30706848223142
  },
  "setCurrency": {
    "RES_TIME": 118.34450183210687,
    "CPU": 51.01000945422682,
    "MEM": 39.63024268209813
  },
  "viewProduct": {
    "RES_TIME": 16.90127680214202,
    "CPU": 29.295391718995358,
    "MEM": 26.43824854923182
  },
  "checkout": {
    "RES_TIME": 35.211061330277715,
    "CPU": 4.28032154705516,
    "MEM": 27.233378784896573
  },
  "viewCart": {
    "RES_TIME": 21.08793441512432,
    "CPU": 39.838180441981535,
    "MEM": 83.29590662638412
  },
  "logout": {
    "RES_TIME": 139.7856420889566,
    "CPU": 79.40533863139208,
    "MEM": 26.30706848223142
  }
}