Type,Name,Request Count,Failure Count,Median Response Time,Average Response Time,Min Response Time,Max Response Time,Average Content Size,Requests/s,Failures/s,50%,66%,75%,80%,90%,95%,98%,99%,99.9%,99.99%,100%
POST,addToCart,1628,0,92,73.83364703483635,7.308443979127333,1008.4512739849743,16998.074938574937,9.116040504991755,0.0,92,96,98,99,100,110,190,190,1000,1000,1000
POST,cartEmpty,501,0,93,77.85663925768425,7.790144998580217,751.3851170078851,10513.129740518962,2.8053662733420577,0.0,93,98,100,100,100,110,190,200,750,750,750
POST,checkout,367,2,88,78.04369809783549,8.277254004497081,932.3435069818515,6797.269754768392,2.0550287870589523,0.011199066959449331,88,93,95,96,100,100,640,730,930,930,930
GET,home,2135,0,87,66.97337493476014,5.7320680061820894,999.0672339918092,10550.07400468384,11.955003979212162,0.0,87,94,96,97,100,100,190,420,840,1000,1000
GET,logout,460,0,91,77.58536620448982,7.654076005565003,998.4680660127196,10499.0,2.5757854006733463,0.0,91,96,99,100,100,110,190,650,1000,1000,1000
POST,setCurrency,461,0,90,70.78146936598945,7.256434997543693,207.34664498013444,10513.060737527116,2.581384934153071,0.0,90,97,99,100,100,110,190,190,210,210,210
GET,viewCart,760,0,83,59.80386048115753,5.435781000414863,993.1251450034324,16987.311842105264,4.255645444590746,0.0,83,91,93,95,97,99,100,190,990,990,990
GET,viewProduct,3235,0,11,51.7299327771201,5.020735989091918,1001.789142988855,7996.742812982999,18.114490806909295,0.0,11,88,91,92,95,97,100,190,920,1000,1000
,Aggregated,9547,2,85,64.09912419188034,5.020735989091918,1008.4512739849743,11146.415732690897,53.45874613093138,0.011199066959449331,85,92,95,96,100,100,190,330,930,1000,1000
