Type,Name,Request Count,Failure Count,Median Response Time,Average Response Time,Min Response Time,Max Response Time,Average Content Size,Requests/s,Failures/s,50%,66%,75%,80%,90%,95%,98%,99%,99.9%,99.99%,100%
POST,addToCart,1559,0,390.0,368.97725015117385,7.8529290040023625,688.1696130149066,16713.49711353432,8.696131756039193,0.0,390,400,410,490,500,510,590,600,610,690,690
POST,cartEmpty,368,0,610.0,603.5971551192115,8.709154004463926,907.9393490101211,10511.660326086956,2.052711023875833,0.0,610,700,700,710,790,800,810,900,910,910,910
POST,checkout,193,0,210.0,248.7918458047499,9.152666985755786,505.42169201071374,6804.678756476684,1.0765576837174884,0.0,210,290,300,310,400,410,490,500,510,510,510
GET,home,4530,0,590.0,546.1156701283239,6.447319989092648,993.1585470039863,10533.177262693156,25.26842646238457,0.0,590,600,610,690,700,710,790,800,900,990,990
GET,logout,875,0,610.0,614.4163010605013,8.934659999795258,994.8057369911112,10497.0,4.880766700791722,0.0,610,700,700,710,790,800,890,900,990,990,990
POST,setCurrency,903,0,610.0,603.8512744564563,8.115923003060743,1103.621585003566,10511.398671096345,5.036951235217057,0.0,610,700,700,710,800,800,890,900,1100,1100,1100
GET,viewCart,985,0,300.0,285.66497491831007,5.835535004734993,505.81397899077274,16601.015228426397,5.494348800319823,0.0,300,310,310,390,400,410,490,500,510,510,510
GET,viewProduct,5107,0,220.0,242.65241644934756,5.0871819839812815,510.21977502387017,7985.687096142549,28.4869434753638,0.0,220,300,300,300,310,390,400,400,500,510,510
,Aggregated,14520,0,390.0,407.9048177241465,5.0871819839812815,1103.621585003566,10658.732851239669,80.99283713770949,0.0,390,510,600,600,700,710,800,800,900,1000,1100
