Type,Name,Request Count,Failure Count,Median Response Time,Average Response Time,Min Response Time,Max Response Time,Average Content Size,Requests/s,Failures/s,50%,66%,75%,80%,90%,95%,98%,99%,99.9%,99.99%,100%
POST,addToCart,2417,0,500.0,493.4368879781885,91.18977800244465,908.4572120045777,16797.65535788167,13.475642399154378,0.0,500,510,590,590,600,690,700,790,900,910,910
POST,cartEmpty,1169,0,800.0,793.7596583188042,101.18477798823733,1104.465413998696,10514.155688622754,6.517594524042809,0.0,800,810,890,900,910,990,1000,1000,1100,1100,1100
POST,checkout,489,1,300.0,307.5537754712635,92.80651700100861,511.8490269960603,6803.055214723926,2.7263504895268893,0.005575358874288117,300,310,390,390,400,420,500,500,510,510,510
GET,home,3532,0,700.0,696.2255106644707,12.464532002923079,1007.6761610107496,10556.482446206115,19.69216754398563,0.0,700,710,790,800,810,890,900,910,990,1000,1000
GET,logout,573,0,790.0,772.2973001131779,94.9070579954423,1014.1939019958954,10498.96509598604,3.194680634967091,0.0,790,800,810,890,900,920,1000,1000,1000,1000,1000
POST,setCurrency,610,0,800.0,765.452233611961,24.03184499416966,1110.769232007442,10513.790163934425,3.4009689133157512,0.0,800,810,890,890,900,910,1000,1000,1100,1100,1100
GET,viewCart,725,0,390.0,384.70572044667466,95.19454301334918,705.71502999519,16715.35448275862,4.042135183858885,0.0,390,400,410,490,500,510,590,600,710,710,710
GET,viewProduct,5010,0,300.0,309.76124406372105,7.839219993911684,603.7234469986288,7996.889221556886,27.932547960183467,0.0,300,310,390,390,400,410,500,500,510,600,600
,Aggregated,14525,1,490.0,514.3044402231718,7.839219993911684,1110.769232007442,10885.751256454389,80.9820876490349,0.005575358874288117,490,610,700,710,800,890,900,980,1100,1100,1100
