Type,Name,Request Count,Failure Count,Median Response Time,Average Response Time,Min Response Time,Max Response Time,Average Content Size,Requests/s,Failures/s,50%,66%,75%,80%,90%,95%,98%,99%,99.9%,99.99%,100%
POST,addToCart,2061,0,190.0,158.78788972206138,8.844205003697425,949.593711993657,16984.913148956817,11.498450228093542,0.0,190,190,200,200,200,210,290,290,760,950,950
POST,cartEmpty,685,0,200.0,188.2481084028463,16.463129009935074,700.8720719895791,10512.756204379562,3.8216586153537486,0.0,200,200,200,210,290,300,300,300,700,700,700
POST,checkout,472,4,100.0,135.01575988204607,11.72845100518316,893.4328199975425,6793.957627118644,2.6333180532072546,0.022316254688197073,100,190,190,190,200,200,200,200,890,890,890
GET,home,2523,0,190.0,157.31015853238142,10.744872997747734,858.1217249884503,10553.263971462544,14.075977644580304,0.0,190,190,200,200,200,210,290,300,810,860,860
GET,logout,532,0,200.0,182.1138999136353,11.54029299505055,902.5919659907231,10499.0,2.9680618735302104,0.0,200,200,200,200,220,290,300,300,900,900,900
POST,setCurrency,538,0,200.0,190.62597509061348,18.14253999327775,998.3974079950713,10513.304832713755,3.0015362555625065,0.0,200,200,200,210,280,290,300,300,1000,1000,1000
GET,viewCart,902,0,100.0,114.1716514645594,8.74000800831709,861.6353899997193,16987.260532150776,5.03231543218844,0.0,100,100,110,110,190,190,200,200,860,860,860
GET,viewProduct,3941,0,99,99.07029883320843,7.24580799578689,943.93062099698,7996.92692210099,21.987089931546166,0.0,99,100,100,100,180,190,190,200,850,940,940
,Aggregated,11654,4,110.0,138.1236494156647,7.24580799578689,998.3974079950713,11165.248069332418,65.01840803406218,0.022316254688197073,110,190,190,200,200,210,290,300,810,950,1000
