{
  "RES_TIME": {
    "precision": 0,
    "recall": 0
  },
  "CPU": {
    "precision": 0.14285714285714285,
    "recall": 0.07142857142857142
  },
  "MEM": {
    "precision": 0,
    "recall": 0
  }
}