{"get_food_types": {"RES_TIME": 116.75519578163176, "CPU": 28.265915915402214, "MEM": 636.6316828468074}, "get_trip_information": {"RES_TIME": 150.58187920982388, "CPU": 24.031553755331245, "MEM": 561.0152942566447}, "get_assurance_types": {"RES_TIME": 32.212992067945436, "CPU": 17.04196090629251, "MEM": 521.4771219988077}, "create_consign": {"RES_TIME": 0, "CPU": 2.7447781111230896, "MEM": 484.99270075343986}, "query_contacts": {"RES_TIME": 13.836074073041724, "CPU": 28.710744868344186, "MEM": 543.9383942355121}, "admin_login": {"RES_TIME": 1285.8934628900613, "CPU": 5.933396998273134, "MEM": 495.8449438653944}, "collect_ticket": {"RES_TIME": 103.19624950710427, "CPU": 31.796453896368433, "MEM": 515.2982490135353}, "login": {"RES_TIME": 184.87764260779628, "CPU": 5.933396998273134, "MEM": 495.8449438653944}, "enter_station": {"RES_TIME": 37.55470215182261, "CPU": 31.796453896368433, "MEM": 515.2982490135353}, "admin_create_user": {"RES_TIME": 3874.388229086309, "CPU": 5.872409828391969, "MEM": 455.6909417045146}, "pay_order": {"RES_TIME": 208.62519626072736, "CPU": 30.513588807053594, "MEM": 596.8651069561772}, "get_order_information": {"RES_TIME": 13.330283695085374, "CPU": 61.81562011222495, "MEM": 528.2988242924793}, "preserve_ticket": {"RES_TIME": 364.8033094602548, "CPU": 28.999005017175598, "MEM": 522.1773320150229}, "cancel_order": {"RES_TIME": 0, "CPU": 2.7089245048204758, "MEM": 384.53786678271524}, "admin_create_contact": {"RES_TIME": 994.7203676585325, "CPU": 28.710744868344186, "MEM": 543.9383942355121}}