{"RES_TIME": {"precision": 0.08333333333333333, "recall": 0.5, "mhd_pos": 10.333333333333334, "mhd_false": 5.0, "true_positive": 1, "true_negative": 0, "false_positive": 11, "false_negative": 1}, "CPU": {"precision": 0.7692307692307693, "recall": 1, "mhd_pos": 0.0, "mhd_false": 5.222222222222222, "true_positive": 10, "true_negative": 0, "false_positive": 3, "false_negative": 0}, "MEM": {"precision": 0.3076923076923077, "recall": 1, "mhd_pos": 1.1666666666666665, "mhd_false": 0.5555555555555557, "true_positive": 4, "true_negative": 0, "false_positive": 9, "false_negative": 0}}