Type,Name,Request Count,Failure Count,Median Response Time,Average Response Time,Min Response Time,Max Response Time,Average Content Size,Requests/s,Failures/s,50%,66%,75%,80%,90%,95%,98%,99%,99.9%,99.99%,100%
GET,home,2641,0,200.0,210.26565873075492,6.05232099769637,1104.814535996411,10549.328663385082,14.727330558847427,0.0,200.0,200.0,210.0,290.0,290.0,300.0,490.0,800.0,1100.0,1100.0,1100.0
GET,viewCart,966,0,110.0,143.52860415540744,5.638299000565894,1085.303213010775,16989.28053830228,5.386823672793114,0.0,110.0,190.0,190.0,190.0,200.0,200.0,210.0,710.0,1100.0,1100.0,1100.0
POST,addToCart,2086,0,200.0,205.0061298046569,7.811361996573396,1110.6308340094984,17000.55752636625,11.632416336901072,0.0,200.0,200.0,210.0,280.0,300.0,300.0,380.0,810.0,1100.0,1100.0,1100.0
POST,checkout,475,1,190.0,166.8153038732156,8.058250998146832,1945.2391369995892,6803.1978947368425,2.6488004602243573,0.0055764220215249,190.0,190.0,200.0,200.0,200.0,210.0,290.0,740.0,1900.0,1900.0,1900.0
POST,cartEmpty,643,0,290.0,254.84308124876824,8.339520005392842,1046.2760189984692,10511.129082426129,3.585639359840551,0.0,290.0,300.0,300.0,300.0,310.0,390.0,410.0,810.0,1000.0,1000.0,1000.0
GET,logout,565,0,210.0,233.1205565838578,7.756923005217686,908.8249439955688,10497.0,3.1506784421616043,0.0,210.0,290.0,290.0,300.0,300.0,310.0,400.0,600.0,910.0,910.0,910.0
GET,viewProduct,4073,4073,100.0,132.6726388018592,5.120679998071864,5.63235800655093,7996.170133651157,22.712766893671176,0.0,102.22222222222223,110.0,190.0,190.0,198.88888888888889,200.0,206.66666666666666,721.1111111111111,971.1111111111111,971.1111111111111,971.1111111111111
POST,setCurrency,576,0,210.0,254.2860912791033,7.601081000757404,1108.469722996233,10511.241319444443,3.2120190843983787,0.0,210.0,290.0,300.0,300.0,310.0,390.0,420.0,910.0,1100.0,1100.0,1100.0
,Aggregated,12025,1,190.0,181.5414857288885,5.120679998071864,1945.2391369995892,11166.703035343036,67.05647480883768,0.0055764220215249,190.0,200.0,200.0,210.0,290.0,300.0,390.0,750.0,1000.0,1100.0,1900.0
