Type,Name,Request Count,Failure Count,Median Response Time,Average Response Time,Min Response Time,Max Response Time,Average Content Size,Requests/s,Failures/s,50%,66%,75%,80%,90%,95%,98%,99%,99.9%,99.99%,100%
POST,addToCart,2429,0,390.0,381.44966170972907,107.31434400076978,1091.984932005289,16994.719226018937,13.552514461609723,0.0,390,400,410,410,490,500,590,600,1000,1100,1100
POST,cartEmpty,764,0,590.0,557.9387208754889,211.0557179985335,1300.7517740043113,10513.702879581151,4.262709365446615,0.0,590,600,600,610,690,700,790,800,1300,1300,1300
POST,checkout,554,1,220.0,244.63700093907877,95.0198350037681,494.50942399562337,6803.694945848375,3.091022236200818,0.005579462520218083,220,290,300,300,310,380,400,400,490,490,490
GET,home,2997,0,500.0,486.38847760238116,30.587386005208828,1300.9790620126296,10553.02836169503,16.721649173093596,0.0,500,500,510,580,600,610,690,700,1200,1300,1300
GET,logout,631,0,580.0,551.8069325133532,206.03701400978025,995.0856139912503,10499.0,3.5206408502576103,0.0,580,600,600,600,690,700,710,790,1000,1000,1000
POST,setCurrency,658,0,520.0,549.0347130760981,91.206474986393,1093.7767690047622,10514.22340425532,3.6712863383034984,0.0,580,600,600,610,690,700,790,800,1100,1100,1100
GET,viewCart,1095,0,300.0,290.5428612998503,103.33361499942839,901.7932290007593,16991.519634703196,6.109511459638801,0.0,300,300,310,310,390,400,410,490,890,900,900
GET,viewProduct,4670,0,210.0,232.7974639828984,11.000963000697084,1003.9581080054631,7998.081584582441,26.056089969418448,0.0,210,280,290,300,300,310,390,400,920,1000,1000
,Aggregated,13798,1,320.0,366.7781694796263,11.000963000697084,1300.9790620126296,11176.206551674155,76.98542385396911,0.005579462520218083,320,410,500,500,590,600,690,700,1100,1300,1300
