Type,Name,Request Count,Failure Count,Median Response Time,Average Response Time,Min Response Time,Max Response Time,Average Content Size,Requests/s,Failures/s,50%,66%,75%,80%,90%,95%,98%,99%,99.9%,99.99%,100%
GET,home,2931,0,310.0,368.0043369239898,10.047764022601768,5275.425823987462,10549.676219720232,16.341066110257238,0.0,310.0,390.0,400.0,400.0,410.0,490.0,500.0,510.0,5200.0,5300.0,5300.0
GET,viewCart,1065,0,200.0,217.9671870986439,91.25163100543432,408.3667300001253,16970.321126760562,5.937644287759794,0.0,200.0,210.0,290.0,290.0,300.0,300.0,310.0,390.0,400.0,410.0,410.0
POST,addToCart,2315,0,300.0,298.98443518603244,18.02109499112703,698.1641690072138,16988.442764578835,12.906710353205565,0.0,300.0,310.0,310.0,390.0,400.0,400.0,410.0,480.0,500.0,700.0,700.0
POST,checkout,523,1,200.0,213.4809502480368,8.680043974891305,404.8517330083996,6801.72275334608,2.915857241782509,0.0055752528523566,200.0,210.0,280.0,290.0,300.0,300.0,300.0,390.0,400.0,400.0,400.0
POST,cartEmpty,714,0,400.0,440.6247084564301,20.133682002779096,5477.767420990858,10512.121848739496,3.980730536582623,0.0,400.0,410.0,490.0,490.0,500.0,510.0,590.0,600.0,5500.0,5500.0,5500.0
GET,logout,623,0,400.0,440.2766910676017,95.8849239978008,5277.955490979366,10497.0,3.473382527018171,0.0,400.0,410.0,490.0,490.0,500.0,510.0,600.0,610.0,5300.0,5300.0,5300.0
GET,viewProduct,4522,4522,200.0,186.73444401890714,7.986357988556847,28.043010010151196,7996.495431900949,25.211293398356613,0.0,200.0,200.0,200.0,206.66666666666666,236.66666666666666,291.1111111111111,300.0,302.22222222222223,338.8888888888889,338.8888888888889,338.8888888888889
POST,setCurrency,644,0,400.0,400.48625656042606,24.20727300341241,5177.360683010193,10511.48602484472,3.59046283691766,0.0,400.0,410.0,490.0,490.0,500.0,500.0,590.0,600.0,5200.0,5200.0,5200.0
,Aggregated,13337,1,290.0,285.36250542966746,7.986357988556847,5477.767420990858,11161.13443802954,74.35714729188017,0.0055752528523566,290.0,300.0,380.0,390.0,400.0,490.0,500.0,510.0,5000.0,5400.0,5500.0
