Type,Name,Request Count,Failure Count,Median Response Time,Average Response Time,Min Response Time,Max Response Time,Average Content Size,Requests/s,Failures/s,50%,66%,75%,80%,90%,95%,98%,99%,99.9%,99.99%,100%
POST,addToCart,1510,0,390.0,359.03488527153655,8.051102995523252,605.48213400034,16722.359602649005,8.42161440388659,0.0,390,400,400,410,490,500,580,590,600,610,610
POST,cartEmpty,351,0,600.0,569.3886114871116,9.175220999168232,891.3957469994784,10512.982905982906,1.957607056797479,0.0,600,610,690,700,700,710,790,800,890,890,890
POST,checkout,188,2,210.0,237.36389256888248,9.494897996773943,493.8587240030756,6787.75,1.0485188794242908,0.0111544561640882,210,290,290,300,310,390,400,490,490,490,490
GET,home,4362,0,510.0,505.5503158099269,6.249805002880748,891.8921359945671,10535.17033470885,24.327868893876364,0.0,510,590,600,600,610,690,700,700,800,890,890
GET,logout,841,0,600.0,573.5803622983234,8.17291799467057,993.3005610000691,10499.0,4.690448816999088,0.0,600,610,690,700,700,780,800,810,990,990,990
POST,setCurrency,873,0,600.0,565.4387360114146,7.984053998370655,898.1760909955483,10513.499427262313,4.868920115624499,0.0,600,610,690,700,700,710,800,800,900,900,900
GET,viewCart,961,0,300.0,276.7487193715083,5.503399996086955,499.64012499549426,16610.31737773153,5.35971618684438,0.0,300,300,310,310,390,400,410,410,500,500,500
GET,viewProduct,4931,0,210.0,236.464077061682,5.1254260033601895,505.29001799441176,7985.9452443723385,27.501311672559456,0.0,210,290,300,300,300,310,390,400,490,510,510
,Aggregated,14017,2,320.0,385.2323573728949,5.1254260033601895,993.3005610000691,10667.08175786545,78.17600602601215,0.0111544561640882,320,500,510,590,600,690,700,710,810,900,990
