Type,Name,Request Count,Failure Count,Median Response Time,Average Response Time,Min Response Time,Max Response Time,Average Content Size,Requests/s,Failures/s,50%,66%,75%,80%,90%,95%,98%,99%,99.9%,99.99%,100%
POST,addToCart,1146,0,12,45.6601974031291,7.421221002005041,1000.9705600023153,16771.066317626526,6.393144477418859,0.0,12,85,90,92,95,98,100,100,750,1000,1000
POST,cartEmpty,351,0,71,56.54380096014955,7.790651001414517,1006.142368001747,10513.102564102564,1.9581096959633675,0.0,71,89,92,94,97,100,100,110,1000,1000,1000
POST,checkout,180,2,13,46.57362324996939,4.834012001083465,104.99862800133997,6789.316666666667,1.0041588184427526,0.011157320204919474,14,83,87,89,94,96,99,100,100,100,100
GET,home,2682,0,11,43.466213405976966,5.718568001611857,999.7841240001435,10539.866517524235,14.961966394797013,0.0,11,82,88,90,94,97,100,100,710,1000,1000
GET,logout,520,0,15,49.588620628890986,7.46068400258082,190.62821399711538,10499.0,2.900903253279063,0.0,15,89,92,94,99,100,110,110,190,190,190
POST,setCurrency,522,0,14,49.038695940657036,7.350478001171723,1002.9027210002823,10513.574712643678,2.9120605734839824,0.0,14,85,91,93,97,99,100,100,1000,1000,1000
GET,viewCart,615,0,8,38.294494196552996,5.379402999096783,747.3949140003242,16666.69918699187,3.430875963012738,0.0,8,78,86,88,92,95,97,99,750,750,750
GET,viewProduct,3222,0,7,32.4465660879084,5.010195000068052,660.2391189990158,7988.592799503414,17.97444285012527,0.0,7,10,81,85,90,93,96,97,110,660,660
,Aggregated,9238,2,10,40.767625976941986,4.834012001083465,1006.142368001747,10753.038752976834,51.53566202652305,0.011157320204919474,10,80,87,89,94,97,100,100,660,1000,1000
