Type,Name,Request Count,Failure Count,Median Response Time,Average Response Time,Min Response Time,Max Response Time,Average Content Size,Requests/s,Failures/s,50%,66%,75%,80%,90%,95%,98%,99%,99.9%,99.99%,100%
POST,addToCart,1329,0,200.0,190.76703889395318,12.173936993349344,1027.2560049779713,16696.41911211437,7.413253125049323,0.0,200,200,200,210,290,300,300,390,1000,1000,1000
POST,cartEmpty,333,0,220.0,255.68105039912535,13.22549200267531,1012.6827620260883,10512.186186186185,1.8574968326873023,0.0,220,300,300,300,310,400,410,500,1000,1000,1000
POST,checkout,162,1,180.0,164.6938684515376,13.323640974704176,860.222798975883,6797.0123456790125,0.9036471077938227,0.005578068566628535,180,190,200,200,200,210,600,810,860,860,860
GET,home,3882,0,200.0,215.99001354249535,8.430583984591067,1192.4624950042926,10535.387686759403,21.654062175651973,0.0,200,210,290,290,300,300,390,620,1100,1200,1200
GET,logout,752,0,210.0,249.19886118151865,16.641763009829447,1192.9545089951716,10499.0,4.194707562104658,0.0,210,290,300,300,300,390,400,900,1200,1200,1200
POST,setCurrency,764,0,210.0,259.1508919883157,13.94844800233841,1113.7831209925935,10513.247382198953,4.2616443849042005,0.0,210,290,300,300,310,400,610,1000,1100,1100,1100
GET,viewCart,832,0,110.0,143.1414024771304,8.660588995553553,1015.7473389990628,16594.65144230769,4.640953047434941,0.0,110,190,190,190,200,200,210,290,1000,1000,1000
GET,viewProduct,4366,0,100.0,132.7828317419142,6.342933978885412,1070.2274329960346,7986.02267521759,24.353847361900186,0.0,100,110,190,190,200,200,200,580,980,1100,1100
,Aggregated,12420,1,190.0,184.22199187341698,6.342933978885412,1192.9545089951716,10651.42383252818,69.27961159752641,0.005578068566628535,190,200,210,210,300,300,390,610,1100,1200,1200
