{
  "RES_TIME": {
    "precision": 0.5384615384615384,
    "recall": 1,
    "mhd_pos": 4.761904761904762,
    "mhd_false": 2.611111111111111
  },
  "CPU": {
    "precision": 0.9230769230769231,
    "recall": 1,
    "mhd_pos": 8.805555555555555,
    "mhd_false": 1.3333333333333333
  },
  "MEM": {
    "precision": 0.7692307692307693,
    "recall": 1,
    "mhd_pos": 6.9333333333333345,
    "mhd_false": 0.1111111111111111
  }
}