{"RES_TIME": {"precision": 0.6923076923076923, "recall": 1.0, "mhd_pos": 3.7037037037037033, "mhd_false": 2.0, "true_positive": 9, "true_negative": 0, "false_positive": 4, "false_negative": 0}, "CPU": {"precision": 0.8461538461538461, "recall": 1.0, "mhd_pos": 9.545454545454547, "mhd_false": 0.8333333333333333, "true_positive": 11, "true_negative": 0, "false_positive": 2, "false_negative": 0}, "MEM": {"precision": 0.7692307692307693, "recall": 1.0, "mhd_pos": 5.533333333333333, "mhd_false": 0.16666666666666666, "true_positive": 10, "true_negative": 0, "false_positive": 3, "false_negative": 0}}