{"RES_TIME": {"precision": 0.38461538461538464, "recall": 1.0, "mhd_pos": 6.0666666666666655, "mhd_false": 1.8333333333333333, "true_positive": 5, "true_negative": 0, "false_positive": 8, "false_negative": 0}, "CPU": {"precision": 0.8461538461538461, "recall": 1.0, "mhd_pos": 6.151515151515152, "mhd_false": 0.8333333333333333, "true_positive": 11, "true_negative": 0, "false_positive": 2, "false_negative": 0}, "MEM": {"precision": 0.7692307692307693, "recall": 1.0, "mhd_pos": 6.1000000000000005, "mhd_false": 0.0, "true_positive": 10, "true_negative": 0, "false_positive": 3, "false_negative": 0}}