{
  "RES_TIME": {
    "precision": 0.38461538461538464,
    "recall": 1,
    "mhd_pos": 0.0,
    "mhd_false": 0.5416666666666666
  },
  "CPU": {
    "precision": 0.7692307692307693,
    "recall": 1,
    "mhd_pos": 0.0,
    "mhd_false": 1.2222222222222223
  },
  "MEM": {
    "precision": 0.9090909090909091,
    "recall": 1,
    "mhd_pos": 0.0,
    "mhd_false": 0.3333333333333333
  }
}