Type,Name,Request Count,Failure Count,Median Response Time,Average Response Time,Min Response Time,Max Response Time,Average Content Size,Requests/s,Failures/s,50%,66%,75%,80%,90%,95%,98%,99%,99.9%,99.99%,100%
POST,addToCart,2402,0,490.0,494.96919111441645,12.471957001253031,1312.5612549920334,16802.3759367194,13.391983319941197,0.0,490,500,590,590,610,690,790,900,1300,1300,1300
POST,cartEmpty,1164,0,800.0,803.7557547010858,99.82977200706955,1704.9576370045543,10513.359965635738,6.48970382365177,0.0,800,820,900,900,910,1000,1100,1400,1700,1700,1700
POST,checkout,486,3,300.0,307.9483446766253,96.29115399729926,1204.8407710099127,6795.111111111111,2.70961860678244,0.016726040782607657,300,310,380,390,400,490,600,600,1200,1200,1200
GET,home,3509,0,700.0,699.4273180783072,13.506333998520859,1614.7242349979933,10556.060986035907,19.563892368723423,0.0,700,710,790,800,810,900,910,1000,1500,1600,1600
GET,logout,570,0,800.0,777.437591708644,96.3284180033952,1314.8983999999473,10499.0,3.1779477486954546,0.0,800,810,880,890,910,1000,1000,1100,1300,1300,1300
POST,setCurrency,605,0,790.0,767.9927402856415,31.629814999178052,1698.5517160064774,10513.366942148761,3.373084891159211,0.0,790,800,810,890,900,990,1100,1200,1700,1700,1700
GET,viewCart,717,0,390.0,389.0886018729148,92.65978400071617,986.3837820012122,16717.719665271965,3.99752374704323,0.0,390,400,410,490,500,510,600,690,990,990,990
GET,viewProduct,4975,0,300.0,315.29204116513495,8.107931003905833,1192.8965719998814,7996.189748743718,27.737350964491032,0.0,300,310,390,390,400,410,500,700,1100,1200,1200
,Aggregated,14428,3,490.0,518.6977070740694,8.107931003905833,1704.9576370045543,10885.303992237315,80.44110547048776,0.016726040782607657,490,610,700,710,800,890,970,1000,1500,1700,1700
