Type,Name,Request Count,Failure Count,Median Response Time,Average Response Time,Min Response Time,Max Response Time,Average Content Size,Requests/s,Failures/s,50%,66%,75%,80%,90%,95%,98%,99%,99.9%,99.99%,100%
POST,addToCart,1367,0,210.0,244.57061989977146,7.83384700116585,1136.8610760000593,16713.610826627653,7.623231801909871,0.0,210,290,300,300,300,310,630,900,1100,1100,1100
POST,cartEmpty,346,0,310.0,327.33909895673366,74.50642799994966,1110.4709960000037,10513.338150289017,1.9295085614197625,0.0,310,390,390,400,400,490,500,600,1100,1100,1100
POST,checkout,173,3,190.0,188.93879615609882,9.793514998818864,1088.5239199997159,6778.242774566474,0.9647542807098812,0.016729843018090426,190,200,200,200,280,290,710,1000,1100,1100,1100
GET,home,3893,0,300.0,286.0126945895292,6.222185000297031,1204.1574389986636,10535.93295658875,21.70975962314201,0.0,300,300,300,310,390,400,500,810,1200,1200,1200
GET,logout,756,0,310.0,326.60977909523655,8.49979600025108,1310.7576439997501,10499.0,4.215920440558787,0.0,310,390,390,400,400,410,500,510,1300,1300,1300
POST,setCurrency,766,0,310.0,325.1990251592784,7.854770999983884,1305.132441000751,10513.340731070497,4.271686583952422,0.0,310,390,390,400,400,490,500,610,1300,1300,1300
GET,viewCart,844,0,190.0,178.06937453670145,5.595733999143704,1029.0675279993593,16603.130331753553,4.706662502422773,0.0,190,200,200,200,210,290,300,610,1000,1000,1000
GET,viewProduct,4409,0,190.0,163.62971335789902,5.033724999520928,1100.1351539998723,7986.371966432298,24.58729262225356,0.0,190,190,200,200,200,210,300,730,1000,1100,1100
,Aggregated,12554,3,200.0,235.8988849757864,5.033724999520928,1310.7576439997501,10665.091843237215,70.00881641636907,0.016729843018090426,200,290,300,300,390,400,500,800,1100,1300,1300
