Type,Name,Request Count,Failure Count,Median Response Time,Average Response Time,Min Response Time,Max Response Time,Average Content Size,Requests/s,Failures/s,50%,66%,75%,80%,90%,95%,98%,99%,99.9%,99.99%,100%
POST,addToCart,2656,0,500.0,521.9139977046336,14.24717900226824,1490.1062029821333,17010.905873493975,14.808080142751317,0.0,500,590,590,600,690,700,900,1100,1400,1500,1500
POST,cartEmpty,807,0,790.0,767.8636970173607,99.99906498705968,1598.6820409889333,10513.926889714994,4.499292422891684,0.0,790,800,820,890,910,1000,1100,1300,1600,1600,1600
POST,checkout,599,2,300.0,349.58890050837965,96.6367149958387,1312.0149649912491,6801.175292153589,3.3396234960497133,0.011150662758095871,300,380,390,400,480,710,1100,1100,1300,1300,1300
GET,home,3296,0,690.0,671.8031658987178,13.48044999758713,1690.2671090210788,10552.410497572815,18.376292225341995,0.0,690,700,710,790,800,890,1100,1300,1500,1700,1700
GET,logout,695,0,720.0,755.3183956065872,98.92240999033675,1787.928537989501,10499.0,3.874855308438315,0.0,720,800,810,810,900,990,1100,1600,1800,1800,1800
POST,setCurrency,733,0,790.0,753.4776187465636,23.21122700232081,1712.2895260108635,10514.150068212824,4.086717900842137,0.0,790,800,810,880,900,1000,1200,1300,1700,1700,1700
GET,viewCart,1220,0,400.0,408.0340986960705,10.417304991278797,1193.078999989666,16986.34918032787,6.801904282438481,0.0,400,410,490,490,510,600,690,900,1100,1200,1200
GET,viewProduct,5137,0,300.0,332.3114441636413,6.906544003868476,1206.6248650080524,7997.59684640841,28.640477294169244,0.0,300,310,390,400,410,500,800,910,1200,1200,1200
,Aggregated,15143,2,490.0,509.2562528012184,6.906544003868476,1787.928537989501,11182.132470448392,84.42724307292289,0.011150662758095871,490,600,690,700,800,890,1000,1100,1600,1800,1800
