Type,Name,Request Count,Failure Count,Median Response Time,Average Response Time,Min Response Time,Max Response Time,Average Content Size,Requests/s,Failures/s,50%,66%,75%,80%,90%,95%,98%,99%,99.9%,99.99%,100%
POST,addToCart,2607,0,500.0,520.214887938492,10.500962991500273,1708.3110210078303,17001.365170694284,14.533267501061411,0.0,500,590,600,600,690,700,800,1200,1400,1700,1700
POST,cartEmpty,792,0,790.0,793.6548115066759,98.98190401145257,5770.231041999068,10514.816919191919,4.415169873740175,0.0,790,800,810,890,910,990,1300,1500,5800,5800,5800
POST,checkout,590,1,300.0,326.7478371712367,86.5733599930536,1608.4778170043137,6804.774576271187,3.289078567558969,0.0055747094365406254,300,380,390,400,410,480,600,1200,1600,1600,1600
GET,home,3243,0,690.0,701.5050605909205,15.259620995493606,5787.68969399971,10552.485044711686,18.078782702701247,0.0,690,700,710,780,800,890,1100,1400,5500,5800,5800
GET,logout,679,0,720.0,843.5399191814872,101.39104901463725,5862.511285027722,10499.0,3.7852277074110847,0.0,720,800,810,820,900,990,4400,4500,5900,5900,5900
POST,setCurrency,730,0,720.0,750.5335702213988,21.69595201849006,5742.1007830125745,10514.050684931506,4.069537888674657,0.0,720,800,810,820,900,910,1200,1300,5700,5700,5700
GET,viewCart,1205,0,400.0,408.2550532427758,10.841246985364705,1093.5526399989612,16979.28796680498,6.717524871031454,0.0,400,410,490,500,510,600,690,810,1100,1100,1100
GET,viewProduct,5062,0,300.0,327.9147318274053,9.355746005894616,1210.6878449849319,7997.210786250494,28.219179167768647,0.0,300,310,390,400,410,500,600,900,1100,1200,1200
,Aggregated,14908,1,490.0,518.1809620371644,9.355746005894616,5862.511285027722,11177.409511671585,83.10776827994765,0.0055747094365406254,490,600,690,700,800,880,980,1200,5400,5900,5900
