Type,Name,Request Count,Failure Count,Median Response Time,Average Response Time,Min Response Time,Max Response Time,Average Content Size,Requests/s,Failures/s,50%,66%,75%,80%,90%,95%,98%,99%,99.9%,99.99%,100%
POST,addToCart,1360,0,190.0,180.51108073827623,16.13152600475587,958.8436230042134,16701.119852941178,7.5877666431939215,0.0,190,200,200,200,210,290,300,300,960,960,960
POST,cartEmpty,353,0,210.0,239.28618457505303,16.95462999487063,907.0234690007055,10513.968838526913,1.969471783123128,0.0,210,290,290,300,300,310,390,600,910,910,910
POST,checkout,171,1,110.0,145.35962805840902,18.966384006489534,208.02584900229704,6797.847953216375,0.9540500705780592,0.0055792401788190595,110,190,190,200,200,200,200,210,210,210,210
GET,home,3895,0,200.0,197.2504695830886,13.272094001877122,1098.1415279966313,10536.274967907573,21.731140496500238,0.0,200,200,210,210,290,300,300,300,990,1100,1100
GET,logout,754,0,210.0,232.15532317233698,17.766361001122277,1111.3875820010435,10499.0,4.206747094829571,0.0,210,290,290,300,300,300,390,400,1100,1100,1100
POST,setCurrency,762,0,210.0,234.11510383333749,31.243012999766506,1013.7425180000719,10513.723097112861,4.251381016260123,0.0,210,290,290,300,300,310,390,400,1000,1000,1000
GET,viewCart,835,0,110.0,128.23300143947105,10.291406993928831,957.6967809989583,16589.131736526946,4.658665549313915,0.0,110,110,190,190,190,200,200,200,960,960,960
GET,viewProduct,4403,0,100.0,119.12163962209296,8.128310000756755,1035.3068629992777,7986.312059959118,24.56539450734032,0.0,100,110,110,190,190,200,200,200,1000,1000,1000
,Aggregated,12533,1,190.0,168.20538790665836,8.128310000756755,1111.3875820010435,10657.427351791272,69.92461716113928,0.0055792401788190595,190,200,200,200,290,300,300,310,960,1100,1100
