Type,Name,Request Count,Failure Count,Median Response Time,Average Response Time,Min Response Time,Max Response Time,Average Content Size,Requests/s,Failures/s,50%,66%,75%,80%,90%,95%,98%,99%,99.9%,99.99%,100%
GET,home,3873,0,200.0,197.2180213995104,9.410786995431408,1108.1084149773233,10534.096565969532,21.60228005585411,0.0,200.0,200.0,210.0,210.0,290.0,300.0,300.0,400.0,1000.0,1100.0,1100.0
GET,viewCart,833,0,110.0,133.29374644137937,9.968170983484017,1087.834695004858,16584.983193277312,4.646191398535108,0.0,110.0,110.0,190.0,190.0,200.0,200.0,200.0,210.0,1100.0,1100.0,1100.0
POST,addToCart,1355,0,190.0,177.30634067939144,13.408115977654234,1045.8179289998952,16694.678228782286,7.557730306140542,0.0,190.0,200.0,200.0,200.0,210.0,290.0,300.0,300.0,810.0,1000.0,1000.0
POST,checkout,171,0,190.0,150.09770057336374,16.702676977729425,286.8025350035168,6804.6783625731,0.953779986974194,0.0,190.0,190.0,190.0,200.0,200.0,200.0,210.0,290.0,290.0,290.0,290.0
POST,cartEmpty,351,0,210.0,244.33896258966587,11.99386199004948,1016.3174970075488,10512.472934472937,1.95775892063124,0.0,210.0,290.0,290.0,300.0,300.0,390.0,450.0,800.0,1000.0,1000.0,1000.0
GET,logout,750,0,210.0,231.80434775329195,82.82061497448012,1211.628810997354,10497.0,4.183245556904359,0.0,210.0,280.0,290.0,300.0,300.0,310.0,400.0,600.0,1200.0,1200.0,1200.0
GET,viewProduct,4382,4382,100.0,121.09105171161822,6.135571980848908,9.405232995050028,7985.361553862279,24.441309373806533,0.0,100.0,110.0,133.33333333333334,184.44444444444446,190.0,200.0,200.0,395.55555555555554,846.6666666666666,846.6666666666666,846.6666666666666
POST,setCurrency,757,0,210.0,239.9873754666344,13.039393990766255,1199.804717005463,10511.523117569352,4.222289182102133,0.0,210.0,290.0,290.0,300.0,300.0,390.0,400.0,400.0,1200.0,1200.0,1200.0
,Aggregated,12472,0,190.0,169.38490666586372,6.135571980848908,1211.628810997354,10656.760343168698,69.56458478094822,0.0,190.0,200.0,200.0,200.0,290.0,300.0,310.0,400.0,1000.0,1200.0,1200.0
