Type,Name,Request Count,Failure Count,Median Response Time,Average Response Time,Min Response Time,Max Response Time,Average Content Size,Requests/s,Failures/s,50%,66%,75%,80%,90%,95%,98%,99%,99.9%,99.99%,100%
POST,addToCart,2485,0,410.0,431.58157861327624,13.075146998744458,796.4085319981677,16994.693762575454,13.861781300501312,0.0,410,490,500,500,520,590,600,610,790,800,800
POST,cartEmpty,774,0,690.0,651.329282627877,99.4041750091128,998.44016499992,10513.493540051679,4.317512566031394,0.0,690,700,700,710,800,800,820,900,1000,1000,1000
POST,checkout,562,4,290.0,275.5173590267854,93.60990099958144,611.2551560072461,6795.645907473309,3.1349380647411413,0.02231272643943873,290,300,300,310,390,400,490,500,610,610,610
GET,home,3106,0,600.0,576.7507901213747,14.390253985766321,914.2011640069541,10551.986155827432,17.325832080224174,0.0,600,600,610,680,700,710,790,800,880,910,910
GET,logout,651,0,620.0,644.372935232196,100.00220699294005,904.5226889866171,10499.0,3.6313962280186534,0.0,620,700,700,710,790,800,820,900,900,900,900
POST,setCurrency,681,0,610.0,636.5058979206881,38.163999997777864,911.0525290016085,10513.248164464023,3.7987416763144437,0.0,610,700,700,700,790,800,810,900,910,910,910
GET,viewCart,1131,0,310.0,333.9692136047317,15.112426990526728,605.4779099940788,16998.76923076923,6.308923400751301,0.0,310,390,400,400,410,490,500,510,600,610,610
GET,viewProduct,4812,0,290.0,264.86569505789834,7.704028990701772,600.509202995454,7997.884247714048,26.842209906644793,0.0,290,300,300,300,310,390,400,410,510,600,600
,Aggregated,14202,4,400.0,424.449936630315,7.704028990701772,998.44016499992,11172.27700323898,79.22133522322721,0.02231272643943873,400,500,590,600,690,700,790,800,900,920,1000
