Type,Name,Request Count,Failure Count,Median Response Time,Average Response Time,Min Response Time,Max Response Time,Average Content Size,Requests/s,Failures/s,50%,66%,75%,80%,90%,95%,98%,99%,99.9%,99.99%,100%
POST,addToCart,1430,0,210.0,243.79734912578064,18.479616002878174,1199.0298930031713,16705.04965034965,7.9770231378096454,0.0,210,290,290,300,300,390,690,800,1100,1200,1200
POST,cartEmpty,363,0,310.0,335.7637851518183,114.5492999930866,1203.9363340009004,10511.586776859504,2.0249366426747564,0.0,310,390,390,400,400,490,800,900,1200,1200,1200
POST,checkout,183,1,190.0,179.18108431116647,94.73470399098005,1186.2399829988135,6797.431693989071,1.0208358281252903,0.005578337858608144,190,200,200,200,200,290,300,590,1200,1200,1200
GET,home,4048,0,290.0,285.35355896247887,17.283791006775573,1200.0540620065294,10534.046442687748,22.581111651645767,0.0,290,300,300,310,390,400,500,800,1100,1200,1200
GET,logout,784,0,310.0,333.13751545654446,105.59158600517549,1108.6006200057454,10497.0,4.373416881148785,0.0,310,320,390,400,410,490,700,900,1100,1100,1100
POST,setCurrency,800,0,310.0,346.1422678537565,68.80782099324279,1107.6957969926298,10511.58125,4.462670286886515,0.0,310,390,400,400,410,490,710,880,1100,1100,1100
GET,viewCart,876,0,190.0,185.0096726686978,11.781950990553014,1099.1637139959494,16602.776255707762,4.886623964140734,0.0,190,200,200,200,210,290,520,740,1100,1100,1100
GET,viewProduct,4592,0,190.0,171.2373348602265,10.117458994500339,1100.4132169910008,7984.445339721255,25.615727446728595,0.0,190,190,200,200,200,210,640,780,1000,1100,1100
,Aggregated,13076,1,200.0,240.50915797689814,10.117458994500339,1203.9363340009004,10663.597048026919,72.94234583916008,0.005578337858608144,200,290,300,300,390,400,610,800,1100,1200,1200
