Type,Name,Request Count,Failure Count,Median Response Time,Average Response Time,Min Response Time,Max Response Time,Average Content Size,Requests/s,Failures/s,50%,66%,75%,80%,90%,95%,98%,99%,99.9%,99.99%,100%
GET,home,4121,0,290.0,282.60539365945823,15.551535994745793,1196.096016006777,10533.793254064549,22.983923122600235,0.0,290.0,300.0,300.0,310.0,390.0,400.0,490.0,780.0,1100.0,1200.0,1200.0
GET,viewCart,897,0,190.0,175.85232436841633,11.115162022178993,995.2267130138353,16603.341137123745,5.002809764856202,0.0,190.0,200.0,200.0,200.0,210.0,290.0,300.0,610.0,1000.0,1000.0,1000.0
POST,addToCart,1452,0,210.0,242.1317337352913,60.536720004165545,1188.5349779913668,16710.591597796145,8.098193733078269,0.0,210.0,290.0,290.0,300.0,300.0,310.0,400.0,800.0,1100.0,1200.0,1200.0
POST,checkout,186,1,200.0,198.5834574620102,90.81859898287804,802.8140440001152,6797.602150537635,1.0373719244852326,0.0055772684112109,200.0,200.0,200.0,200.0,220.0,290.0,680.0,720.0,800.0,800.0,800.0
POST,cartEmpty,368,0,310.0,330.50237057368975,102.13827801635487,1199.3371860007755,10510.798913043478,2.052434775325622,0.0,310.0,390.0,400.0,400.0,410.0,490.0,500.0,620.0,1200.0,1200.0,1200.0
GET,logout,797,0,300.0,328.85955071966737,105.154165008571,1292.6052770053502,10497.0,4.44508292373511,0.0,300.0,390.0,400.0,400.0,410.0,490.0,500.0,500.0,1300.0,1300.0,1300.0
GET,viewProduct,4673,4673,190.0,165.07740255751153,9.305715007940307,13.121505995513871,7984.75745843184,26.062575285588665,0.0,190.0,190.0,200.0,200.0,200.0,217.77777777777777,366.6666666666667,673.3333333333334,938.8888888888889,938.8888888888889,938.8888888888889
POST,setCurrency,812,0,300.0,327.91865960082094,90.62537300633268,1007.0159129973036,10511.259852216748,4.5287419499032735,0.0,300.0,390.0,390.0,400.0,400.0,490.0,500.0,700.0,1000.0,1000.0,1000.0
,Aggregated,13306,1,200.0,235.4085969568985,9.305715007940307,1292.6052770053502,10665.26341500075,74.21113347957261,0.0055772684112109,200.0,290.0,300.0,300.0,390.0,400.0,490.0,700.0,1100.0,1200.0,1300.0
