Type,Name,Request Count,Failure Count,Median Response Time,Average Response Time,Min Response Time,Max Response Time,Average Content Size,Requests/s,Failures/s,50%,66%,75%,80%,90%,95%,98%,99%,99.9%,99.99%,100%
GET,home,2719,0,210.0,252.34301934684103,6.324664005660452,1294.826302997535,10550.386539168812,15.159930505029283,0.0,210.0,290.0,300.0,300.0,310.0,390.0,600.0,890.0,1200.0,1300.0,1300.0
GET,viewCart,986,0,190.0,170.27272497756636,5.62371700652875,1021.2721809948562,16977.0415821501,5.497495946288663,0.0,190.0,200.0,200.0,200.0,210.0,280.0,300.0,610.0,1000.0,1000.0,1000.0
POST,addToCart,2181,0,210.0,235.244269355614,7.683236006414518,1109.6877939999104,16988.471801925723,12.160282615472186,0.0,210.0,290.0,290.0,300.0,300.0,310.0,390.0,800.0,1100.0,1100.0,1100.0
POST,checkout,498,0,190.0,184.85752052857063,8.210157000576146,989.6797859983052,6805.273092369478,2.776625741634639,0.0,190.0,200.0,200.0,200.0,210.0,290.0,300.0,880.0,990.0,990.0,990.0
POST,cartEmpty,687,0,300.0,305.23023328641693,7.772865006700158,1309.3651280069023,10511.448326055312,3.8304053905682673,0.0,300.0,310.0,390.0,390.0,400.0,410.0,600.0,990.0,1300.0,1300.0,1300.0
GET,logout,579,0,300.0,290.5590356460445,8.20435599598568,1110.9987439995166,10497.0,3.2282455911776227,0.0,300.0,300.0,310.0,310.0,400.0,400.0,500.0,800.0,1100.0,1100.0,1100.0
GET,viewProduct,4219,4219,110.0,152.8722956957223,5.059313989477232,5.315297006745823,7996.841762956196,23.52326105212157,0.0,118.88888888888889,190.0,190.0,200.0,200.0,202.22222222222223,328.8888888888889,645.5555555555555,1011.1111111111111,1011.1111111111111,1011.1111111111111
POST,setCurrency,592,0,300.0,296.3992022125141,7.568381988676265,1205.739699988044,10511.493243243243,3.3007277892524227,0.0,300.0,300.0,310.0,380.0,400.0,410.0,710.0,990.0,1200.0,1200.0,1200.0
,Aggregated,12461,0,200.0,213.2800266029046,5.059313989477232,1309.3651280069023,11164.983628922237,69.47697463154466,0.0,200.0,210.0,290.0,300.0,300.0,390.0,490.0,800.0,1100.0,1300.0,1300.0
