Type,Name,Request Count,Failure Count,Median Response Time,Average Response Time,Min Response Time,Max Response Time,Average Content Size,Requests/s,Failures/s,50%,66%,75%,80%,90%,95%,98%,99%,99.9%,99.99%,100%
GET,home,2699,0,210.0,253.61671126714288,6.140835001133382,1193.6605730006704,10550.266024453502,15.042030934854669,0.0,210.0,290.0,300.0,300.0,300.0,390.0,800.0,910.0,1100.0,1200.0,1200.0
GET,viewCart,976,0,190.0,172.5023140946133,5.575139992288314,1049.9000160052674,16995.009221311477,5.439430230610654,0.0,190.0,200.0,200.0,200.0,210.0,280.0,660.0,840.0,1000.0,1000.0,1000.0
POST,addToCart,2154,0,210.0,238.9810335631526,7.773689008899964,1198.4917540103197,16992.598885793872,12.00464417698294,0.0,210.0,290.0,290.0,300.0,300.0,310.0,400.0,900.0,1200.0,1200.0,1200.0
POST,checkout,490,0,190.0,178.94028607780845,8.098511010757647,1948.352804000024,6808.095918367347,2.730861488728709,0.0,190.0,200.0,200.0,200.0,210.0,290.0,300.0,300.0,1900.0,1900.0,1900.0
POST,cartEmpty,681,0,300.0,301.09049009354345,7.8062620013952255,1148.6124369985191,10511.66079295154,3.795340150661737,0.0,300.0,300.0,310.0,390.0,400.0,410.0,770.0,1100.0,1100.0,1100.0,1100.0
GET,logout,573,0,300.0,290.4986964710523,7.819616002961993,1101.5505359973758,10497.0,3.1934359857990824,0.0,300.0,300.0,310.0,310.0,400.0,400.0,500.0,810.0,1100.0,1100.0,1100.0
GET,viewProduct,4179,4179,110.0,157.00068708847414,5.103654999402352,5.530887996428646,7996.604069319368,23.290347268157706,0.0,117.77777777777777,190.0,191.11111111111111,198.88888888888889,200.0,205.55555555555554,540.0,847.7777777777778,1008.8888888888889,1008.8888888888889,1008.8888888888889
POST,setCurrency,589,0,300.0,303.2218362802125,7.846965992939658,1106.4965950063197,10511.645161290322,3.2826069731861423,0.0,300.0,300.0,310.0,380.0,400.0,410.0,910.0,1000.0,1100.0,1100.0,1100.0
,Aggregated,12341,0,200.0,215.6908196650316,5.103654999402352,1948.352804000024,11164.591686249089,68.77869720898164,0.0,200.0,210.0,290.0,300.0,300.0,390.0,600.0,900.0,1100.0,1200.0,1900.0
