Type,Name,Request Count,Failure Count,Median Response Time,Average Response Time,Min Response Time,Max Response Time,Average Content Size,Requests/s,Failures/s,50%,66%,75%,80%,90%,95%,98%,99%,99.9%,99.99%,100%
POST,addToCart,2557,0,500.0,511.6662900219039,13.582080000560381,1294.9984240003687,16806.959327336725,14.256377257933114,0.0,500,580,590,600,610,700,790,900,1100,1300,1300
POST,cartEmpty,1233,0,800.0,792.1666396196243,97.81615599968063,1608.9153589991838,10511.184103811842,6.874506515069037,0.0,800,810,890,900,910,990,1000,1100,1500,1600,1600
POST,checkout,514,1,300.0,317.7579944357735,13.912400999288366,1298.3010630005083,6803.091439688716,2.8657715723807664,0.005575431074670752,300,310,380,390,410,480,600,820,1300,1300,1300
GET,home,3708,0,700.0,690.9912777486529,13.212599999860686,1535.4047640003046,10553.808252427185,20.67369842487915,0.0,700,710,790,790,810,890,910,1100,1400,1500,1500
GET,logout,597,0,790.0,770.8583428291217,96.69541400035087,1502.4161949995687,10497.0,3.328532351578439,0.0,790,800,810,890,900,910,1000,1000,1500,1500,1500
POST,setCurrency,644,0,790.0,752.8695702406737,22.010591000253044,1514.9388439995164,10511.079192546584,3.5905776120879644,0.0,790,800,810,880,900,990,1000,1100,1500,1500,1500
GET,viewCart,766,0,390.0,391.9138304294814,9.408375999555574,905.2435980001974,16705.08224543081,4.270780203197796,0.0,390,400,420,490,500,520,610,800,910,910,910
GET,viewProduct,5284,0,300.0,321.88948256699206,7.454916999449779,1186.609813999894,7995.211582134746,29.460577798560255,0.0,300,310,390,390,400,490,600,810,1100,1200,1200
,Aggregated,15303,1,500.0,519.9448403035981,7.454916999449779,1608.9153589991838,10889.670652813174,85.32082173568652,0.005575431074670752,500,620,700,710,800,890,910,1000,1400,1500,1600
