Type,Name,Request Count,Failure Count,Median Response Time,Average Response Time,Min Response Time,Max Response Time,Average Content Size,Requests/s,Failures/s,25%,50%,75%,80%,90%,95%,98%,99%,99.9%,99.99%,100%
GET,get_cart,402,0,46,46.69996816172178,42.85933299979661,138.685149999219,2.0,2.2454484448950693,0.0,45,46,48,48,48,51,52,54,140,140,140
GET,get_catalogue1,268,0,3,3.4334839627588924,2.482809000866837,8.755681001275661,1643.0,1.496965629930046,0.0,3,3,4,4,4,4,4,5,9,9,9
GET,get_customer,134,0,44,45.83936510433846,43.694633999621146,51.91597900011402,386.0,0.748482814965023,0.0,44,44,48,48,48,48,52,52,52,52,52
GET,get_customer_orders,134,0,2,2.364602970238362,1.2115890003769891,44.154186000014306,6368.0,0.748482814965023,0.0,2,2,2,2,2,2,3,44,44,44,44
GET,get_index,268,0,2,2.499765358199728,1.3388010011112783,44.04546299883805,8688.0,1.496965629930046,0.0,2,2,2,2,2,2,4,44,44,44,44
GET,get_item,134,0,44,45.25314228354926,43.65970199978619,52.04976099958003,286.0,0.748482814965023,0.0,44,44,48,48,48,48,52,52,52,52,52
GET,get_orders,134,0,46,47.14129414179609,45.481226001356845,58.20629299887514,2.0,0.748482814965023,0.0,46,46,47,50,50,51,51,51,58,58,58
GET,login,134,0,48,49.33198092538675,47.69156399925123,116.10771900086547,13.0,0.748482814965023,0.0,48,48,48,52,52,52,52,64,120,120,120
,Aggregated,1608,0,44,28.491399046032626,1.2115890003769891,138.685149999219,2310.25,8.981793779580277,0.0,3,44,47,48,48,50,52,52,120,140,140
