Type,Name,Request Count,Failure Count,Median Response Time,Average Response Time,Min Response Time,Max Response Time,Average Content Size,Requests/s,Failures/s,50%,66%,75%,80%,90%,95%,98%,99%,99.9%,99.99%,100%
POST,addToCart,2425,0,500.0,507.77131137656545,101.23720701085404,1878.1480450124945,16806.716701030928,13.511643179520854,0.0,500,510,590,600,680,700,790,800,1800,1900,1900
POST,cartEmpty,1181,0,800.0,819.1748572569944,396.9289019878488,2192.5689920026343,10513.176968670617,6.580309523717167,0.0,800,880,900,900,990,1000,1200,1600,2200,2200,2200
POST,checkout,487,4,300.0,342.2622257597755,97.87931898608804,1493.74529501074,6792.039014373717,2.713472259145013,0.022287246481683884,300,380,390,400,410,500,1300,1300,1500,1500,1500
GET,home,3543,0,700.0,714.3482783994767,31.36741800699383,1787.2221170109697,10555.927744848997,19.7409285711515,0.0,700,790,800,800,810,900,910,1100,1600,1800,1800
GET,logout,573,0,800.0,783.4515582946764,489.6288469899446,1806.3563449832145,10499.0,3.1926480585012165,0.0,800,810,810,890,900,990,1000,1300,1800,1800,1800
POST,setCurrency,615,0,790.0,772.4536521012925,51.996850001160055,1707.1852410153951,10513.143089430894,3.426664146558897,0.0,790,810,820,890,910,990,1000,1200,1700,1700,1700
GET,viewCart,717,0,390.0,394.2478232009718,108.93232299713418,1091.2266699888278,16717.21757322176,3.9949889318418363,0.0,390,400,480,490,500,510,600,610,1100,1100,1100
GET,viewProduct,5032,0,300.0,328.61401911508153,12.78719599940814,1209.3356550030876,7996.308624801271,28.037356073958325,0.0,300,310,390,400,410,490,590,900,1100,1200,1200
,Aggregated,14573,4,500.0,532.2614947636309,12.78719599940814,2192.5689920026343,10882.104233857133,81.19801074439481,0.022287246481683884,500,690,700,780,810,900,990,1000,1700,2200,2200
