Type,Name,Request Count,Failure Count,Median Response Time,Average Response Time,Min Response Time,Max Response Time,Average Content Size,Requests/s,Failures/s,50%,66%,75%,80%,90%,95%,98%,99%,99.9%,99.99%,100%
POST,addToCart,1325,0,290.0,259.3655204446602,99.60128399688983,1188.4837519974099,16708.6520754717,7.3911057512087375,0.0,290,290,300,300,310,390,400,410,1100,1200,1200
POST,cartEmpty,335,0,390.0,377.9339563370632,197.86369199573528,990.0125819985988,10513.176119402986,1.86869466162636,0.0,390,400,400,410,500,500,510,510,990,990,990
POST,checkout,169,0,190.0,176.29222797068695,94.2808160034474,1010.3677480001352,6805.846153846154,0.9427146203428504,0.0,190,200,200,200,210,290,300,300,1000,1000,1000
GET,home,3759,0,300.0,329.2401448441608,37.95235799771035,1293.8064569971175,10536.19207235967,20.968427561353693,0.0,300,380,390,390,400,410,490,710,1100,1300,1300
GET,logout,726,0,390.0,376.90951556756903,162.28251600114163,1107.305723002355,10499.0,4.04976813236041,0.0,390,400,400,410,490,500,590,710,1100,1100,1100
POST,setCurrency,741,0,390.0,376.4848911889741,26.646418002201244,1005.1511339988792,10513.863697705803,4.1334410276571125,0.0,390,400,400,410,490,500,590,890,1000,1000,1000
GET,viewCart,818,0,200.0,189.02685199264343,17.085433995816857,824.1557049987023,16598.1173594132,4.562961890180187,0.0,200,200,200,200,290,290,300,310,820,820,820
GET,viewProduct,4268,0,190.0,177.5208583934519,12.010077996819746,1042.1079529987765,7986.1042642924085,23.807727808421806,0.0,190,200,200,200,210,290,440,750,1000,1000,1000
,Aggregated,12141,0,280.0,263.7813097919982,12.010077996819746,1293.8064569971175,10665.646322378716,67.72484145315116,0.0,280,300,310,390,400,410,500,710,1100,1200,1300
