Type,Name,Request Count,Failure Count,Median Response Time,Average Response Time,Min Response Time,Max Response Time,Average Content Size,Requests/s,Failures/s,50%,66%,75%,80%,90%,95%,98%,99%,99.9%,99.99%,100%
GET,home,3903,0,210.0,233.32705875871076,6.125760002760217,1173.2816230069147,10533.867281578274,21.75938438060736,0.0,210.0,290.0,290.0,290.0,300.0,300.0,400.0,720.0,1100.0,1200.0,1200.0
GET,viewCart,865,0,110.0,141.22829785428516,5.456419006804936,928.0092400003924,16612.09942196532,4.822410322630122,0.0,110.0,190.0,190.0,190.0,200.0,200.0,210.0,280.0,930.0,930.0,930.0
POST,addToCart,1377,0,200.0,201.64020646756367,7.759649000945501,1054.693614001735,16723.625272331155,7.676831230360321,0.0,200.0,200.0,210.0,260.0,290.0,300.0,310.0,690.0,990.0,1100.0,1100.0
POST,checkout,177,2,190.0,163.36387125908405,9.457216001464984,292.4523359979503,6788.796610169492,0.9867822278676666,0.011150081670821,190.0,190.0,200.0,200.0,200.0,210.0,290.0,290.0,290.0,290.0,290.0
POST,cartEmpty,331,0,300.0,277.3960048912777,9.022091995575463,1016.4756979938828,10513.030211480362,1.8453385165208904,0.0,300.0,300.0,300.0,310.0,390.0,400.0,400.0,410.0,1000.0,1000.0,1000.0
GET,logout,762,0,290.0,265.23369889789404,7.932053995318711,1096.0039919882547,10497.0,4.248181116582836,0.0,290.0,300.0,300.0,300.0,310.0,390.0,410.0,710.0,1100.0,1100.0,1100.0
GET,viewProduct,4432,4432,110.0,141.12162521308213,5.12663800327573,5.685942989657633,7984.730956912485,24.70858098253954,0.0,110.0,177.77777777777777,190.0,190.0,200.0,200.0,366.6666666666667,736.6666666666666,947.7777777777778,947.7777777777778,947.7777777777778
POST,setCurrency,776,0,290.0,277.2202166338549,7.404616000712849,1104.2462370096473,10511.576030927836,4.326231688278583,0.0,290.0,300.0,300.0,300.0,390.0,400.0,490.0,900.0,1100.0,1100.0,1100.0
,Aggregated,12623,2,200.0,195.9782982702712,5.12663800327573,1173.2816230069147,10673.844807098154,70.37374046538731,0.011150081670821,200.0,200.0,210.0,290.0,300.0,310.0,400.0,720.0,1100.0,1100.0,1200.0
