Type,Name,Request Count,Failure Count,Median Response Time,Average Response Time,Min Response Time,Max Response Time,Average Content Size,Requests/s,Failures/s,50%,66%,75%,80%,90%,95%,98%,99%,99.9%,99.99%,100%
POST,addToCart,919,0,15,15.216927689983295,12.170747009804472,36.88375299680047,29343.068552774756,5.127323395317394,0.0,15,15,16,16,17,18,19,21,37,37,37
GET,category,3095,0,7,7.7781264576440305,5.835045987623744,29.55029900476802,117482.16284329563,17.267753980965544,0.0,7,8,8,8,9,10,11,12,22,30,30
GET,home,3565,0,4,4.4417923387261835,2.7721010119421408,22.246000007726252,8905.0,19.88999771959359,0.0,4,5,5,5,5,6,7,7,16,22,22
POST,login,620,0,8,8.447273836880472,6.5729990019463,16.22830300766509,10117.0,3.4591300381901897,0.0,8,9,9,9,10,11,12,14,16,16,16
GET,login_page,620,0,4,4.366286843193643,3.373872008523904,8.590636003646068,9901.0,3.4591300381901897,0.0,4,4,5,5,5,6,7,7,9,9,9
POST,logout,619,0,8,8.023873712295389,6.02733000414446,28.01312399969902,9113.0,3.4535507961931087,0.0,8,8,9,9,10,11,12,13,28,28,28
GET,profile,620,0,7,6.802676006238119,5.001757992431521,20.66031299182214,8905.0,3.4591300381901897,0.0,7,7,8,8,9,9,11,11,21,21,21
GET,view_product,2307,0,11,11.612967154692162,8.891217003110796,36.96461800427642,122444.42999566537,12.871311287265755,0.0,11,12,12,12,13,14,15,16,23,37,37
,Aggregated,12365,0,7,7.910441360320341,2.7721010119421408,36.96461800427642,58905.977031945,68.98732729390596,0.0,7,9,11,11,13,14,16,17,23,37,37
