Type,Name,Request Count,Failure Count,Median Response Time,Average Response Time,Min Response Time,Max Response Time,Average Content Size,Requests/s,Failures/s,50%,66%,75%,80%,90%,95%,98%,99%,99.9%,99.99%,100%
POST,addToCart,2381,0,400.0,408.6416584103327,107.77799900006357,1306.0741320000488,16795.782864342713,13.27844408997308,0.0,400,410,490,490,500,590,600,610,1200,1300,1300
POST,cartEmpty,1153,0,600.0,621.0774946548175,310.6502390000969,1400.1734379999107,10513.218560277537,6.4300907331957005,0.0,600,680,690,700,710,790,800,890,1400,1400,1400
POST,checkout,483,2,290.0,271.4960690600371,105.68369899988284,895.6534449998799,6799.542443064182,2.6936112958660217,0.011153669962178144,290,300,300,310,390,390,400,410,900,900,900
GET,home,3490,0,510.0,528.6790912627492,99.49484100002337,1102.4944949999735,10556.027507163324,19.463154084000863,0.0,510,590,600,600,610,690,700,720,1000,1100,1100
GET,logout,566,0,600.0,584.2119003074232,320.39455999984057,1206.946533000064,10499.0,3.1564885992964147,0.0,600,600,610,680,700,710,790,810,1200,1200,1200
POST,setCurrency,596,0,590.0,584.4740927382577,28.798765000146886,1106.329100000039,10513.661073825504,3.323793648729087,0.0,590,600,610,690,700,710,810,1100,1100,1100,1100
GET,viewCart,715,0,300.0,304.9312649216761,98.4775609999815,607.0853119999811,16717.731468531467,3.9874370114786863,0.0,300,310,320,390,400,400,490,500,610,610,610
GET,viewProduct,4943,0,290.0,256.99996765506717,22.94389799999408,997.6286000000982,7996.01760064738,27.566295311523284,0.0,290,300,300,300,310,390,400,410,900,1000,1000
,Aggregated,14327,2,400.0,407.11160461080726,22.94389799999408,1400.1734379999107,10883.177497033574,79.89931477406313,0.011153669962178144,400,500,510,590,600,690,710,790,1100,1400,1400
