Type,Name,Request Count,Failure Count,Median Response Time,Average Response Time,Min Response Time,Max Response Time,Average Content Size,Requests/s,Failures/s,50%,66%,75%,80%,90%,95%,98%,99%,99.9%,99.99%,100%
GET,home,896,0,7.0,16.255985715401625,5.726406998292077,117.03056499754894,10562.40513392857,4.998335660753916,0.0,7.0,7.0,7.0,8.0,61.0,66.0,71.0,75.0,120.0,120.0,120.0
GET,viewCart,128,0,6.0,11.848072484212937,5.4140889988048,67.4409419989388,16464.3046875,0.7140479515362738,0.0,6.0,6.0,6.0,6.0,51.0,59.0,65.0,67.0,67.0,67.0,67.0
POST,addToCart,640,0,8.0,18.801265642218823,7.113777002814459,76.54620899847941,16739.69375,3.570239757681369,0.0,8.0,9.0,9.0,10.0,66.0,70.0,73.0,74.0,77.0,77.0,77.0
POST,checkout,128,0,9.0,18.823363125051173,7.96265300232335,67.46461699731299,6806.546875,0.7140479515362738,0.0,9.0,9.0,9.0,12.0,60.0,63.0,65.0,66.0,67.0,67.0,67.0
POST,cartEmpty,384,0,8.0,9.801686533904784,7.46641899968381,77.27324399820645,10513.4921875,2.1421438546088214,0.0,8.0,9.0,9.0,9.0,9.0,10.0,63.0,70.0,77.0,77.0,77.0
GET,logout,128,0,8.0,11.07621565648742,7.285227999091148,116.3594630015723,10499.0,0.7140479515362738,0.0,8.0,8.0,8.0,8.0,9.0,9.0,75.0,80.0,120.0,120.0,120.0
GET,viewProduct,1280,1280,6.0,11.793875224816016,4.904571000224678,5.09601100202417,7997.7310018903845,7.140479515362737,0.0,5.666666666666667,6.0,6.0,6.111111111111111,34.55555555555556,60.111111111111114,68.11111111111111,70.55555555555556,72.44444444444444,72.44444444444444,72.44444444444444
POST,setCurrency,128,0,8.0,8.234416414154566,7.098408001183998,18.917911998869386,10513.4921875,0.7140479515362738,0.0,8.0,8.0,8.0,8.0,9.0,9.0,13.0,13.0,19.0,19.0,19.0
,Aggregated,3712,0,7.0,13.95928620582975,4.904571000224678,117.03056499754894,10808.21875,20.707390594551946,0.0,7.0,8.0,8.0,9.0,56.0,65.0,70.0,73.0,80.0,120.0,120.0
