Type,Name,Request Count,Failure Count,Median Response Time,Average Response Time,Min Response Time,Max Response Time,Average Content Size,Requests/s,Failures/s,50%,66%,75%,80%,90%,95%,98%,99%,99.9%,99.99%,100%
POST,addToCart,2654,0,500.0,498.11830844158027,14.110694988630712,998.6011150031118,17002.06669178598,14.799021338305442,0.0,500,510,590,590,610,690,700,790,980,1000,1000
POST,cartEmpty,810,0,800.0,776.1515645183807,100.28545699606184,1095.5864549905527,10513.885185185185,4.516656851555165,0.0,800,810,880,890,910,920,1000,1000,1100,1100,1100
POST,checkout,599,3,300.0,311.0975026301122,97.50113700283691,796.5105069888523,6799.348914858097,3.340095622322894,0.016728358709463573,300,310,390,390,400,480,500,600,800,800,800
GET,home,3299,0,700.0,683.8209296413675,9.412104001967236,1204.085399993346,10552.337678084268,18.39561846084011,0.0,700,710,790,790,800,810,900,910,1000,1200,1200
GET,logout,693,0,780.0,752.3662574491988,101.35338100371882,1010.6750170089072,10499.0,3.864250861886086,0.0,780,800,810,820,900,910,990,1000,1000,1000,1000
POST,setCurrency,735,0,790.0,750.1809086068336,23.65196999744512,1100.0516819913173,10514.099319727891,4.098447883818576,0.0,790,800,810,880,900,910,1000,1000,1100,1100,1100
GET,viewCart,1228,0,400.0,390.7560760961055,10.629169002640992,753.5703080066014,16939.971498371335,6.847474831740423,0.0,400,410,480,490,500,510,600,600,750,750,750
GET,viewProduct,5143,0,300.0,308.75878254624536,7.748382995487191,896.5540229983162,7997.5769006416485,28.67798294759039,0.0,300,310,320,390,400,410,500,510,810,900,900
,Aggregated,15161,3,490.0,496.901858264348,7.748382995487191,1204.085399993346,11177.507882065827,84.53954879805909,0.016728358709463573,490,600,690,700,800,810,900,910,1000,1100,1200
