Type,Name,Request Count,Failure Count,Median Response Time,Average Response Time,Min Response Time,Max Response Time,Average Content Size,Requests/s,Failures/s,50%,66%,75%,80%,90%,95%,98%,99%,99.9%,99.99%,100%
POST,addToCart,1375,0,210.0,244.15095633110667,12.705437009572051,1007.6959720026935,16715.839272727273,7.669864659252602,0.0,210,290,300,300,300,310,390,410,1000,1000,1000
POST,cartEmpty,348,0,320.0,360.5092288129652,104.17178999341559,1296.5608679951401,10514.057471264368,1.9411730192144767,0.0,320,400,400,400,490,500,500,1000,1300,1300,1300
POST,checkout,175,1,200.0,185.29631363435848,76.20294699154329,792.2905369923683,6796.108571428572,0.9761645929957857,0.005578083388547347,200,200,200,200,290,300,300,300,790,790,790
GET,home,3916,0,300.0,310.70354822832337,12.502294004661962,1285.0219969986938,10535.756639427987,21.843774549551412,0.0,300,310,310,390,400,400,490,610,1200,1300,1300
GET,logout,758,0,310.0,352.33374526508055,99.04514100344386,1210.14645100513,10499.0,4.228187208518889,0.0,310,400,400,400,410,490,500,510,1200,1200,1200
POST,setCurrency,771,0,310.0,356.4705340998287,42.41150800953619,1195.4008509928826,10513.335927367056,4.300702292570005,0.0,310,390,400,400,410,500,710,1100,1200,1200,1200
GET,viewCart,851,0,190.0,183.19844818083675,9.5996760064736,929.4401789957192,16609.004700352525,4.746948963653792,0.0,190,200,200,200,210,290,300,790,930,930,930
GET,viewProduct,4440,0,190.0,166.69166402136872,7.5022219971288,1101.8108149874024,7986.64572072072,24.766690245150222,0.0,190,190,200,200,200,210,290,800,1100,1100,1100
,Aggregated,12634,1,210.0,249.18690475613303,7.5022219971288,1296.5608679951401,10665.625059363621,70.47350553090718,0.005578083388547347,210,300,300,310,400,400,500,790,1200,1300,1300
