Type,Name,Request Count,Failure Count,Median Response Time,Average Response Time,Min Response Time,Max Response Time,Average Content Size,Requests/s,Failures/s,50%,66%,75%,80%,90%,95%,98%,99%,99.9%,99.99%,100%
POST,addToCart,2519,0,410.0,448.3717899868606,99.8538540006848,1492.730919002497,16998.32949583168,14.052722589667729,0.0,410,490,500,500,590,600,700,890,1300,1500,1500
POST,cartEmpty,778,0,690.0,652.8742095296691,205.55315199453617,1494.4270720006898,10513.952442159383,4.340221585852121,0.0,690,700,710,710,800,810,890,910,1500,1500,1500
POST,checkout,571,5,290.0,291.0869957303047,101.13403699506307,1202.2243160026846,6792.570928196147,3.185432552084269,0.0278934549219288,290,300,310,310,400,410,700,820,1200,1200,1200
GET,home,3124,0,590.0,573.4430021319047,28.802913999243174,1614.7072309977375,10552.295134443022,17.427830635221113,0.0,590,600,610,610,700,710,800,1100,1500,1600,1600
GET,logout,663,0,610.0,641.879312010462,389.0934590017423,1600.5115659936564,10499.0,3.698672122647759,0.0,610,690,700,700,790,800,810,1300,1600,1600,1600
POST,setCurrency,690,0,610.0,641.0069835391461,23.31963899632683,1489.9671290040715,10513.855072463768,3.8492967792261745,0.0,610,700,700,700,790,800,1000,1100,1500,1500,1500
GET,viewCart,1143,0,310.0,351.5581081574421,115.33126500580693,1012.2990079980809,16999.823272090987,6.376443795152923,0.0,310,390,400,400,480,500,600,800,1000,1000,1000
GET,viewProduct,4866,0,300.0,287.15765560939985,10.203281999565661,1196.2899749996723,7997.916563912865,27.145910330021106,0.0,300,300,300,310,390,400,600,830,1100,1200,1200
,Aggregated,14354,5,400.0,436.2569429801672,10.203281999565661,1614.7072309977375,11175.047512888394,80.0765303898732,0.0278934549219288,400,500,590,600,690,710,800,920,1400,1600,1600
