{"dlingam": {"RES_TIME": {"precision": 0.9, "recall": 1, "mhd_pos": 0.6296296296296295, "mhd_false": 0.3333333333333333}, "CPU": {"precision": 0.7, "recall": 1, "mhd_pos": 0.047619047619047616, "mhd_false": 0.3333333333333333}, "MEM": {"precision": 1.0, "recall": 1, "mhd_pos": 0.3333333333333333, "mhd_false": -1}}, "dagma_lin": {"RES_TIME": {"precision": 0, "recall": 0, "mhd_pos": -1, "mhd_false": 4.814814814814815}, "CPU": {"precision": 0.6, "recall": 1, "mhd_pos": 0.05555555555555555, "mhd_false": 0.3333333333333333}, "MEM": {"precision": 0, "recall": 0, "mhd_pos": -1, "mhd_false": 1.8333333333333333}}, "dagma_mlp": {"RES_TIME": {"precision": 0, "recall": 0, "mhd_pos": -1, "mhd_false": 4.925925925925926}, "CPU": {"precision": 0.6, "recall": 1, "mhd_pos": 0.0, "mhd_false": 0.3333333333333333}, "MEM": {"precision": 0, "recall": 0, "mhd_pos": -1, "mhd_false": 6.666666666666667}}, "dag_gnn": {"RES_TIME": {"precision": 1.0, "recall": 1, "mhd_pos": 0.5333333333333333, "mhd_false": -1}, "CPU": {"precision": 1.0, "recall": 1, "mhd_pos": 0.3, "mhd_false": -1}, "MEM": {"precision": 1.0, "recall": 1, "mhd_pos": 0.3333333333333333, "mhd_false": -1}}}