Type,Name,Request Count,Failure Count,Median Response Time,Average Response Time,Min Response Time,Max Response Time,Average Content Size,Requests/s,Failures/s,50%,66%,75%,80%,90%,95%,98%,99%,99.9%,99.99%,100%
GET,home,3068,0,200.0,217.20197882823032,10.432314011268318,1190.982667991193,10553.261408083445,17.10487168118841,0.0,200.0,210.0,280.0,290.0,300.0,300.0,310.0,520.0,1000.0,1200.0,1200.0
GET,viewCart,621,0,110.0,142.84143835927986,11.278559017227964,925.9407730132808,16675.26731078905,3.462231197528684,0.0,110.0,190.0,190.0,190.0,200.0,200.0,210.0,290.0,930.0,930.0,930.0
POST,addToCart,2066,0,200.0,206.50233446839823,15.367029991466552,995.6698509922716,16794.49903194579,11.518469652325702,0.0,200.0,200.0,210.0,270.0,290.0,300.0,310.0,390.0,910.0,1000.0,1000.0
POST,checkout,415,5,190.0,169.5020201202925,12.11266001337208,995.696736004902,6784.838554216867,2.3137293832116006,0.0278762576290554,190.0,190.0,200.0,200.0,200.0,210.0,300.0,780.0,1000.0,1000.0,1000.0
POST,cartEmpty,1014,0,290.0,269.915099824356,98.858459998155,1102.3480109870434,10511.07889546351,5.653305047172441,0.0,290.0,300.0,300.0,300.0,310.0,390.0,400.0,500.0,1100.0,1100.0,1100.0
GET,logout,508,0,210.0,248.0000233400625,91.31883300142364,1098.406075994717,10497.0,2.8322277751120315,0.0,210.0,290.0,300.0,300.0,300.0,380.0,390.0,400.0,1100.0,1100.0,1100.0
GET,viewProduct,4318,4318,110.0,132.20110004997812,7.764201000100002,10.979421000229197,7995.247740248223,24.073936088452268,0.0,107.77777777777777,142.22222222222223,190.0,190.0,197.77777777777777,200.0,211.11111111111111,353.3333333333333,763.3333333333334,763.3333333333334,763.3333333333334
POST,setCurrency,520,0,210.0,251.15948745962947,21.477870002854612,901.8485500128008,10510.723076923075,2.8991307934217647,0.0,210.0,290.0,300.0,300.0,310.0,390.0,400.0,590.0,900.0,900.0,900.0
,Aggregated,12530,5,190.0,187.83669356290244,7.764201000100002,1190.982667991193,10871.871508379889,69.85790161841291,0.0278762576290554,190.0,200.0,210.0,210.0,300.0,300.0,390.0,400.0,1000.0,1100.0,1200.0
