Type,Name,Request Count,Failure Count,Median Response Time,Average Response Time,Min Response Time,Max Response Time,Average Content Size,Requests/s,Failures/s,50%,66%,75%,80%,90%,95%,98%,99%,99.9%,99.99%,100%
POST,addToCart,2102,0,200.0,204.50743736861938,14.634627004852518,489.96557798818685,16781.20599429115,11.728232412318318,0.0,200,210,210,290,300,300,300,310,400,490,490
POST,cartEmpty,1034,0,290.0,261.58518250899346,97.81834999739658,503.1464269995922,10511.097678916827,5.769263708057632,0.0,290,300,300,300,310,390,400,400,500,500,500
POST,checkout,420,3,190.0,162.63131431475077,12.225304992171004,294.52941298950464,6791.661904761905,2.3434146589789218,0.016738676135563728,190,200,200,200,200,200,290,290,290,290,290
GET,home,3128,0,200.0,209.9023865202957,10.952558994176798,401.16816700901836,10553.521099744246,17.452859650681113,0.0,200,210,230,290,300,300,300,310,400,400,400
GET,logout,517,0,210.0,241.0347006828961,14.883879994158633,407.48511999845505,10497.0,2.884631854028816,0.0,210,290,300,300,300,310,390,400,410,410,410
POST,setCurrency,532,0,210.0,246.6012222551337,16.216692005400546,414.7101550042862,10498.093984962406,2.9683252347066342,0.0,210,290,300,300,310,390,400,400,410,410,410
GET,viewCart,632,0,110.0,142.21043211594557,10.272849001921713,388.4232599957613,16685.976265822785,3.526281105892092,0.0,110,190,190,190,200,200,210,280,390,390,390
GET,viewProduct,4397,0,110.0,129.8471839531429,8.109855989459902,304.00180199649185,7994.401864907892,24.53331965602457,0.0,110,180,190,190,200,200,200,210,290,300,300
,Aggregated,12762,3,190.0,183.5022238319123,8.109855989459902,503.1464269995922,10869.40440369848,71.2063282806881,0.016738676135563728,190,200,210,210,300,300,310,390,400,500,500
