Type,Name,Request Count,Failure Count,Median Response Time,Average Response Time,Min Response Time,Max Response Time,Average Content Size,Requests/s,Failures/s,50%,66%,75%,80%,90%,95%,98%,99%,99.9%,99.99%,100%
POST,addToCart,2066,0,200.0,207.6266395895955,13.625594998302404,1107.198308003717,16801.219748305906,11.528865786161305,0.0,200,210,210,290,300,300,310,310,1100,1100,1100
POST,cartEmpty,1019,0,290.0,267.1378182493521,97.63969799678307,1108.657894001226,10512.918547595682,5.686308923571331,0.0,290,300,300,300,390,400,400,410,1000,1100,1100
POST,checkout,415,1,190.0,166.0063075734841,19.646782006020658,961.8116969941184,6803.0506024096385,2.315817667597745,0.005580283536380109,190,190,200,200,200,210,290,290,960,960,960
GET,home,3077,0,200.0,216.87955175304498,11.050141001760494,1011.6262509982334,10555.521936951576,17.170532441441594,0.0,200,210,290,290,300,300,310,390,1000,1000,1000
GET,logout,509,0,210.0,243.4545859470999,96.72429600323085,896.3559549956699,10499.0,2.8403643200174753,0.0,210,290,300,300,300,390,400,400,900,900,900
POST,setCurrency,520,0,210.0,250.52255341729156,15.066603999002837,1102.3323200060986,10513.388461538461,2.9017474389176563,0.0,210,290,300,300,310,390,400,410,1100,1100,1100
GET,viewCart,625,0,110.0,145.4364031169098,9.616251998522785,1019.0987930036499,16696.7264,3.487677210237568,0.0,110,190,190,190,200,200,210,290,1000,1000,1000
GET,viewProduct,4327,0,110.0,131.8977359186985,7.38927700149361,1014.7838850025437,7996.394961867344,24.14588686191673,0.0,110,120,190,190,200,200,200,210,920,1000,1000
,Aggregated,12558,1,200.0,187.38735784899325,7.38927700149361,1108.657894001226,10875.410017518712,70.0772006498614,0.005580283536380109,200,200,210,220,300,300,390,400,1000,1100,1100
