Type,Name,Request Count,Failure Count,Median Response Time,Average Response Time,Min Response Time,Max Response Time,Average Content Size,Requests/s,Failures/s,50%,66%,75%,80%,90%,95%,98%,99%,99.9%,99.99%,100%
POST,addToCart,2217,0,290.0,269.0017785908831,14.3350090002059,495.6609219998427,16792.836265223275,12.364529578201207,0.0,290,300,300,300,310,390,400,400,410,500,500
POST,cartEmpty,1115,0,390.0,374.5808470098801,95.64449200024683,696.7680620000465,10513.540807174888,6.218516229000607,0.0,390,400,400,410,490,500,500,510,610,700,700
POST,checkout,448,0,200.0,194.8922374040335,90.70998399965902,392.6935319996119,6807.404017857143,2.498560780800244,0.0,200,200,200,210,290,290,300,310,390,390,390
GET,home,3209,0,300.0,312.7354815085738,29.618896000101813,504.3471110002429,10556.756310377064,17.897057021401746,0.0,300,310,390,390,400,400,410,490,500,500,500
GET,logout,520,0,390.0,356.0089234384755,110.5875000002925,597.0298120000734,10499.0,2.9001151920002832,0.0,390,400,400,400,410,490,500,510,600,600,600
POST,setCurrency,539,0,320.0,355.4933300890731,69.84740200005035,599.0547050005262,10513.053803339517,3.0060809394002934,0.0,320,400,400,400,490,500,500,590,600,600,600
GET,viewCart,640,0,200.0,190.4913469015737,7.931911999548902,310.43878799937374,16687.4546875,3.5693725440003488,0.0,200,200,210,210,290,290,300,300,310,310,310
GET,viewProduct,4563,0,190.0,170.8190063300463,8.089890000519517,307.35087000084604,7996.4012710935785,25.448510809802485,0.0,190,200,200,200,200,210,290,300,300,310,310
,Aggregated,13251,0,210.0,255.30236231809218,7.931911999548902,696.7680620000465,10880.101879103464,73.90274309460722,0.0,210,300,300,310,400,400,490,500,580,610,700
