Type,Name,Request Count,Failure Count,Median Response Time,Average Response Time,Min Response Time,Max Response Time,Average Content Size,Requests/s,Failures/s,50%,66%,75%,80%,90%,95%,98%,99%,99.9%,99.99%,100%
POST,addToCart,2153,0,290.0,275.06104852392747,90.309273999992,1265.6468610002776,16790.90803529958,12.015612395823682,0.0,290,300,300,300,350,400,400,550,1200,1300,1300
POST,cartEmpty,1082,0,390.0,381.985155987066,98.60016399943561,1266.0059299996647,10513.655268022181,6.038500981087425,0.0,390,400,400,410,490,500,510,1100,1200,1300,1300
POST,checkout,437,5,200.0,207.45703273912724,88.77414700054942,1851.656302000265,6790.276887871853,2.4388400450417786,0.027904348341439116,200,200,210,210,290,300,310,590,1900,1900,1900
GET,home,3114,0,300.0,320.1081167623538,16.702181000255223,1202.9137080007786,10557.164418754013,17.37882814704828,0.0,300,310,390,390,400,400,490,710,1000,1200,1200
GET,logout,505,0,390.0,364.3327771049497,98.71021199978713,1012.1848279995902,10499.0,2.8183391824853508,0.0,390,400,400,400,490,500,500,810,1000,1000,1000
POST,setCurrency,524,0,390.0,372.22601797329565,49.641743000393035,1110.438759000317,10513.780534351145,2.9243757061828193,0.0,390,400,400,400,490,500,1000,1000,1100,1100,1100
GET,viewCart,622,0,200.0,201.82835332637285,9.041738000632904,1020.3568169999926,16705.93729903537,3.471300933675026,0.0,200,200,210,210,280,300,530,800,1000,1000,1000
GET,viewProduct,4425,0,190.0,180.53378289242835,6.797551999625284,1064.511190000303,7996.822146892655,24.695348282173615,0.0,190,200,200,200,210,290,300,730,1000,1100,1100
,Aggregated,12862,5,280.0,264.06651267913253,6.797551999625284,1851.656302000265,10881.449852278029,71.78114567351798,0.027904348341439116,280,300,310,310,400,410,500,740,1200,1700,1900
