Type,Name,Request Count,Failure Count,Median Response Time,Average Response Time,Min Response Time,Max Response Time,Average Content Size,Requests/s,Failures/s,50%,66%,75%,80%,90%,95%,98%,99%,99.9%,99.99%,100%
POST,addToCart,2290,0,300.0,327.86049102931855,97.66861499520019,1206.8256519996794,16785.4192139738,12.770244295675687,0.0,300,380,390,400,400,410,500,790,1200,1200,1200
POST,cartEmpty,1140,0,490.0,470.85905306082344,100.14400999352802,1417.0575820025988,10510.669298245613,6.357239518371302,0.0,490,500,500,510,590,600,710,910,1300,1400,1400
POST,checkout,462,4,210.0,232.44682068206916,35.578815994085744,1084.141073995852,6792.064935064935,2.5763549627083697,0.02230610357323264,210,280,290,290,300,310,390,810,1100,1100,1100
GET,home,3366,0,400.0,395.6595826526316,11.458833003416657,1404.8658730025636,10554.046939988117,18.770586156875265,0.0,400,400,410,410,500,500,710,900,1400,1400,1400
GET,logout,546,0,420.0,471.2591445620488,119.07477700151503,1311.839449001127,10497.0,3.044783137746255,0.0,480,500,500,500,590,610,1100,1300,1300,1300,1300
POST,setCurrency,568,0,420.0,455.58012711654544,19.597124992287718,1311.5382749965647,10511.304577464789,3.1674667073990346,0.0,420,500,500,500,590,600,690,890,1300,1300,1300
GET,viewCart,675,0,210.0,241.57852086678355,8.778290008194745,1188.3722029888304,16692.666666666668,3.764154977983008,0.0,210,290,290,300,300,310,400,720,1200,1200,1200
GET,viewProduct,4757,0,200.0,210.1209728053376,8.012206992134452,1092.886180995265,7995.148833298297,26.527533674466916,0.0,200,200,210,210,290,300,400,710,1000,1100,1100
,Aggregated,13804,4,300.0,319.14288653024266,8.012206992134452,1417.0575820025988,10872.637279049552,76.97836343122584,0.02230610357323264,300,390,400,410,500,510,610,880,1300,1400,1400
