Type,Name,Request Count,Failure Count,Median Response Time,Average Response Time,Min Response Time,Max Response Time,Average Content Size,Requests/s,Failures/s,50%,66%,75%,80%,90%,95%,98%,99%,99.9%,99.99%,100%
POST,addToCart,2356,0,390.0,386.6136369252751,103.74200300429948,1207.8513510059565,16812.318760611204,13.137928466648251,0.0,390,400,400,410,490,500,900,1000,1100,1200,1200
POST,cartEmpty,1147,0,520.0,560.1538281320968,208.4881869959645,1310.1350539945997,10513.527462946819,6.3960967534998066,0.0,520,600,600,600,690,700,1100,1200,1300,1300,1300
POST,checkout,483,1,280.0,267.1522096338861,99.16692299884744,1099.266622972209,6803.865424430642,2.6933868630692297,0.0055763703169135195,280,290,300,300,310,400,800,990,1100,1100,1100
GET,home,3370,0,490.0,480.24510616672023,13.875327014829963,1299.0973310079426,10556.835608308606,18.79236796799856,0.0,490,500,510,510,600,600,800,1100,1200,1300,1300
GET,logout,553,0,510.0,541.5848135122117,303.16253600176424,1300.656258012168,10499.0,3.083732785253176,0.0,510,590,600,600,610,700,980,1200,1300,1300,1300
POST,setCurrency,581,0,510.0,541.840889997327,139.53534798929468,1202.0327670034021,10513.636833046472,3.239871154126755,0.0,510,590,600,600,690,700,810,1000,1200,1200,1200
GET,viewCart,702,0,290.0,283.50921962329784,103.99818202131428,952.2662489907816,16732.770655270655,3.9146119624732907,0.0,290,300,300,310,390,400,410,530,950,950,950
GET,viewProduct,4830,0,210.0,249.2676720072445,13.707419013371691,1048.6943059950136,7996.2679089026915,26.9338686306923,0.0,210,290,300,300,310,390,700,800,1000,1000,1000
,Aggregated,14022,1,390.0,379.2690758400878,13.707419013371691,1310.1350539945997,10898.187918984453,78.19186458376137,0.0055763703169135195,390,410,500,500,590,610,800,1000,1200,1300,1300
