Type,Name,Request Count,Failure Count,Median Response Time,Average Response Time,Min Response Time,Max Response Time,Average Content Size,Requests/s,Failures/s,50%,66%,75%,80%,90%,95%,98%,99%,99.9%,99.99%,100%
POST,addToCart,2440,0,390.0,374.0011478031386,103.19450197857805,991.7092100076843,16802.669262295083,13.606185868449288,0.0,390,400,400,410,490,500,510,590,990,990,990
POST,cartEmpty,1192,0,510.0,544.4747869244401,288.53505599545315,998.5660519741941,10513.019295302014,6.646956375078505,0.0,510,600,600,600,680,700,710,780,910,1000,1000
POST,checkout,499,2,280.0,252.41829114489002,101.2711160001345,794.640022009844,6799.166332665331,2.782576536211555,0.011152611367581384,280,290,300,300,310,390,400,400,790,790,790
GET,home,3499,0,490.0,465.07081194345847,107.61445201933384,1097.6612149970606,10556.605030008574,19.51149358758363,0.0,490,500,500,510,590,600,610,690,1000,1100,1100
GET,logout,576,0,510.0,526.3056519361271,294.2310029757209,1100.074083020445,10499.0,3.211952073863438,0.0,510,590,600,600,610,690,700,790,1100,1100,1100
POST,setCurrency,599,0,510.0,521.677897327052,31.323448987677693,1209.5721560181119,10513.554257095158,3.340207104590624,0.0,510,590,600,600,610,700,710,1100,1200,1200,1200
GET,viewCart,731,0,290.0,272.47122444197146,97.94247400714085,708.7711390049662,16711.142270861834,4.0762794548509955,0.0,290,300,300,300,310,390,400,410,710,710,710
GET,viewProduct,5006,0,210.0,233.69484911093951,7.848676003050059,816.3254109967966,7996.316620055933,27.914986253056203,0.0,210,290,290,300,300,310,390,400,700,820,820
,Aggregated,14542,2,320.0,364.4276056014031,7.848676003050059,1209.5721560181119,10896.082107000413,81.09063725368424,0.011152611367581384,320,410,490,500,590,600,620,700,990,1200,1200
