Type,Name,Request Count,Failure Count,Median Response Time,Average Response Time,Min Response Time,Max Response Time,Average Content Size,Requests/s,Failures/s,50%,66%,75%,80%,90%,95%,98%,99%,99.9%,99.99%,100%
POST,addToCart,2374,0,400.0,385.8112545922352,7.759864995023236,1205.2971399971284,16809.236731255267,13.237269837191306,0.0,400,410,490,490,500,510,600,610,1200,1200,1200
POST,cartEmpty,1167,0,600.0,583.6649755737305,8.176173985702917,1494.3415930029005,10513.833761782347,6.507116217355625,0.0,600,620,690,700,710,800,890,910,1500,1500,1500
POST,checkout,478,1,280.0,246.55385341435118,8.2281639915891,490.45493800076656,6803.219665271967,2.665296959636666,0.0055759350620013925,280,290,300,300,310,390,400,400,490,490,490
GET,home,3470,0,510.0,502.4628552634528,6.400301994290203,1491.9869890145492,10556.312391930836,19.348494665144834,0.0,510,590,600,600,610,690,710,910,1400,1500,1500
GET,logout,555,0,600.0,564.9291798862029,7.7767830225639045,1503.847585991025,10499.0,3.094643959410773,0.0,600,610,680,690,700,710,800,810,1500,1500,1500
POST,setCurrency,588,0,600.0,563.1222106565066,7.6835540239699185,1215.1928759994917,10513.098639455782,3.2786498164568187,0.0,600,610,690,700,710,790,810,900,1200,1200,1200
GET,viewCart,698,0,300.0,296.8843496299264,5.749723000917584,1005.585439997958,16715.25501432665,3.892002673276972,0.0,300,310,330,390,400,400,500,510,1000,1000,1000
GET,viewProduct,4911,0,280.0,251.24304415856645,5.123980983626097,1292.974673997378,7996.388515577276,27.38341708948884,0.0,280,300,300,300,310,390,410,690,1100,1300,1300
,Aggregated,14241,1,390.0,389.3113696510099,5.123980983626097,1503.847585991025,10884.29702970297,79.40689121796183,0.0055759350620013925,390,490,510,590,610,700,710,820,1300,1500,1500
