Type,Name,Request Count,Failure Count,Median Response Time,Average Response Time,Min Response Time,Max Response Time,Average Content Size,Requests/s,Failures/s,50%,66%,75%,80%,90%,95%,98%,99%,99.9%,99.99%,100%
POST,addToCart,2663,0,510.0,540.5938518667251,105.836360999092,1699.4431050043204,17001.71836274878,14.852417061155482,0.0,510,590,600,600,690,710,1000,1200,1500,1700,1700
POST,cartEmpty,826,0,800.0,788.9264252118949,293.5801920029917,1602.0995029975893,10513.836561743341,4.606870631811652,0.0,800,810,890,900,980,1000,1100,1300,1600,1600,1600
POST,checkout,602,3,300.0,337.8731968172167,108.92175700428197,1187.3026970060891,6800.400332225913,3.357549782506797,0.016731975660332875,300,380,390,400,410,520,700,810,1200,1200,1200
GET,home,3318,0,700.0,697.9228049577148,84.23350099474192,1707.2095510011422,10552.47408077155,18.50556508032816,0.0,700,710,790,800,810,900,1100,1300,1600,1700,1700
GET,logout,690,0,790.0,770.1355467117064,316.77795900031924,1508.4571319966926,10499.0,3.8483544018765614,0.0,790,800,810,880,910,990,1100,1400,1500,1500,1500
POST,setCurrency,737,0,790.0,775.678772746374,83.9893700031098,1702.2261349993641,10514.033921302578,4.1104886872217765,0.0,790,800,880,890,930,1100,1400,1500,1700,1700,1700
GET,viewCart,1218,0,400.0,425.42275601158025,103.57728799863253,1394.696485993336,16961.549261083743,6.793182118095148,0.0,400,480,490,500,570,600,800,900,1200,1400,1400
GET,viewProduct,5166,0,300.0,342.85438589061044,11.48310899588978,1197.658910001337,7996.453542392567,28.812462087093213,0.0,300,380,400,400,410,510,810,980,1100,1200,1200
,Aggregated,15220,3,500.0,525.8069410747677,11.48310899588978,1707.2095510011422,11171.416162943495,84.88688985008879,0.016731975660332875,500,610,700,710,800,900,1000,1200,1500,1700,1700
