Type,Name,Request Count,Failure Count,Median Response Time,Average Response Time,Min Response Time,Max Response Time,Average Content Size,Requests/s,Failures/s,50%,66%,75%,80%,90%,95%,98%,99%,99.9%,99.99%,100%
POST,addToCart,2705,0,500.0,517.8967005645259,14.244014000723837,904.5747110030788,17002.666543438077,15.087212715005526,0.0,500,590,590,600,680,700,710,790,900,900,900
POST,cartEmpty,836,0,800.0,782.4249908145202,93.20054199997685,1118.29833199954,10514.151913875598,4.662813245746625,0.0,800,810,890,900,910,990,1000,1000,1100,1100,1100
POST,checkout,617,3,300.0,316.39397074715487,13.24522099821479,595.2932889995282,6798.628849270664,3.4413346562507985,0.016732583417751044,300,310,390,390,400,490,500,510,600,600,600
GET,home,3363,0,700.0,690.3076138783639,9.939646999555407,1006.9630210018659,10552.383883437407,18.757226011298922,0.0,700,710,790,800,810,890,900,910,1000,1000,1000
GET,logout,707,0,800.0,771.0168029263701,15.222892001474975,1102.2875140006363,10498.992927864216,3.9433121587833297,0.0,800,810,810,890,900,910,1000,1000,1100,1100,1100
POST,setCurrency,747,0,800.0,760.4595440548592,23.045760997774778,1186.6266150027514,10513.914323962517,4.16641327102001,0.0,800,800,820,890,900,910,1000,1000,1200,1200,1200
GET,viewCart,1234,0,400.0,405.11836113126924,12.393999000778422,695.2648679980484,16975.435170178283,6.882669312501597,0.0,400,410,490,490,500,590,600,600,690,700,700
GET,viewProduct,5243,0,300.0,319.4222675218024,7.565571999293752,603.4971210028743,7997.019645241274,29.24297828642291,0.0,300,310,390,400,400,420,500,500,590,600,600
,Aggregated,15452,3,490.0,508.6433224244502,7.565571999293752,1186.6266150027514,11171.188713435155,86.18395965702972,0.016732583417751044,490,600,700,710,800,880,900,910,1000,1100,1200
