Type,Name,Request Count,Failure Count,Median Response Time,Average Response Time,Min Response Time,Max Response Time,Average Content Size,Requests/s,Failures/s,50%,66%,75%,80%,90%,95%,98%,99%,99.9%,99.99%,100%
POST,addToCart,1626,0,27,50.79701493843172,7.473578996723518,187.77638400206342,16961.20233702337,9.068360960305032,0.0,49,89,92,93,96,99,100,100,190,190,190
POST,cartEmpty,531,0,17,52.712574389389594,7.851904985727742,632.0594050048385,10513.517890772127,2.9614389113911264,0.0,17,90,93,95,98,100,100,110,630,630,630
POST,checkout,358,0,13,47.522894094692276,7.801244995789602,101.27230500802398,6806.209497206704,1.9966009986403452,0.0,13,87,90,92,95,97,98,99,100,100,100
GET,home,2226,0,12,45.585367287519496,5.807897003251128,628.3387790026609,10550.65274034142,12.414619617244158,0.0,12,85,89,91,94,97,99,100,190,630,630
GET,logout,464,0,84,58.21165969173935,7.588512991787866,195.10872301179916,10499.0,2.5877733613662577,0.0,84,92,94,95,99,100,100,110,200,200,200
POST,setCurrency,467,0,83,58.52521140455185,7.452421996276826,189.30349699803628,10513.867237687366,2.604504654650953,0.0,83,91,93,95,99,100,100,110,190,190,190
GET,viewCart,737,0,9,40.50049817394841,5.408826007624157,102.8404000098817,16943.803256445048,4.110321050273559,0.0,9,83,87,89,92,94,96,97,100,100,100
GET,viewProduct,3299,0,8,33.07740312491894,5.088413992780261,182.93146800715476,7996.429524098212,18.39884551540363,0.0,8,11,82,85,90,92,95,96,100,180,180
,Aggregated,9708,0,11,43.50898752006329,5.088413992780261,632.0594050048385,11097.3717552534,54.14246506927506,0.0,11,84,89,90,94,97,100,100,190,630,630
