{
  "RES_TIME": {
    "mean_precision": 0.9699999999999999,
    "mean_recall": 0.9999999999999999,
    "mean_mhd_pos": 0.9240740740740738,
    "mean_mhd_false": 0.3333333333333333
  },
  "CPU": {
    "mean_precision": 0.9899999999999999,
    "mean_recall": 0.9999999999999999,
    "mean_mhd_pos": 0.1514814814814815,
    "mean_mhd_false": 0.3333333333333333
  },
  "MEM": {
    "mean_precision": 0.7999999999999999,
    "mean_recall": 0.7999999999999999,
    "mean_mhd_pos": 0.3333333333333333,
    "mean_mhd_false": 0.3333333333333333
  }
}