Type,Name,Request Count,Failure Count,Median Response Time,Average Response Time,Min Response Time,Max Response Time,Average Content Size,Requests/s,Failures/s,50%,66%,75%,80%,90%,95%,98%,99%,99.9%,99.99%,100%
POST,addToCart,2530,0,400.0,401.2416650833718,109.58514599769842,1298.9481489930768,17006.575098814228,14.106016502689707,0.0,400,400,410,490,500,510,790,930,1300,1300,1300
POST,cartEmpty,787,0,510.0,554.9648897596629,211.90945799753536,1388.7683920038398,10512.711562897077,4.38791896743747,0.0,510,600,600,610,690,700,1000,1200,1400,1400,1400
POST,checkout,579,4,290.0,264.137799241748,105.76297000807244,899.3264909950085,6794.668393782384,3.2282148438961817,0.022302002375794,290,300,300,300,380,400,600,790,900,900,900
GET,home,3097,0,490.0,482.31798664473223,83.02367100259289,1207.218723007827,10551.5324507588,17.267325339458505,0.0,490,500,510,510,600,610,880,990,1200,1200,1200
GET,logout,657,0,510.0,551.1908944232786,289.593434004928,1195.1712690060958,10497.0,3.6631038902241646,0.0,510,590,600,600,690,700,800,1000,1200,1200,1200
POST,setCurrency,683,0,590.0,560.1376465475604,55.65881398797501,1211.7228690040065,10512.487554904832,3.8080669056668257,0.0,590,600,600,610,700,710,1000,1100,1200,1200,1200
GET,viewCart,1144,0,300.0,300.99501250815655,103.41505300311837,1010.9982510039117,17001.569055944055,6.378372679477085,0.0,300,300,310,320,400,410,500,790,1000,1000,1000
GET,viewProduct,4849,0,210.0,248.99693481520086,10.517164002521895,1012.0653519988991,7997.160857908847,27.03560238005628,0.0,210,290,300,300,310,390,600,800,1000,1000,1000
,Aggregated,14326,4,390.0,376.58831723843247,10.517164002521895,1388.7683920038398,11183.647494066732,79.87462150890622,0.022302002375794,390,410,490,500,590,610,750,910,1200,1400,1400
