Type,Name,Request Count,Failure Count,Median Response Time,Average Response Time,Min Response Time,Max Response Time,Average Content Size,Requests/s,Failures/s,50%,66%,75%,80%,90%,95%,98%,99%,99.9%,99.99%,100%
POST,addToCart,2335,0,390.0,352.18498658745204,7.672513005672954,999.9847779981792,17000.536188436832,13.019238214245913,0.0,390,400,400,400,490,500,510,590,910,1000,1000
POST,cartEmpty,719,0,510.0,507.5859963950843,8.382865999010392,1184.1654790041503,10514.379694019472,4.008921745628613,0.0,510,590,600,600,610,690,710,780,1200,1200,1200
POST,checkout,533,2,210.0,228.66422213880125,7.939792005345225,490.89475499931723,6799.949343339587,2.971843241196176,0.011151381768090718,210,290,290,300,300,310,390,400,490,490,490
GET,home,2875,0,490.0,445.494104731098,6.826876997365616,1196.284506993834,10553.138434782608,16.030111291630405,0.0,490,500,500,510,590,600,610,700,1200,1200,1200
GET,logout,615,0,510.0,507.90401203228953,8.440891993814148,1104.8603100061882,10499.0,3.4290498936878957,0.0,510,590,600,600,610,690,710,790,1100,1100,1100
POST,setCurrency,636,0,500.0,497.0846443119735,8.39560899476055,1103.8250440033153,10514.37893081761,3.546139402252848,0.0,500,590,600,600,610,690,700,800,1100,1100,1100
GET,viewCart,1068,0,290.0,264.385937783816,5.618977986159734,791.0838310053805,17007.595505617977,5.954837864160443,0.0,290,300,300,310,390,400,400,400,710,790,790
GET,viewProduct,4489,0,200.0,216.8386789105666,5.042978998972103,900.3686740034027,7997.943417242148,25.029276378479615,0.0,200,210,290,290,300,300,390,410,840,900,900
,Aggregated,13270,2,300.0,337.16953044133953,5.042978998972103,1196.284506993834,11185.504672192916,73.98941803128191,0.011151381768090718,300,400,490,500,510,600,610,700,1000,1200,1200
