{"RES_TIME": {"precision": 0.6153846153846154, "recall": 1, "mhd": 2.75}, "CPU": {"precision": 0.8461538461538461, "recall": 1, "mhd": 0.0}, "MEM": {"precision": 0.9090909090909091, "recall": 1, "mhd": 0.0}}