{"RES_TIME": {"precision": 0.46153846153846156, "recall": 1, "mhd": 3.6666666666666665}, "CPU": {"precision": 0.8461538461538461, "recall": 1, "mhd": 0.0}, "MEM": {"precision": 0.9090909090909091, "recall": 1, "mhd": 0.0}}