Type,Name,Request Count,Failure Count,Median Response Time,Average Response Time,Min Response Time,Max Response Time,Average Content Size,Requests/s,Failures/s,50%,66%,75%,80%,90%,95%,98%,99%,99.9%,99.99%,100%
POST,addToCart,1337,0,190.0,166.01172823524388,7.709794008405879,887.0883250201587,16701.22139117427,7.458750193252633,0.0,190,200,200,200,200,290,290,300,870,890,890
POST,cartEmpty,349,0,210.0,231.21158204863335,8.177102979971096,810.84217998432,10510.776504297994,1.9469736854488922,0.0,210,290,290,300,300,310,390,710,810,810,810
POST,checkout,169,0,110.0,145.127033300735,9.282729006372392,288.72496899566613,6808.366863905326,0.9428038763348504,0.0,110,190,190,190,200,200,200,290,290,290,290
GET,home,3799,0,200.0,196.79419257059303,6.414967007003725,1196.1769170011394,10534.02500658068,21.193561693468027,0.0,200,200,210,210,290,300,300,400,1100,1200,1200
GET,logout,737,0,210.0,234.4813733457621,8.186766994185746,1197.8504520084243,10497.0,4.111517496205827,0.0,210,290,290,300,300,300,390,390,1200,1200,1200
POST,setCurrency,741,0,210.0,236.93027837280033,7.965933997184038,1209.7059870138764,10511.15249662618,4.133832380852805,0.0,210,290,290,300,300,310,390,400,1200,1200,1200
GET,viewCart,817,0,100,128.2741708814644,5.62471299781464,1049.3705040134955,16589.581395348836,4.557815189145401,0.0,100,110,190,190,190,200,200,280,1000,1000,1000
GET,viewProduct,4305,0,100.0,113.31665139247417,5.208337999647483,1046.191727014957,7984.879442508711,24.016394601310832,0.0,100,100,110,110,190,190,200,200,1000,1000,1000
,Aggregated,12254,0,190.0,164.50174794139306,5.208337999647483,1209.7059870138764,10659.443120613678,68.36164911601927,0.0,190,200,200,200,290,300,300,390,1000,1200,1200
