Type,Name,Request Count,Failure Count,Median Response Time,Average Response Time,Min Response Time,Max Response Time,Average Content Size,Requests/s,Failures/s,50%,66%,75%,80%,90%,95%,98%,99%,99.9%,99.99%,100%
GET,home,3810,0,200.0,192.44834642703088,6.074304998037405,1015.295484001399,10534.475065616798,21.24630676645134,0.0,200.0,200.0,200.0,210.0,290.0,300.0,300.0,400.0,1000.0,1000.0,1000.0
GET,viewCart,817,0,100.0,127.28610103436225,5.207467009313405,946.8781739997212,16593.2729498164,4.555966569078936,0.0,100.0,110.0,190.0,190.0,190.0,200.0,200.0,210.0,950.0,950.0,950.0
POST,addToCart,1336,0,190.0,169.70668579492695,7.625004000146873,979.1289330023574,16706.40494011976,7.450148514430182,0.0,190.0,200.0,200.0,200.0,210.0,290.0,300.0,300.0,970.0,980.0,980.0
POST,checkout,168,0,110.0,138.26885779252777,8.788574006757699,208.17424000415485,6805.511904761905,0.9368450227726576,0.0,110.0,190.0,190.0,190.0,200.0,200.0,210.0,210.0,210.0,210.0,210.0
POST,cartEmpty,345,0,200.0,230.56529441690645,8.959300990682095,1094.228040004964,10512.88115942029,1.9238781717652789,0.0,200.0,210.0,290.0,290.0,300.0,310.0,600.0,890.0,1100.0,1100.0,1100.0
GET,logout,734,0,200.0,227.2976671037404,8.158778000506572,1106.4317889977249,10497.0,4.093120516161492,0.0,200.0,210.0,290.0,290.0,300.0,300.0,390.0,800.0,1100.0,1100.0,1100.0
GET,viewProduct,4317,4317,100.0,117.94326848242612,5.169331008801237,5.97865300369449,7985.512489438213,24.07357121017597,0.0,100.0,107.77777777777777,110.0,167.77777777777777,190.0,197.77777777777777,200.0,400.0,902.2222222222222,902.2222222222222,902.2222222222222
POST,setCurrency,745,0,210.0,227.8357666104191,7.868262007832527,1006.1640519998036,10511.954362416109,4.154461559319226,0.0,210.0,280.0,290.0,290.0,300.0,300.0,390.0,400.0,1000.0,1000.0,1000.0
,Aggregated,12272,0,190.0,164.0199302985398,5.169331008801237,1106.4317889977249,10657.86725880052,68.43429833015509,0.0,190.0,200.0,200.0,200.0,290.0,300.0,300.0,400.0,1000.0,1100.0,1100.0
