Type,Name,Request Count,Failure Count,Median Response Time,Average Response Time,Min Response Time,Max Response Time,Average Content Size,Requests/s,Failures/s,50%,66%,75%,80%,90%,95%,98%,99%,99.9%,99.99%,100%
GET,home,3910,0,200.0,185.97052050191704,6.28290900203865,399.3350620003184,10533.97800511509,21.8048824763734,0.0,200.0,200.0,200.0,210.0,290.0,290.0,300.0,300.0,390.0,400.0,400.0
GET,viewCart,836,0,100.0,122.620334401882,5.403665010817349,296.3005670026177,16591.37081339713,4.662118094692625,0.0,100.0,110.0,190.0,190.0,190.0,200.0,200.0,200.0,300.0,300.0,300.0
POST,addToCart,1367,0,190.0,169.59222635713624,7.621219992870465,400.454255999648,16708.854425749818,7.623343822302414,0.0,190.0,200.0,200.0,200.0,210.0,290.0,290.0,300.0,400.0,400.0,400.0
POST,checkout,171,1,190.0,150.2384664152125,8.893186997738667,293.8323720009066,6799.584795321637,0.9536150648234916,0.0055766962855174,190.0,190.0,190.0,190.0,200.0,200.0,220.0,290.0,290.0,290.0,290.0
POST,cartEmpty,353,0,210.0,226.6430191274138,8.200162992579862,404.9175040127011,10513.175637393768,1.9685737887876755,0.0,210.0,280.0,290.0,290.0,300.0,310.0,390.0,400.0,400.0,400.0,400.0
GET,logout,756,0,200.0,220.1827633284593,7.808160997228697,412.10304098785855,10497.0,4.215982391851226,0.0,200.0,210.0,290.0,290.0,300.0,300.0,310.0,400.0,410.0,410.0,410.0
GET,viewProduct,4422,4422,100.0,111.02556730553182,5.124857998453081,5.510052011231892,7984.952783993009,24.66015097455836,0.0,100.0,102.22222222222223,110.0,151.11111111111111,190.0,192.22222222222223,200.0,200.0,224.44444444444446,224.44444444444446,224.44444444444446
POST,setCurrency,765,0,200.0,219.57088684200176,7.804594002664089,401.30835099262185,10511.22091503268,4.266172658420882,0.0,200.0,210.0,290.0,290.0,300.0,300.0,390.0,390.0,400.0,400.0,400.0
,Aggregated,12580,1,190.0,158.3958777819772,5.124857998453081,412.10304098785855,10656.500079491256,70.15483927181008,0.0055766962855174,190.0,200.0,200.0,200.0,210.0,290.0,300.0,300.0,400.0,410.0,410.0
