{"RES_TIME": {"precision": 0.16666666666666666, "recall": 0.6666666666666666, "mhd_pos": 7.666666666666667, "mhd_false": 4.266666666666667, "true_positive": 2, "true_negative": 0, "false_positive": 10, "false_negative": 1}, "CPU": {"precision": 0.7692307692307693, "recall": 1.0, "mhd_pos": 0.0, "mhd_false": 5.333333333333333, "true_positive": 10, "true_negative": 0, "false_positive": 3, "false_negative": 0}, "MEM": {"precision": 0.07692307692307693, "recall": 1.0, "mhd_pos": 1.3333333333333333, "mhd_false": 0.6666666666666666, "true_positive": 1, "true_negative": 0, "false_positive": 12, "false_negative": 0}}