Type,Name,Request Count,Failure Count,Median Response Time,Average Response Time,Min Response Time,Max Response Time,Average Content Size,Requests/s,Failures/s,50%,66%,75%,80%,90%,95%,98%,99%,99.9%,99.99%,100%
POST,addToCart,1654,0,91,71.73574346508589,7.452512014424428,1002.5872999976855,16992.622732769043,9.227552958184024,0.0,91,96,98,99,100,100,190,190,990,1000,1000
POST,cartEmpty,506,0,94,77.70801117541794,7.5484779954422265,801.8357639957685,10513.899209486166,2.82293941767903,0.0,94,98,100,100,110,110,190,190,800,800,800
POST,checkout,374,2,86,64.23616076918894,6.438529002480209,926.5094950096682,6796.585561497326,2.0865204391540657,0.011157863310984308,86,92,94,96,99,100,100,190,930,930,930
GET,home,2154,0,86,66.652980944264,5.832888011354953,1000.9984539938159,10550.946146703807,12.0170187859301,0.0,86,93,95,97,100,100,190,490,990,1000,1000
GET,logout,466,0,92,71.7242372216249,7.579032011562958,907.2044649801683,10499.0,2.599782151459344,0.0,92,97,100,100,100,110,190,190,910,910,910
POST,setCurrency,466,0,92,81.26220643394697,7.4400409939698875,1004.2279409826733,10513.984978540773,2.599782151459344,0.0,92,97,99,100,100,180,190,200,1000,1000,1000
GET,viewCart,774,0,68,54.20160171719032,5.404673982411623,785.5041930160951,16971.302325581397,4.318093101350927,0.0,70,90,92,94,97,99,100,190,790,790,790
GET,viewProduct,3276,0,10,48.324810393558025,4.939867998473346,1075.0954069953877,7997.060744810745,18.2765801033923,0.0,10,88,91,92,95,97,100,100,1000,1100,1100
,Aggregated,9670,2,84,61.749929653519416,4.939867998473346,1075.0954069953877,11150.0208893485,53.94826910860913,0.011157863310984308,84,92,95,96,100,100,180,190,990,1100,1100
