Type,Name,Request Count,Failure Count,Median Response Time,Average Response Time,Min Response Time,Max Response Time,Average Content Size,Requests/s,Failures/s,50%,66%,75%,80%,90%,95%,98%,99%,99.9%,99.99%,100%
POST,addToCart,2114,0,200.0,216.01711522315787,18.77639300073497,410.12647400202695,16793.755439924313,11.79646953893378,0.0,200,210,290,290,300,300,310,310,400,410,410
POST,cartEmpty,1056,0,300.0,283.01565991859843,100.84142899722792,501.9309959898237,10513.347537878788,5.892654604122077,0.0,300,300,310,310,390,400,400,410,500,500,500
POST,checkout,426,0,190.0,163.89684318074987,15.38892499229405,304.39763999311253,6806.492957746479,2.3771504368901564,0.0,190,190,200,200,200,210,290,290,300,300,300
GET,home,3131,0,210.0,230.1393395307031,16.655308005283587,405.17606399953365,10556.101884381987,17.471497694608168,0.0,210,290,290,290,300,300,310,390,400,410,410
GET,logout,515,0,290.0,262.1986680427618,102.89387400553096,409.82085700670723,10499.0,2.8737851525784754,0.0,290,300,300,300,310,390,400,400,410,410,410
POST,setCurrency,523,0,290.0,264.79310078227985,31.025642005261034,498.35829400399234,10513.592734225622,2.9184264753369757,0.0,290,300,300,300,310,390,400,400,500,500,500
GET,viewCart,628,0,180.0,150.2825406006792,11.552288007806055,295.0702050002292,16687.394904458597,3.5043438365422963,0.0,180,190,200,200,200,200,210,210,300,300,300
GET,viewProduct,4409,0,110.0,138.9369362966137,8.373741991817951,298.36319999594707,7996.132002721705,24.602949005278635,0.0,110,190,190,190,200,200,200,210,300,300,300
,Aggregated,12802,0,200.0,197.34264482905567,8.373741991817951,501.9309959898237,10872.913529136073,71.43727674429057,0.0,200,210,220,290,300,300,390,400,410,500,500
