Type,Name,Request Count,Failure Count,Median Response Time,Average Response Time,Min Response Time,Max Response Time,Average Content Size,Requests/s,Failures/s,50%,66%,75%,80%,90%,95%,98%,99%,99.9%,99.99%,100%
POST,addToCart,2521,0,410.0,453.7257221939167,103.55387800518656,1898.2937290056725,16994.719159063865,14.056555078028712,0.0,410,490,500,500,590,600,700,1100,1800,1900,1900
POST,cartEmpty,779,0,620.0,659.7146286956942,302.2715490005794,2106.42940300022,10512.971758664955,4.343536852750641,0.0,620,700,700,710,800,810,1100,1300,2100,2100,2100
POST,checkout,573,1,290.0,288.6906103368659,107.69672300375532,1097.2342980021494,6803.8167539267015,3.1949250534353237,0.0055757854335695,290,300,310,310,400,400,490,790,1100,1100,1100
GET,home,3132,0,590.0,572.9970497333687,11.616545998549554,1410.9469169998192,10551.932311621968,17.463359977939675,0.0,590,600,610,610,700,710,810,990,1300,1400,1400
GET,logout,659,0,610.0,639.4311519802648,301.0482259996934,1200.4026919967146,10499.0,3.674442600722301,0.0,610,690,700,700,790,800,900,920,1200,1200,1200
POST,setCurrency,690,0,610.0,640.0494668826138,32.81515499838861,1306.5894180035684,10513.163768115943,3.8472919491629556,0.0,610,700,700,710,800,800,900,1000,1300,1300,1300
GET,viewCart,1150,0,310.0,339.55248977833315,107.59258699545171,902.0842629979597,16990.217391304348,6.412153248604926,0.0,310,390,400,400,410,490,500,600,890,900,900
GET,viewProduct,4872,0,300.0,287.1168793613976,11.986874997091945,1016.9798670031014,7997.744663382595,27.165226632350606,0.0,300,300,300,310,390,400,510,800,1000,1000,1000
,Aggregated,14376,1,400.0,436.15364369021813,11.616545998549554,2106.42940300022,11175.37680856984,80.15749139299514,0.0055757854335695,400,500,590,600,690,710,800,910,1400,2100,2100
