Type,Name,Request Count,Failure Count,Median Response Time,Average Response Time,Min Response Time,Max Response Time,Average Content Size,Requests/s,Failures/s,50%,66%,75%,80%,90%,95%,98%,99%,99.9%,99.99%,100%
POST,addToCart,1443,0,290.0,259.94514286748347,7.611364999320358,1010.0133050000295,16733.747054747055,8.046992062879527,0.0,290,300,300,300,310,390,400,500,1000,1000,1000
POST,cartEmpty,348,0,390.0,373.94355788533227,8.566257994971238,1204.7770559875062,10512.71264367816,1.9406467344990128,0.0,390,400,410,410,490,500,600,1100,1200,1200,1200
POST,checkout,186,1,200.0,197.07141134960537,10.889709999901243,996.6658810008084,6797.704301075269,1.0372422201632656,0.005576571076146589,200,200,200,210,290,300,300,300,1000,1000,1000
GET,home,4073,0,300.0,313.18079250365173,6.1341049877228215,1211.3117669941857,10535.888043211393,22.713373993145055,0.0,300,310,390,400,400,410,500,510,1100,1200,1200
GET,logout,794,0,390.0,361.96952364123774,7.510262003052048,1112.3143290024018,10499.0,4.427797434460391,0.0,390,400,400,410,490,500,510,610,1100,1100,1100
POST,setCurrency,808,0,390.0,364.9763498599689,7.91637301153969,1014.3019709939836,10513.591584158416,4.505869429526443,0.0,390,400,400,410,490,500,510,700,1000,1000,1000
GET,viewCart,904,0,200.0,190.83752685140348,5.769240000518039,899.771348995273,16619.517699115044,5.041220252836516,0.0,200,200,200,210,290,290,300,310,900,900,900
GET,viewProduct,4634,0,190.0,174.38312668974612,5.103018993395381,1010.312216996681,7986.667026327147,25.84183036686329,0.0,190,200,200,200,210,290,300,610,1000,1000,1000
,Aggregated,13190,1,210.0,256.28408457105627,5.103018993395381,1211.3117669941857,10678.370962850644,73.5549724943735,0.005576571076146589,210,300,310,380,400,410,500,600,1100,1200,1200
