Type,Name,Request Count,Failure Count,Median Response Time,Average Response Time,Min Response Time,Max Response Time,Average Content Size,Requests/s,Failures/s,50%,66%,75%,80%,90%,95%,98%,99%,99.9%,99.99%,100%
GET,home,1923,0,9.0,33.215983609119945,5.788234993815422,997.1734550053952,10556.218928757153,10.722840326795444,0.0,9.0,11.0,76.0,82.0,87.0,91.0,95.0,98.0,740.0,1000.0,1000.0
GET,viewCart,713,0,7.0,29.623658484002924,5.267382992315106,98.81109499838205,17042.967741935485,3.975759309935076,0.0,7.0,9.0,75.0,81.0,87.0,90.0,94.0,95.0,99.0,99.0,99.0
POST,addToCart,1723,0,10.0,36.46576350080818,7.2135499940486625,184.19994998839684,17013.343586767267,9.607620324008606,0.0,10.0,64.0,83.0,86.0,90.0,94.0,97.0,99.0,180.0,180.0,180.0
POST,checkout,405,6,10.0,34.93501267875229,5.794351003714837,104.2652109899791,6780.827160493827,2.258320505643346,0.0334566000836051,10.0,18.0,81.0,84.0,88.0,92.0,96.0,97.0,100.0,100.0,100.0
POST,cartEmpty,603,0,11.0,40.5780104461026,7.482847999199293,849.1254289983772,10512.611940298508,3.3623883084023154,0.0,11.0,74.0,84.0,87.0,92.0,95.0,99.0,100.0,850.0,850.0,850.0
GET,logout,404,0,13.0,48.62529312854484,7.151447993237525,994.5271299948216,10497.0,2.252744405629412,0.0,13.0,82.0,85.0,87.0,93.0,97.0,100.0,110.0,990.0,990.0,990.0
GET,viewProduct,3142,3142,7.0,27.151389080733924,4.9582150095375255,5.137489002663642,7998.713405124238,17.520106243781218,0.0,6.888888888888889,7.111111111111111,53.55555555555556,75.88888888888889,84.44444444444444,87.77777777777777,91.55555555555556,93.22222222222223,359.77777777777777,359.77777777777777,359.77777777777777
POST,setCurrency,408,0,11.0,35.957253014559825,7.277545009856112,188.6079800024163,10512.362745098038,2.275048805685149,0.0,11.0,19.0,81.0,84.0,91.0,96.0,99.0,100.0,190.0,190.0,190.0
,Aggregated,9321,6,9.0,32.84629628473386,4.9582150095375255,997.1734550053952,11212.561098594571,51.974828229880565,0.0334566000836051,9.0,12.0,77.0,82.0,88.0,92.0,96.0,98.0,570.0,1000.0,1000.0
