Type,Name,Request Count,Failure Count,Median Response Time,Average Response Time,Min Response Time,Max Response Time,Average Content Size,Requests/s,Failures/s,50%,66%,75%,80%,90%,95%,98%,99%,99.9%,99.99%,100%
POST,addToCart,1686,0,11,40.18172496974907,7.169589999648451,738.5795840000355,17005.139383155398,9.401777466487445,0.0,11,74,85,87,92,95,97,100,190,740,740
POST,cartEmpty,588,0,11,42.34958596089355,7.5778880000143545,1000.2351510001972,10510.792517006803,3.278911714290995,0.0,11,78,87,88,93,97,100,100,1000,1000,1000
POST,checkout,397,3,11,40.9820423148736,4.87785499990423,1011.5409530008037,6793.969773299748,2.21382304519307,0.016729141399443852,11,63,82,85,90,93,97,99,1000,1000,1000
GET,home,1878,0,9,37.27341598456024,5.771969000306854,807.9486360002193,10554.921725239617,10.472442516051851,0.0,9,13,79,83,89,93,98,190,730,810,810
GET,logout,396,0,13,41.498855378755124,7.448767999449046,153.49737700034893,10497.0,2.2082466647265884,0.0,13,78,85,87,92,95,99,100,150,150,150
POST,setCurrency,399,0,11,34.31592988970961,6.848805999652541,185.5870330000471,10511.020050125313,2.2249758061260323,0.0,11,15,78,83,91,96,100,100,190,190,190
GET,viewCart,700,0,7,29.974585040015103,5.3628679997927975,711.8391889998748,17023.227142857144,3.9034663265368987,0.0,7,9,73,82,88,92,94,96,710,710,710
GET,viewProduct,3071,0,7,27.517970916968306,4.90391599942086,999.5043349999833,7998.629762292413,17.125064412564022,0.0,7,8,59,77,86,89,93,95,530,1000,1000
,Aggregated,9115,3,9,34.50716311925553,4.87785499990423,1011.5409530008037,11212.41031267142,50.8287079519769,0.016729141399443852,9,14,79,84,89,93,97,100,710,1000,1000
