Type,Name,Request Count,Failure Count,Median Response Time,Average Response Time,Min Response Time,Max Response Time,Average Content Size,Requests/s,Failures/s,50%,66%,75%,80%,90%,95%,98%,99%,99.9%,99.99%,100%
POST,addToCart,1482,0,300.0,288.00042354173513,98.53472599934321,1296.216071001254,16711.33535762483,8.266849775596356,0.0,300,300,310,310,390,400,400,410,1200,1300,1300
POST,cartEmpty,329,0,410.0,436.7739415167506,202.69458900293102,1400.6112560018664,10513.355623100304,1.8352183374974365,0.0,410,490,500,500,510,590,600,810,1400,1400,1400
POST,checkout,178,0,200.0,204.52827760666705,94.63537500414532,306.26244800077984,6805.404494382023,0.9929144804697376,0.0,200,210,210,280,290,300,300,310,310,310,310
GET,home,4392,0,390.0,369.62773702318,103.31591200520052,1291.668509998999,10535.083333333334,24.499328079904988,0.0,390,400,400,400,490,490,500,590,1200,1300,1300
GET,logout,855,0,400.0,429.8639719566376,194.77531699521933,1392.7119509971817,10499.0,4.769336408997897,0.0,400,490,490,500,510,590,600,800,1400,1400,1400
POST,setCurrency,875,0,410.0,434.36932775997724,35.0177709988202,1288.4067140039406,10513.828571428572,4.880899833769778,0.0,410,490,490,500,510,600,700,1000,1300,1300,1300
GET,viewCart,968,0,200.0,215.67715751028246,19.626964000053704,1102.3046690024785,16606.90805785124,5.399669758959023,0.0,200,210,280,290,300,300,310,380,1100,1100,1100
GET,viewProduct,4927,0,200.0,193.14814905698486,12.36757000151556,1195.2707759992336,7985.733306271565,27.483649692552795,0.0,200,200,200,210,290,300,300,310,1100,1200,1200
,Aggregated,14006,0,300.0,295.4697690671332,12.36757000151556,1400.6112560018664,10660.001499357419,78.12786636774801,0.0,300,320,400,400,410,500,510,600,1200,1400,1400
