Type,Name,Request Count,Failure Count,Median Response Time,Average Response Time,Min Response Time,Max Response Time,Average Content Size,Requests/s,Failures/s,50%,66%,75%,80%,90%,95%,98%,99%,99.9%,99.99%,100%
POST,addToCart,1463,0,300.0,293.49268147968087,91.26610300154425,1291.1278279934777,16711.22966507177,8.161682325194134,0.0,300,300,310,310,390,400,490,810,1200,1300,1300
POST,cartEmpty,325,0,400.0,438.012303633687,202.1992599911755,1311.7975969944382,10510.981538461538,1.8130873244621282,0.0,400,490,490,500,510,590,600,1100,1300,1300,1300
POST,checkout,177,0,200.0,208.4851510119677,89.81937800126616,803.5315879969858,6805.186440677966,0.9874352505532206,0.0,200,200,210,290,290,300,300,800,800,800,800
GET,home,4362,0,390.0,371.352128477235,92.39034299389459,1205.2717009937624,10532.519944979367,24.33442125939632,0.0,390,400,400,400,490,500,580,810,1200,1200,1200
GET,logout,850,0,400.0,422.8064321622472,119.8901290044887,1305.3918479999993,10497.0,4.741920694747105,0.0,400,410,490,500,500,510,600,910,1300,1300,1300
POST,setCurrency,874,0,400.0,433.5639821648855,45.76843099493999,1201.7169799946714,10511.304347826086,4.875810220245846,0.0,400,490,500,500,510,600,790,910,1200,1200,1200
GET,viewCart,955,0,200.0,215.83357312022014,20.91151400236413,1023.2731839932967,16600.40942408377,5.327687368804099,0.0,200,210,280,290,300,300,310,400,1000,1000,1000
GET,viewProduct,4889,0,200.0,197.47001061151263,11.4797889982583,1106.878777995007,7984.064430353856,27.27441209013952,0.0,200,200,200,210,280,300,600,810,1100,1100,1100
,Aggregated,13895,0,300.0,297.829865404251,11.4797889982583,1311.7975969944382,10651.94530406621,77.51645653354237,0.0,300,320,400,400,420,500,600,810,1200,1300,1300
