Type,Name,Request Count,Failure Count,Median Response Time,Average Response Time,Min Response Time,Max Response Time,Average Content Size,Requests/s,Failures/s,50%,66%,75%,80%,90%,95%,98%,99%,99.9%,99.99%,100%
POST,addToCart,2550,0,410.0,434.6766666493642,103.29061499942327,1297.886127998936,16996.598823529413,14.2225162892138,0.0,410,490,490,500,510,590,690,990,1300,1300,1300
POST,cartEmpty,796,0,610.0,631.8482406558493,296.1149069960811,1693.3269939981983,10513.711055276382,4.439656065182033,0.0,610,690,700,700,790,800,900,1200,1700,1700,1700
POST,checkout,578,6,290.0,270.0112221088467,105.45452099904651,820.6885779945878,6788.479238754326,3.223770358888461,0.03346474420991482,290,300,300,310,390,410,490,510,820,820,820
GET,home,3183,0,520.0,548.6821663144412,85.51651000016136,1497.9376629999024,10552.240025133522,17.753046803359812,0.0,520,600,600,600,690,700,790,1000,1400,1500,1500
GET,logout,670,0,600.0,605.2223595267457,302.4621240037959,1495.1827990007587,10499.0,3.7368964367738218,0.0,600,610,690,700,710,800,810,890,1500,1500,1500
POST,setCurrency,700,0,600.0,621.5217313115032,84.85871899756603,1593.5650669998722,10513.451428571429,3.9042201578233957,0.0,600,690,700,700,710,810,1200,1200,1600,1600,1600
GET,viewCart,1163,0,300.0,333.69256258296645,100.20228000212228,1093.5850570022012,16997.69475494411,6.486582919355157,0.0,300,380,390,400,410,490,600,800,1100,1100,1100
GET,viewProduct,4946,0,290.0,271.20231699329406,11.20848400023533,1106.9113410048885,7997.620703598868,27.58610414370645,0.0,290,300,300,300,310,400,490,710,1100,1100,1100
,Aggregated,14586,6,400.0,417.10639134851795,11.20848400023533,1693.3269939981983,11170.989921842864,81.35279317430293,0.03346474420991482,400,500,510,590,610,700,800,910,1300,1600,1700
