Type,Name,Request Count,Failure Count,Median Response Time,Average Response Time,Min Response Time,Max Response Time,Average Content Size,Requests/s,Failures/s,50%,66%,75%,80%,90%,95%,98%,99%,99.9%,99.99%,100%
POST,addToCart,1779,0,96,85.76083556701843,7.343281999055762,1046.8226029988728,16999.377740303542,9.936396573281035,0.0,96,99,100,100,100,180,190,200,1000,1000,1000
POST,cartEmpty,527,0,97,92.95343355033748,7.7653490006923676,1004.5270289992914,10511.601518026566,2.9434969050697615,0.0,97,100,100,100,110,190,200,200,1000,1000,1000
POST,checkout,407,3,92,78.31688996102501,6.383009000273887,1048.8022439967608,6793.1597051597055,2.2732509304808217,0.0167561493647235,92,96,97,99,100,100,180,190,1000,1000,1000
GET,home,2250,0,93,78.77774312175785,5.935924004006665,1044.9949510002625,10549.092,12.567112023542625,0.0,93,97,99,100,100,110,190,330,920,1000,1000
GET,logout,494,0,98,91.02305135847155,7.5439339998411015,705.9318140018149,10497.0,2.759179262057803,0.0,98,100,100,100,180,190,190,200,710,710,710
POST,setCurrency,498,0,98,93.89238996973802,7.489023002563044,930.4855590016814,10511.632530120482,2.781520794544101,0.0,98,100,100,100,170,190,200,200,930,930,930
GET,viewCart,844,0,89,65.80607646206789,5.578698997851461,1039.6353539981646,16989.92654028436,4.714063354608878,0.0,89,93,95,96,98,100,100,190,1000,1000,1000
GET,viewProduct,3474,0,85,57.15172220813028,4.966460001014639,1037.4508410022827,7996.846574553829,19.403620964349813,0.0,86,92,93,94,97,99,100,100,1000,1000,1000
,Aggregated,10273,3,92,73.63857600057362,4.966460001014639,1048.8022439967608,11177.127810766086,57.378640807934836,0.0167561493647235,92,96,98,99,100,110,190,200,1000,1000,1000
