Type,Name,Request Count,Failure Count,Median Response Time,Average Response Time,Min Response Time,Max Response Time,Average Content Size,Requests/s,Failures/s,50%,66%,75%,80%,90%,95%,98%,99%,99.9%,99.99%,100%
GET,home,2246,0,94.0,78.9328642302212,5.874344991752878,1002.5015120045282,10548.657613535172,12.526051078652925,0.0,94.0,98.0,100.0,100.0,100.0,180.0,190.0,200.0,900.0,1000.0,1000.0
GET,viewCart,849,0,88.0,64.01506679501298,5.354140012059361,1001.3581889797932,16991.75500588928,4.734914232313595,0.0,88.0,94.0,95.0,96.0,99.0,100.0,190.0,190.0,1000.0,1000.0,1000.0
POST,addToCart,1780,0,96.0,84.13991496688621,7.587678992422298,1002.1944789914414,17012.948876404495,9.927146447017902,0.0,96.0,99.0,100.0,100.0,110.0,180.0,190.0,190.0,1000.0,1000.0,1000.0
POST,checkout,408,2,93.0,81.42995002894097,8.365884015802294,998.8325599988456,6797.860294117647,2.275435814822081,0.0111540971314807,93.0,96.0,97.0,99.0,100.0,110.0,190.0,190.0,1000.0,1000.0,1000.0
POST,cartEmpty,516,0,99.0,100.7837624264955,7.700985006522387,1008.6265720019584,10510.963178294574,2.8777570599220432,0.0,99.0,100.0,100.0,110.0,190.0,190.0,200.0,210.0,1000.0,1000.0,1000.0
GET,logout,496,0,97.0,85.31475507680302,7.634056004462764,532.6835319865495,10497.0,2.766216088607236,0.0,97.0,100.0,100.0,100.0,110.0,190.0,190.0,200.0,530.0,530.0,530.0
GET,viewProduct,3474,3474,85.0,56.684299961439564,4.9907710053958,5.314075999194756,7996.125868977599,19.37466671738213,0.0,84.22222222222223,91.77777777777777,93.77777777777777,94.55555555555556,97.44444444444444,99.33333333333333,100.0,101.11111111111111,557.7777777777778,557.7777777777778,557.7777777777778
POST,setCurrency,500,0,98.0,101.99695428507404,7.415469008265063,1007.7783240121788,10511.554,2.7885242828701973,0.0,98.0,100.0,100.0,110.0,190.0,190.0,200.0,730.0,1000.0,1000.0,1000.0
,Aggregated,10269,2,92.0,73.72499825439188,4.9907710053958,1008.6265720019584,11182.94829097283,57.27071172158811,0.0111540971314807,92.0,96.0,98.0,100.0,100.0,110.0,190.0,200.0,1000.0,1000.0,1000.0
