Type,Name,Request Count,Failure Count,Median Response Time,Average Response Time,Min Response Time,Max Response Time,Average Content Size,Requests/s,Failures/s,50%,66%,75%,80%,90%,95%,98%,99%,99.9%,99.99%,100%
POST,addToCart,151,0,8,9.414636881540943,7.324131001951173,87.97868200053927,16466.476821192053,0.8432928512358898,0.0,8,8,8,8,8,9,9,85,88,88,88
GET,home,755,0,7,14.377567436933882,5.895893991691992,111.2512429972412,10526.660927152318,4.2164642561794485,0.0,7,7,7,8,49,65,72,75,110,110,110
GET,logout,151,0,9,29.440700284969402,7.285216008313,159.97523900296073,10497.0,0.8432928512358898,0.0,9,60,64,65,68,70,71,72,160,160,160
POST,setCurrency,151,0,8,8.094110158684552,7.193739991635084,10.468736989423633,10511.794701986755,0.8432928512358898,0.0,8,8,8,8,9,9,9,10,10,10,10
GET,viewCart,151,0,6,5.698497714655973,5.230185997788794,7.206401001894847,16468.026490066226,0.8432928512358898,0.0,6,6,6,6,6,6,6,6,7,7,7
GET,viewProduct,755,0,5,13.198553829354431,4.841374000534415,74.57387499744073,7978.487417218543,4.2164642561794485,0.0,5,6,6,6,52,64,70,72,75,75,75
,Aggregated,2114,0,7,13.609182240806602,4.841374000534415,159.97523900296073,10462.07426679281,11.806099917302458,0.0,7,8,8,8,49,65,70,73,97,160,160
