Type,Name,Request Count,Failure Count,Median Response Time,Average Response Time,Min Response Time,Max Response Time,Average Content Size,Requests/s,Failures/s,50%,66%,75%,80%,90%,95%,98%,99%,99.9%,99.99%,100%
GET,home,755,0,7.0,15.600863596070203,5.802272004075348,96.90154200507097,10528.83178807947,4.211547117022003,0.0,7.0,7.0,8.0,8.0,54.0,66.0,71.0,74.0,97.0,97.0,97.0
GET,viewCart,151,0,6.0,6.729872086263086,5.254154995782301,80.49293200019747,16467.781456953642,0.8423094234044006,0.0,6.0,6.0,6.0,6.0,6.0,6.0,9.0,69.0,80.0,80.0,80.0
POST,addToCart,151,0,8.0,8.103024218939183,7.442841000738554,11.66605999605963,16463.860927152316,0.8423094234044006,0.0,8.0,8.0,8.0,8.0,9.0,9.0,9.0,9.0,12.0,12.0,12.0
GET,logout,151,0,9.0,30.490832317725367,7.31013499898836,74.5561559961061,10499.0,0.8423094234044006,0.0,9.0,63.0,65.0,66.0,67.0,69.0,70.0,72.0,75.0,75.0,75.0
GET,viewProduct,755,755,6.0,11.968857233816642,4.894988000160083,5.082905001472682,7979.920184870401,4.211547117022003,0.0,5.555555555555555,6.0,6.0,7.222222222222222,29.666666666666668,60.22222222222222,68.22222222222223,69.77777777777777,69.77777777777777,69.77777777777777,69.77777777777777
POST,setCurrency,151,0,8.0,8.243627523207753,7.290836998436134,16.857726004673168,10514.013245033111,0.8423094234044006,0.0,8.0,8.0,8.0,8.0,9.0,9.0,10.0,15.0,17.0,17.0,17.0
,Aggregated,2114,0,7.0,13.693934747441206,4.894988000160083,96.90154200507097,10463.533112582782,11.792331927661609,0.0,7.0,8.0,8.0,8.0,50.0,65.0,69.0,71.0,80.0,97.0,97.0
