Type,Name,Request Count,Failure Count,Median Response Time,Average Response Time,Min Response Time,Max Response Time,Average Content Size,Requests/s,Failures/s,50%,66%,75%,80%,90%,95%,98%,99%,99.9%,99.99%,100%
POST,addToCart,1518,0,300.0,342.4642704942426,105.25035599130206,2207.0568229974015,16734.265480895916,8.466012945985993,0.0,300,380,390,400,400,490,910,1100,2200,2200,2200
POST,cartEmpty,362,0,490.0,489.21891359426786,205.38060399121605,1898.4647820034297,10513.1408839779,2.018904273021693,0.0,490,500,510,510,600,610,810,1100,1900,1900,1900
POST,checkout,196,3,200.0,255.44615821980892,23.814111002138816,2109.0502809965983,6779.357142857143,1.0931083909178225,0.016731250881395245,200,280,290,290,300,410,990,1000,2100,2100,2100
GET,home,4268,0,400.0,423.71020914459194,10.639305008226074,1385.1817200047662,10534.12464854733,23.8029929205983,0.0,400,410,490,490,500,590,900,1200,1300,1400,1400
GET,logout,827,0,490.0,478.2959532975834,207.7403029979905,1398.7758709990885,10497.0,4.612248159637955,0.0,490,500,500,510,590,600,1000,1200,1400,1400,1400
POST,setCurrency,852,0,490.0,498.1126935153141,96.11432599194814,1304.7631249937695,10511.88028169014,4.751675250316249,0.0,490,500,510,590,600,700,1000,1100,1300,1300,1300
GET,viewCart,950,0,210.0,250.9202843471461,19.3229439901188,1112.2152519965312,16625.872631578946,5.298229445775161,0.0,210,290,290,300,300,310,590,940,1100,1100,1100
GET,viewProduct,4860,0,200.0,222.50125085706654,12.083003006409854,1107.379826993565,7985.298971193416,27.104626427860296,0.0,200,200,210,280,300,310,750,880,1100,1100,1100
,Aggregated,13833,3,300.0,339.41254583379543,10.639305008226074,2207.0568229974015,10680.04359141184,77.14779781411347,0.016731250881395245,300,400,410,480,500,590,810,1000,1400,2200,2200
