Type,Name,Request Count,Failure Count,Median Response Time,Average Response Time,Min Response Time,Max Response Time,Average Content Size,Requests/s,Failures/s,50%,66%,75%,80%,90%,95%,98%,99%,99.9%,99.99%,100%
POST,addToCart,1533,0,300.0,327.41177946190186,103.29806199297309,1198.0516819894547,16723.04174820613,8.549937171631377,0.0,300,330,390,390,400,410,500,800,1200,1200,1200
POST,cartEmpty,367,0,490.0,490.87085877699815,291.6156549908919,1316.1734879977303,10510.313351498638,2.046853843436866,0.0,490,500,510,590,600,610,810,1000,1300,1300,1300
POST,checkout,199,1,200.0,223.58866177369717,95.4779769963352,603.6713460052852,6798.70351758794,1.109874427367674,0.005577258428983286,200,220,290,290,300,300,390,410,600,600,600
GET,home,4317,0,400.0,425.6175158974968,104.76595599902794,1302.5282470043749,10533.215427380124,24.077024637920847,0.0,400,410,490,500,500,590,790,910,1300,1300,1300
GET,logout,836,0,490.0,482.46368213615403,197.9061829915736,1411.5985150128836,10497.0,4.662588046630027,0.0,490,500,510,520,600,600,790,1100,1400,1400,1400
POST,setCurrency,860,0,490.0,479.1272872707977,56.361900991760194,1310.9688199911034,10511.027906976744,4.796442248925626,0.0,490,500,500,510,600,600,710,1000,1300,1300,1300
GET,viewCart,959,0,210.0,247.38474580407038,93.62572300597094,1190.4580580012407,16619.332638164757,5.348590833394971,0.0,210,290,290,300,300,310,400,790,1200,1200,1200
GET,viewProduct,4915,0,200.0,216.99367344911113,14.018682995811105,1102.1107659908012,7985.27527975585,27.41222517845285,0.0,200,200,210,280,300,300,510,790,920,1100,1100
,Aggregated,13986,1,300.0,334.8428288614267,14.018682995811105,1411.5985150128836,10676.325253825255,78.00353638776024,0.005577258428983286,300,400,410,480,500,590,610,880,1300,1400,1400
