Type,Name,Request Count,Failure Count,Median Response Time,Average Response Time,Min Response Time,Max Response Time,Average Content Size,Requests/s,Failures/s,50%,66%,75%,80%,90%,95%,98%,99%,99.9%,99.99%,100%
POST,addToCart,1521,0,300.0,328.3980890467234,47.759080000105314,1211.4891449964489,16735.090072320843,8.483133487255508,0.0,300,310,390,390,400,410,800,1100,1200,1200,1200
POST,cartEmpty,364,0,500.0,497.01747902784786,210.58025299862493,1399.7080189947155,10515.78021978022,2.0301516037876426,0.0,500,500,510,590,600,610,1100,1200,1400,1400,1400
POST,checkout,195,2,200.0,235.77551359944314,99.16372400039108,904.4945720015676,6790.28717948718,1.0875812163148086,0.011154679141690344,200,210,290,290,300,390,800,900,900,900,900
GET,home,4288,0,400.0,421.80206112219156,13.653520996740554,1397.6138569996692,10536.004197761195,23.9156320797841,0.0,400,410,490,490,500,510,700,990,1200,1400,1400
GET,logout,831,0,490.0,487.34541992645086,214.81998699891847,1397.0308170028147,10499.0,4.634769183372338,0.0,490,500,510,510,600,610,1000,1100,1400,1400,1400
POST,setCurrency,854,0,490.0,488.34643988284495,77.73096099845134,1494.2275900029927,10513.766978922717,4.763047993501777,0.0,490,500,510,510,600,600,910,1100,1500,1500,1500
GET,viewCart,953,0,210.0,248.50881637041468,98.97689100034768,983.9230590005172,16627.714585519414,5.315204611015449,0.0,210,290,290,300,300,380,590,690,980,980,980
GET,viewProduct,4879,0,200.0,224.45266058378667,10.510887004784308,1101.4392389988643,7986.155769624923,27.211839766153595,0.0,200,210,210,290,300,310,760,900,1100,1100,1100
,Aggregated,13885,2,300.0,337.7051966624553,10.510887004784308,1494.2275900029927,10680.475333093265,77.44135994118523,0.011154679141690344,300,400,410,490,500,590,790,960,1200,1500,1500
