Type,Name,Request Count,Failure Count,Median Response Time,Average Response Time,Min Response Time,Max Response Time,Average Content Size,Requests/s,Failures/s,50%,66%,75%,80%,90%,95%,98%,99%,99.9%,99.99%,100%
POST,addToCart,1275,0,110.0,150.26034315202304,8.41855100588873,1054.4258880108828,16737.163921568626,7.111644721638077,0.0,110,190,190,200,200,200,210,290,960,1100,1100
POST,cartEmpty,304,0,200.0,187.51350776284724,8.653794997371733,999.3103590095416,10514.14802631579,1.6956392120611572,0.0,200,200,200,200,290,290,300,300,1000,1000,1000
POST,checkout,163,1,100,130.5780402270247,11.287195011391304,1000.0353049981641,6795.78527607362,0.9091749722564757,0.005577760565990649,100,110,190,190,190,200,200,210,1000,1000,1000
GET,home,3623,0,190.0,157.41256278468452,6.527312987600453,1091.0941170004662,10535.937344741926,20.20822653058412,0.0,190,190,200,200,200,210,290,300,1000,1100,1100
GET,logout,710,0,200.0,185.74137305344854,11.064281003200449,1097.9921920079505,10499.0,3.9602100018533606,0.0,200,200,200,210,290,290,300,300,1100,1100,1100
POST,setCurrency,718,0,200.0,185.31607610324232,10.980819002725184,1067.7961510082241,10513.896935933148,4.004832086381286,0.0,200,200,200,210,280,290,300,300,1100,1100,1100
GET,viewCart,805,0,100.0,108.8649016013405,6.501829993794672,940.0063679931918,16620.427329192546,4.490097255622472,0.0,100,100,110,110,190,190,200,200,940,940,940
GET,viewProduct,4114,0,98,103.22616306169449,5.382400995586067,1056.732764991466,7986.089936801167,22.94690696848553,0.0,98,100,100,100,190,190,200,510,1000,1100,1100
,Aggregated,11712,1,110.0,138.09921256315027,5.382400995586067,1097.9921920079505,10677.346738387978,65.32673174888248,0.005577760565990649,110,190,190,200,200,210,290,300,1000,1100,1100
