Type,Name,Request Count,Failure Count,Median Response Time,Average Response Time,Min Response Time,Max Response Time,Average Content Size,Requests/s,Failures/s,50%,66%,75%,80%,90%,95%,98%,99%,99.9%,99.99%,100%
POST,addToCart,2596,0,410.0,432.8153509643201,94.2171749775298,713.6131379811559,17003.850539291216,14.479172382551207,0.0,410,490,500,500,510,590,600,680,700,710,710
POST,cartEmpty,807,0,610.0,632.6631171010475,99.42044600029476,1007.6682270155288,10514.532837670384,4.501037023389378,0.0,610,690,700,700,780,800,810,900,1000,1000,1000
POST,checkout,587,4,290.0,268.04007174728,15.05592800094746,501.1409280123189,6797.003407155025,3.2739885163935125,0.022309972854470273,290,300,300,310,380,400,400,410,500,500,500
GET,home,3226,0,590.0,549.4371490561664,13.090768014080822,898.0161589861382,10553.11376317421,17.992993107130275,0.0,590,600,600,600,690,700,710,780,800,900,900
GET,logout,681,0,610.0,627.9100318894539,102.94561300543137,901.7614650074393,10499.0,3.798272878473564,0.0,610,690,700,700,780,800,800,820,900,900,900
POST,setCurrency,712,0,610.0,621.8912434990906,110.92700701556168,996.699818992056,10514.661516853932,3.9711751680957086,0.0,610,690,700,700,710,790,800,810,1000,1000,1000
GET,viewCart,1185,0,310.0,330.5102012913727,94.80423998320475,608.891974989092,17000.39493670886,6.609329458136818,0.0,310,390,390,400,400,480,490,500,600,610,610
GET,viewProduct,5024,0,290.0,268.3469657753634,7.1426490030717105,509.5750550099183,7997.770899681529,28.021325905214663,0.0,290,300,300,300,320,400,400,410,500,510,510
,Aggregated,14818,4,400.0,416.6685513057441,7.1426490030717105,1007.6682270155288,11177.212646780941,82.64729443938512,0.022309972854470273,400,500,580,590,610,700,710,790,900,1000,1000
