Type,Name,Request Count,Failure Count,Median Response Time,Average Response Time,Min Response Time,Max Response Time,Average Content Size,Requests/s,Failures/s,25%,50%,75%,80%,90%,95%,98%,99%,99.9%,99.99%,100%
POST,admin_create_user,45,45,4100.0,3431.729480600269,405.088273997535,5703.292207996128,143.0,0.2514236764600518,0.2514236764600518,1900,4100,4800,5000,5200,5300,5700,5700,5700,5700,5700
POST,admin_login,45,0,1800.0,1892.6439259996794,327.501788000518,3412.389318997157,341.0,0.2514236764600518,0.0,1200,1800,2600,2700,3100,3300,3400,3400,3400,3400,3400
POST,get_trip_information,515,0,54,110.46229220387917,42.04097299952991,1195.2958879992366,337.0,2.8774042972650373,0.0,50,54,120,140,220,310,440,860,1200,1200,1200
POST,login,45,0,1300.0,1318.0613787109096,210.76925100351218,2887.298893001571,64.0,0.2514236764600518,0.0,900,1300,1700,1800,2200,2400,2900,2900,2900,2900,2900
,Aggregated,650,45,79,547.3809935753636,42.04097299952991,5703.292207996128,304.94615384615383,3.6316753266451927,0.2514236764600518,51,80,310,690,1800,3000,4800,5000,5700,5700,5700
