Type,Name,Request Count,Failure Count,Median Response Time,Average Response Time,Min Response Time,Max Response Time,Average Content Size,Requests/s,Failures/s,25%,50%,75%,80%,90%,95%,98%,99%,99.9%,99.99%,100%
POST,admin_create_user,44,44,4600.0,3639.469623772212,410.2423930016812,5602.687182996306,143.0,0.24583550220679037,0.24583550220679037,2400,4600,5100,5100,5300,5400,5600,5600,5600,5600,5600
POST,admin_login,44,0,1800.0,1641.2911449994929,370.64828999427846,2763.0188149996684,341.0,0.24583550220679037,0.0,1300,1800,2200,2300,2500,2500,2800,2800,2800,2800,2800
POST,get_trip_information,514,0,52,76.74478034435688,41.68933699838817,985.1186119994964,337.0,2.8718056394156877,0.0,49,52,76,92,120,180,220,250,990,990,990
POST,login,44,0,1100.0,1254.789395773266,392.00484799948754,2797.9508230055217,64.0,0.24583550220679037,0.0,890,1100,1700,1800,2100,2400,2800,2800,2800,2800,2800
,Aggregated,646,44,54,506.20901600151416,41.68933699838817,5602.687182996306,305.4643962848297,3.609312146036059,0.24583550220679037,50,55,160,410,1800,2700,5000,5200,5600,5600,5600
