Type,Name,Request Count,Failure Count,Median Response Time,Average Response Time,Min Response Time,Max Response Time,Average Content Size,Requests/s,Failures/s,50%,66%,75%,80%,90%,95%,98%,99%,99.9%,99.99%,100%
POST,addToCart,2019,0,190.0,174.04204863547756,7.834042997274082,1198.1458139998722,16997.32639920753,11.261468885383684,0.0,190,200,200,200,200,290,300,800,1100,1200,1200
POST,cartEmpty,658,0,200.0,216.10494457601436,8.292970000184141,1200.1548479966004,10514.503039513678,3.670156773938813,0.0,200,210,210,280,300,300,620,1000,1200,1200,1200
POST,checkout,465,1,110.0,144.71143250751388,8.210899999539834,934.2075269960333,6803.079569892473,2.5936518235281887,0.005577745857049868,110,190,190,190,200,200,200,740,930,930,930
GET,home,2441,0,190.0,173.11489306748592,6.451799003116321,1098.9566809948883,10554.29291274068,13.615277637058728,0.0,190,200,200,200,210,290,300,700,1100,1100,1100
GET,logout,519,0,200.0,204.75927650293036,8.538528003555257,1101.0932249992038,10499.0,2.8948500998088815,0.0,200,200,210,210,290,300,800,1000,1100,1100,1100
POST,setCurrency,528,0,200.0,206.3860410039524,8.00912499835249,1004.4186520026415,10514.397727272728,2.9450498125223303,0.0,200,200,210,210,290,300,310,990,1000,1000,1000
GET,viewCart,891,0,100.0,119.9876026375085,5.5687449930701405,1000.913859999855,17002.516273849607,4.969771558631432,0.0,100,110,110,190,190,200,200,200,1000,1000,1000
GET,viewProduct,3840,0,100.0,111.43076044195747,5.10752900299849,1101.132380994386,7997.4484375,21.418544091071492,0.0,100,100,110,110,190,190,200,600,1100,1100,1100
,Aggregated,11361,1,110.0,152.58315183716323,5.10752900299849,1200.1548479966004,11180.585599859167,63.36877068194355,0.005577745857049868,110,190,200,200,200,290,300,740,1100,1200,1200
