Type,Name,Request Count,Failure Count,Median Response Time,Average Response Time,Min Response Time,Max Response Time,Average Content Size,Requests/s,Failures/s,50%,66%,75%,80%,90%,95%,98%,99%,99.9%,99.99%,100%
POST,addToCart,552,0,8,18.34847240398018,7.094546999724116,82.0805149996886,17114.751811594204,3.0918789456863607,0.0,8,9,9,9,65,68,71,74,82,82,82
POST,cartEmpty,138,0,9,31.674577007287144,7.414001999677566,148.94544700018741,10511.86231884058,0.7729697364215902,0.0,9,63,67,68,74,76,79,96,150,150,150
POST,checkout,138,0,9,22.495096702885455,8.282517999759875,69.6803609998824,6807.572463768116,0.7729697364215902,0.0,9,9,54,58,65,67,68,69,70,70,70
GET,home,552,0,7,16.647241925724025,5.779929999334854,133.3476840000003,10552.813405797102,3.0918789456863607,0.0,7,7,7,8,62,68,70,72,130,130,130
GET,logout,138,0,8,10.41711258697604,7.221619999654649,70.41763400047785,10497.0,0.7729697364215902,0.0,8,8,8,8,9,12,62,66,70,70,70
POST,setCurrency,138,0,8,8.007431630446355,6.9558269997287425,9.49591300013708,10511.86231884058,0.7729697364215902,0.0,8,8,8,8,9,9,9,9,9,9,9
GET,viewCart,276,0,6,6.539502076039766,5.269768999824009,84.00157600044622,17100.27536231884,1.5459394728431803,0.0,6,6,6,6,7,7,7,7,84,84,84
GET,viewProduct,966,0,5,10.350615734983597,4.802962000212574,75.77600399963558,7999.974120082816,5.410788154951131,0.0,5,6,6,6,35,45,62,64,76,76,76
,Aggregated,2898,0,7,14.195732835398882,4.802962000212574,148.94544700018741,11390.425120772947,16.232364464853394,0.0,7,8,8,9,53,66,70,74,96,150,150
