Type,Name,Request Count,Failure Count,Median Response Time,Average Response Time,Min Response Time,Max Response Time,Average Content Size,Requests/s,Failures/s,50%,66%,75%,80%,90%,95%,98%,99%,99.9%,99.99%,100%
POST,addToCart,2380,0,360.0,342.36309538526166,7.4959399935323745,1196.5340839960845,16996.681512605042,13.271948022734328,0.0,370,390,400,400,410,490,500,600,1200,1200,1200
POST,cartEmpty,737,0,500.0,468.5797720611545,7.854163006413728,1298.7246239936212,10512.53052917232,4.109842728048403,0.0,500,510,510,590,600,610,700,810,1300,1300,1300
POST,checkout,543,1,210.0,233.8840224054476,7.951891006086953,1093.4398969984613,6804.381215469613,3.0280116707330844,0.0055764487490480375,210,290,290,300,300,310,400,900,1100,1100,1100
GET,home,2946,0,400.0,399.91164052803674,6.325504000415094,1295.7695860095555,10551.607942973524,16.428218014695517,0.0,400,410,490,490,500,510,600,610,1200,1300,1300
GET,logout,627,0,500.0,467.20533749299193,8.263010007794946,1095.2406449941918,10499.0,3.4964333656531195,0.0,500,500,510,590,600,600,610,700,1100,1100,1100
POST,setCurrency,651,0,500.0,462.12655315208286,8.057106999331154,1304.4037140061846,10512.6267281106,3.6302681356302724,0.0,500,500,510,510,600,600,700,1000,1300,1300,1300
GET,viewCart,1084,0,280.0,246.36454705226635,5.6398690066998824,1107.1045869903173,17000.163284132843,6.0448704439680725,0.0,280,290,300,300,310,380,400,410,990,1100,1100
GET,viewProduct,4596,0,200.0,214.01756985630675,5.2036330016562715,1017.6796049927361,7997.7463011314185,25.62935845062478,0.0,200,210,220,290,300,300,390,700,1000,1000,1000
,Aggregated,13564,1,300.0,317.7360829373413,5.2036330016562715,1304.4037140061846,11176.059053376584,75.63895083208757,0.0055764487490480375,300,390,400,410,500,510,600,700,1200,1300,1300
