{
  "RES_TIME": {
    "precision": 0.6153846153846154,
    "recall": 1,
    "mhd_pos": 7.958333333333334,
    "mhd_false": 2.4,
    "true_positive": 8,
    "true_negative": 0,
    "false_positive": 5,
    "false_negative": 0
  },
  "CPU": {
    "precision": 0.8461538461538461,
    "recall": 1,
    "mhd_pos": 8.848484848484848,
    "mhd_false": 1.1666666666666665,
    "true_positive": 11,
    "true_negative": 0,
    "false_positive": 2,
    "false_negative": 0
  },
  "MEM": {
    "precision": 0.7692307692307693,
    "recall": 1,
    "mhd_pos": 4.9,
    "mhd_false": 0.2222222222222222,
    "true_positive": 10,
    "true_negative": 0,
    "false_positive": 3,
    "false_negative": 0
  }
}