{"RES_TIME": {"precision": 0.6153846153846154, "recall": 1.0, "mhd_pos": 7.958333333333333, "mhd_false": 2.4, "true_positive": 8, "true_negative": 0, "false_positive": 5, "false_negative": 0}, "CPU": {"precision": 0.8461538461538461, "recall": 1.0, "mhd_pos": 9.151515151515152, "mhd_false": 1.1666666666666665, "true_positive": 11, "true_negative": 0, "false_positive": 2, "false_negative": 0}, "MEM": {"precision": 0.8461538461538461, "recall": 1.0, "mhd_pos": 4.96969696969697, "mhd_false": -1, "true_positive": 11, "true_negative": 0, "false_positive": 2, "false_negative": 0}}