Type,Name,Request Count,Failure Count,Median Response Time,Average Response Time,Min Response Time,Max Response Time,Average Content Size,Requests/s,Failures/s,50%,66%,75%,80%,90%,95%,98%,99%,99.9%,99.99%,100%
POST,addToCart,1744,0,11,39.56201154824574,7.364846009295434,101.62445201422088,16988.357798165136,9.726359933910123,0.0,11,80,85,86,90,93,96,98,100,100,100
POST,cartEmpty,611,0,12,39.78940655017971,7.712577003985643,188.44145399634726,10513.862520458266,3.407572201616448,0.0,12,74,84,86,90,93,97,98,190,190,190
POST,checkout,410,1,11,33.916028905248204,6.657709978753701,99.36761000426486,6802.075609756098,2.28658691106832,0.005577041246508098,11,13,79,82,87,91,94,95,99,99,99
GET,home,1945,0,9,32.455656773459815,5.751310003688559,197.27357401279733,10557.575835475578,10.84734522445825,0.0,9,11,78,82,87,91,93,97,200,200,200
GET,logout,410,0,13,43.080335214560876,7.631005020812154,177.2886249818839,10499.0,2.28658691106832,0.0,13,82,85,87,92,95,99,100,180,180,180
POST,setCurrency,412,0,11,38.52793890766707,7.148609991418198,104.46508298628032,10513.686893203883,2.2977409935613364,0.0,11,72,82,85,92,97,99,99,100,100,100
GET,viewCart,722,0,8,31.77293611728616,5.545665015233681,95.86375398794189,16997.771468144045,4.026623779978847,0.0,8,10,81,83,87,90,92,93,96,96,96
GET,viewProduct,3179,0,7,25.24398460806403,5.020349024562165,102.75397400255315,7998.6385655866625,17.729414122649246,0.0,7,7,47,74,84,88,91,93,98,100,100
,Aggregated,9433,1,9,32.55236245430684,5.020349024562165,197.27357401279733,11206.540231103572,52.60823007831089,0.005577041246508098,9,13,79,83,88,91,95,97,140,200,200
