Type,Name,Request Count,Failure Count,Median Response Time,Average Response Time,Min Response Time,Max Response Time,Average Content Size,Requests/s,Failures/s,50%,66%,75%,80%,90%,95%,98%,99%,99.9%,99.99%,100%
POST,addToCart,2260,0,300.0,296.29984676068665,12.886029995570425,1207.1385309973266,16799.96371681416,12.609689395187287,0.0,300,300,310,310,390,400,410,490,1200,1200,1200
POST,cartEmpty,1096,0,400.0,423.04681137774804,14.327992998005357,1392.471839004429,10513.206204379561,6.11514140580764,0.0,400,490,490,500,500,510,590,700,1300,1400,1400
POST,checkout,455,1,200.0,205.6564331208522,16.264526995655615,896.9776309968438,6804.760439560439,2.5386764047832813,0.005579508581941278,200,200,210,280,290,300,300,310,900,900,900
GET,home,3345,0,320.0,347.29272953871697,15.1210180047201,1192.529972999182,10555.448430493274,18.663456206593573,0.0,320,390,400,400,400,480,490,500,1100,1200,1200
GET,logout,555,0,400.0,400.0264935930383,98.6841759950039,1308.9190739992773,10499.0,3.096627262977409,0.0,400,410,410,490,500,500,510,590,1300,1300,1300
POST,setCurrency,574,0,400.0,409.72889216210564,20.87206899886951,1293.0084710023948,10501.318815331011,3.2026379260342934,0.0,400,410,480,490,500,500,590,1000,1300,1300,1300
GET,viewCart,689,0,200.0,208.02945993906252,13.291809002112132,914.350535000267,16704.14078374456,3.8442814129575402,0.0,200,210,210,280,290,300,300,310,910,910,910
GET,viewProduct,4714,0,200.0,187.5261959282393,8.72407499991823,1098.756280996895,7996.432329232075,26.301803455271184,0.0,200,200,200,200,210,290,300,300,1000,1100,1100
,Aggregated,13688,1,290.0,282.9554858178757,8.72407499991823,1392.471839004429,10882.055084745763,76.37231346961221,0.005579508581941278,290,310,390,390,400,490,500,510,1200,1300,1400
