Type,Name,Request Count,Failure Count,Median Response Time,Average Response Time,Min Response Time,Max Response Time,Average Content Size,Requests/s,Failures/s,50%,66%,75%,80%,90%,95%,98%,99%,99.9%,99.99%,100%
POST,addToCart,2276,0,300.0,291.91914745569164,93.03214200190268,1099.1536099973018,16809.720123022846,12.696676807038767,0.0,300,300,310,310,390,400,410,410,1000,1100,1100
POST,cartEmpty,1106,0,400.0,416.95329488416155,99.83529600140173,1199.1059990032227,10513.540687160941,6.169826251575077,0.0,400,420,490,490,500,510,590,600,1200,1200,1200
POST,checkout,460,5,200.0,199.11490114133377,16.0432269985904,392.04542100196704,6787.484782608695,2.5661121841993992,0.027892523741297817,200,200,210,220,290,300,300,310,390,390,390
GET,home,3362,0,380.0,348.90375551070593,11.231122000026517,1196.61150900356,10555.726055919096,18.754932963648653,0.0,380,390,400,400,410,490,500,500,1100,1200,1200
GET,logout,556,0,400.0,401.71523052863415,104.1594519992941,1192.8890439958195,10498.964028776978,3.1016486400323173,0.0,400,410,410,490,500,500,510,590,1200,1200,1200
POST,setCurrency,577,0,400.0,401.11387358405193,23.13898400461767,1195.6177199972444,10513.367417677642,3.218797239745768,0.0,400,410,480,490,500,500,520,590,1200,1200,1200
GET,viewCart,696,0,200.0,212.27557633029528,15.345427003921941,1034.5709530010936,16723.28448275862,3.882639304788656,0.0,200,210,210,290,290,300,310,390,1000,1000,1000
GET,viewProduct,4748,0,200.0,185.0332625885221,7.777190003253054,1042.6750740007265,7996.336141533277,26.486740544736406,0.0,200,200,200,200,210,290,300,300,840,1000,1000
,Aggregated,13781,5,290.0,280.9116689232383,7.777190003253054,1199.1059990032227,10885.069298309267,76.87737393576504,0.027892523741297817,290,310,390,390,410,490,500,500,1000,1200,1200
