Type,Name,Request Count,Failure Count,Median Response Time,Average Response Time,Min Response Time,Max Response Time,Average Content Size,Requests/s,Failures/s,50%,66%,75%,80%,90%,95%,98%,99%,99.9%,99.99%,100%
POST,addToCart,2500,0,410.0,433.43737797971124,7.704076997470111,1290.325624999241,16998.9748,13.937539490239082,0.0,410,490,500,510,590,600,700,800,1200,1300,1300
POST,cartEmpty,768,0,620.0,620.3329352033128,7.996347005246207,1488.7437839934137,10513.67578125,4.281612131401446,0.0,620,700,710,720,800,810,900,910,1500,1500,1500
POST,checkout,569,2,290.0,275.71759275748434,8.062790002441034,595.9562059870223,6800.5131810193325,3.172183987978415,0.011150031592191266,290,300,310,310,390,400,500,510,600,600,600
GET,home,3082,0,590.0,543.6079463576345,6.043001005309634,1391.7631849908503,10552.40622972096,17.18219868356674,0.0,590,600,610,690,700,720,810,890,1200,1400,1400
GET,logout,647,0,610.0,618.1407557217032,8.259334004833363,1395.5584989889758,10499.0,3.6070352200738744,0.0,610,700,710,710,800,810,900,990,1400,1400,1400
POST,setCurrency,685,0,610.0,614.8608288889153,8.15503200283274,1380.3189219906926,10513.899270072992,3.8188858203255083,0.0,610,700,700,710,800,810,900,1100,1400,1400,1400
GET,viewCart,1141,0,310.0,325.8291083786021,5.516803998034447,1013.1537389970617,16987.541630148993,6.361093023345116,0.0,310,390,400,400,420,490,520,610,980,1000,1000
GET,viewProduct,4819,0,290.0,267.34156841616436,5.050353996921331,1017.4764660041546,7997.962025316456,26.866001121384855,0.0,290,300,300,310,390,400,410,490,1000,1000,1000
,Aggregated,14211,2,390.0,413.3065166235309,5.050353996921331,1488.7437839934137,11180.338188727043,79.22654947831504,0.011150031592191266,390,500,590,600,690,710,800,890,1200,1400,1500
