Type,Name,Request Count,Failure Count,Median Response Time,Average Response Time,Min Response Time,Max Response Time,Average Content Size,Requests/s,Failures/s,50%,66%,75%,80%,90%,95%,98%,99%,99.9%,99.99%,100%
POST,addToCart,2335,0,380.0,361.60594815171345,111.28028800158063,1205.0487000014982,16804.389293361884,13.026074819374518,0.0,380,390,400,400,420,500,780,1000,1200,1200,1200
POST,cartEmpty,1152,0,500.0,524.622775698718,202.43643899448216,1397.673498999211,10514.09375,6.426568818809184,0.0,500,520,590,600,600,690,1000,1200,1300,1400,1400
POST,checkout,473,6,210.0,245.3484762537737,88.74323700001696,1190.1781699998537,6785.644820295983,2.638686676472868,0.0334717125979645,210,290,290,300,300,390,500,910,1200,1200,1200
GET,home,3384,0,410.0,445.9012525280754,86.39617699373048,1305.3082149999682,10557.204196217494,18.878045905251977,0.0,410,490,500,500,510,600,790,1100,1300,1300,1300
GET,logout,552,0,500.0,517.8776413293605,292.22870000376133,1318.6144300052547,10499.0,3.079397559012734,0.0,500,510,590,590,600,690,1100,1300,1300,1300,1300
POST,setCurrency,575,0,500.0,511.53255293217904,58.08155999693554,1305.293094002991,10514.060869565217,3.2077057906382644,0.0,500,510,590,600,610,700,1000,1100,1300,1300,1300
GET,viewCart,690,0,290.0,266.1340059681211,90.42896600294625,1108.8974619997316,16725.123188405796,3.8492469487659173,0.0,290,290,300,300,310,390,400,830,1100,1100,1100
GET,viewProduct,4818,0,200.0,234.25009931384227,12.841440002375748,1103.1452609968255,7997.388127853881,26.877785216165492,0.0,200,210,290,290,300,310,680,860,1100,1100,1100
,Aggregated,13979,6,310.0,355.2431585180723,12.841440002375748,1397.673498999211,10887.649903426569,77.98351173449095,0.0334717125979645,310,400,480,490,510,600,740,1000,1300,1300,1400
