Type,Name,Request Count,Failure Count,Median Response Time,Average Response Time,Min Response Time,Max Response Time,Average Content Size,Requests/s,Failures/s,50%,66%,75%,80%,90%,95%,98%,99%,99.9%,99.99%,100%
POST,addToCart,1516,0,300.0,301.8436734307662,7.526469002186786,1203.0326509993756,16720.534300791558,8.455336298192437,0.0,300,310,390,390,400,400,490,500,1200,1200,1200
POST,cartEmpty,364,0,490.0,458.410944348743,8.358734998182626,1296.6044180029712,10512.351648351649,2.030173095344358,0.0,490,500,510,550,600,600,620,1000,1300,1300,1300
POST,checkout,197,0,200.0,208.78887245203143,8.518418999301502,481.9416220016137,6807.380710659899,1.0987475268759301,0.0,200,210,280,290,300,300,320,390,480,480,480
GET,home,4278,0,400.0,388.8080564261123,6.192354998347582,1208.8282170007005,10533.131837307154,23.860111268909794,0.0,400,410,480,490,500,500,590,600,1200,1200,1200
GET,logout,831,0,490.0,447.1998057856851,7.815807999577373,1198.9278180008114,10497.0,4.634818247887806,0.0,490,500,500,510,590,600,600,690,1200,1200,1200
POST,setCurrency,854,0,490.0,447.8008000281589,7.760860000416869,1295.058286999847,10510.714285714286,4.763098416000225,0.0,490,500,500,510,590,600,600,700,1300,1300,1300
GET,viewCart,949,0,210.0,229.22387522867191,5.608892999589443,1094.4869769991783,16617.598524762907,5.292951284290648,0.0,210,290,290,300,300,310,390,400,1100,1100,1100
GET,viewProduct,4862,0,200.0,197.10960731075693,5.244337000476662,1100.7230210016132,7984.8794734677085,27.117312059242497,0.0,200,200,210,210,290,300,310,320,1000,1100,1100
,Aggregated,13851,0,300.0,307.4748506314925,5.244337000476662,1296.6044180029712,10675.645079777634,77.2525481967437,0.0,300,390,400,410,500,500,590,600,1200,1300,1300
