Type,Name,Request Count,Failure Count,Median Response Time,Average Response Time,Min Response Time,Max Response Time,Average Content Size,Requests/s,Failures/s,50%,66%,75%,80%,90%,95%,98%,99%,99.9%,99.99%,100%
GET,home,4284,0,400.0,387.5829771798668,6.262754002818838,1098.1451629922958,10534.224789915968,23.88370639944316,0.0,400.0,410.0,480.0,490.0,500.0,500.0,590.0,600.0,1000.0,1100.0,1100.0
GET,viewCart,950,0,210.0,229.30444093482373,5.4840539960423484,999.5500949880808,16622.461052631577,5.296340121258404,0.0,210.0,290.0,290.0,290.0,300.0,310.0,390.0,400.0,1000.0,1000.0,1000.0
POST,addToCart,1524,0,300.0,297.42262109175977,8.021859001019038,1100.8001880109075,16732.028215223098,8.496444573471376,0.0,300.0,310.0,380.0,390.0,400.0,410.0,490.0,510.0,1000.0,1100.0,1100.0
POST,checkout,198,1,200.0,203.97113358576647,11.781962006352842,390.90092899277806,6797.343434343435,1.103868783167541,0.0055750948644825,200.0,210.0,280.0,290.0,290.0,300.0,310.0,310.0,390.0,390.0,390.0
POST,cartEmpty,366,0,490.0,445.2407986008453,7.9849840112729,1085.6696480041137,10513.849726775956,2.040484720400606,0.0,490.0,500.0,500.0,510.0,590.0,600.0,600.0,690.0,1100.0,1100.0,1100.0
GET,logout,832,0,490.0,445.8049620469025,8.061189000727609,993.9866140048252,10497.0,4.638478927249465,0.0,490.0,500.0,500.0,510.0,590.0,600.0,610.0,690.0,990.0,990.0,990.0
GET,viewProduct,4878,4878,200.0,199.1381796440066,4.940869999700226,5.843634993652813,7985.365391341464,27.195312748945785,0.0,200.0,200.0,210.0,225.55555555555554,294.44444444444446,300.0,336.6666666666667,556.6666666666666,920.0,920.0,920.0
POST,setCurrency,850,0,490.0,451.5253559373634,8.032819998334162,1088.458990998333,10511.836470588236,4.73883063481015,0.0,490.0,500.0,500.0,510.0,600.0,600.0,900.0,1000.0,1100.0,1100.0,1100.0
,Aggregated,13882,1,300.0,306.8985708914361,4.940869999700226,1100.8001880109075,10678.091341305288,77.39346690874649,0.0055750948644825,300.0,390.0,400.0,410.0,500.0,510.0,600.0,610.0,1000.0,1100.0,1100.0
