Type,Name,Request Count,Failure Count,Median Response Time,Average Response Time,Min Response Time,Max Response Time,Average Content Size,Requests/s,Failures/s,50%,66%,75%,80%,90%,95%,98%,99%,99.9%,99.99%,100%
POST,addToCart,1516,0,300.0,298.7292366938439,7.840872014639899,601.663835986983,16721.6536939314,8.455197420396578,0.0,300,310,390,390,400,410,490,500,600,600,600
POST,cartEmpty,363,0,490.0,450.5074580597528,9.145173011347651,690.669361007167,10513.674931129477,2.024562443010526,0.0,490,500,510,510,590,600,600,610,690,690,690
POST,checkout,195,2,200.0,209.02840708268997,9.214860998326913,388.8831500080414,6787.348717948718,1.0875748660800348,0.01115461401107728,200,210,290,290,300,310,310,310,390,390,390
GET,home,4284,0,400.0,399.32023450529454,6.441122997784987,701.5484889852814,10533.609010270775,23.893183211727532,0.0,400,410,490,490,500,510,600,600,700,700,700
GET,logout,832,0,490.0,454.4711295030678,8.524170989403501,797.9706180049106,10497.0,4.640319428608148,0.0,490,500,500,510,600,600,610,700,800,800,800
POST,setCurrency,853,0,490.0,443.54517250107534,8.347944007255137,707.7929959923495,10511.410316529895,4.757442875724459,0.0,490,500,500,510,590,600,610,690,710,710,710
GET,viewCart,950,0,200.0,214.9238325829777,5.767883994849399,398.4920830116607,16615.586315789475,5.2984416552617075,0.0,200,220,290,290,300,300,310,390,400,400,400
GET,viewProduct,4870,0,200.0,190.4262810265784,5.102543014800176,404.26046500215307,7985.597535934292,27.161485116973175,0.0,200,200,210,210,290,300,300,310,400,400,400
,Aggregated,13863,2,300.0,306.99515224328087,5.102543014800176,797.9706180049106,10675.20803577869,77.31820701778216,0.01115461401107728,300,400,400,410,500,510,600,600,700,790,800
