Type,Name,Request Count,Failure Count,Median Response Time,Average Response Time,Min Response Time,Max Response Time,Average Content Size,Requests/s,Failures/s,50%,66%,75%,80%,90%,95%,98%,99%,99.9%,99.99%,100%
POST,addToCart,2302,0,210.0,244.56734624180788,17.82745000673458,406.72514800098725,16996.581668114683,12.840214065508187,0.0,210,290,300,300,300,310,390,400,400,410,410
POST,cartEmpty,714,0,310.0,338.6355499971833,193.78708300064318,997.3170239973115,10512.662464985995,3.982585943863095,0.0,310,390,400,400,410,490,500,500,1000,1000,1000
POST,checkout,527,2,200.0,184.11385871570926,19.508401994244196,390.01136099977884,6800.058823529412,2.93952772047038,0.01115570292398626,200,200,200,200,210,290,290,290,390,390,390
GET,home,2839,0,300.0,281.28979094927126,24.91197601193562,984.9954300007084,10551.994364212751,15.835520300598498,0.0,300,300,300,310,390,400,400,400,800,980,980
GET,logout,608,0,310.0,324.8329721020462,111.79382199770771,805.6440420041326,10499.0,3.3913336888918235,0.0,310,320,390,390,400,400,490,500,810,810,810
POST,setCurrency,624,0,300.0,324.584129336402,54.39488800766412,589.8867659998359,10512.761217948719,3.4805793122837136,0.0,310,390,390,400,400,410,490,500,590,590,590
GET,viewCart,1052,0,190.0,179.84144664245582,15.03173599485308,732.4412230082089,16992.365019011406,5.8678997380167734,0.0,190,200,200,200,210,290,300,300,730,730,730
GET,viewProduct,4434,0,180.0,152.33174897060516,10.718329998780973,806.2230079958681,7997.2440234551195,24.73219338247754,0.0,180,190,200,200,200,200,210,290,720,810,810
,Aggregated,13100,2,200.0,226.34050796505875,10.718329998780973,997.3170239973115,11179.543358778626,73.06985415211001,0.01115570292398626,200,290,300,300,310,400,400,410,720,980,1000
