{"RES_TIME": {"precision": 1.0, "recall": 1, "mhd_pos": 0.6333333333333333, "mhd_false": -1}, "CPU": {"precision": 1.0, "recall": 1, "mhd_pos": 0.4333333333333333, "mhd_false": -1}, "MEM": {"precision": 1.0, "recall": 1, "mhd_pos": 0.3333333333333333, "mhd_false": -1}}