Type,Name,Request Count,Failure Count,Median Response Time,Average Response Time,Min Response Time,Max Response Time,Average Content Size,Requests/s,Failures/s,50%,66%,75%,80%,90%,95%,98%,99%,99.9%,99.99%,100%
POST,addToCart,1824,0,110.0,135.7786043799774,8.35638600983657,909.298646991374,16785.888157894737,10.172768995306352,0.0,110,120,190,190,200,200,200,290,910,910,910
POST,cartEmpty,912,0,190.0,172.5251537557421,10.033764992840588,799.6653960144613,10514.245614035088,5.086384497653176,0.0,190,200,200,200,210,290,290,300,800,800,800
POST,checkout,371,1,100.0,116.3993615423633,8.588769007474184,816.2578099872917,6803.210242587601,2.0691322901637372,0.005577175984268834,100,100,100,110,190,190,200,650,820,820,820
GET,home,2627,0,110.0,145.01818071446664,6.822852999903262,918.4729059925303,10557.596117244004,14.651241310674227,0.0,110,190,190,190,200,200,280,380,900,920,920
GET,logout,435,0,190.0,166.21141671785153,12.038477027090266,657.1998500148766,10499.0,2.426071553156943,0.0,190,200,200,200,200,280,300,300,660,660,660
POST,setCurrency,441,0,190.0,169.67618088010917,7.974298001499847,796.6935359872878,10514.326530612245,2.4595346090625556,0.0,190,200,200,200,210,290,300,300,800,800,800
GET,viewCart,535,0,99,97.74669239713123,5.980695015750825,697.8841270029079,16705.859813084113,2.983789151583826,0.0,99,100,100,100,110,190,190,200,700,700,700
GET,viewProduct,3743,0,96,86.64341360622973,5.106372002046555,903.6067879933398,7996.6307774512425,20.875369709118246,0.0,96,99,100,100,100,110,190,190,750,900,900
,Aggregated,10888,1,100.0,124.25422282186011,5.106372002046555,918.4729059925303,10887.04583027186,60.72429211671906,0.005577175984268834,100,110,190,190,200,200,210,290,800,920,920
