{"RES_TIME": {"precision": 0.08333333333333333, "recall": 0.5, "mhd_pos": 6.999999999999999, "mhd_false": 4.96969696969697, "true_positive": 1, "true_negative": 0, "false_positive": 11, "false_negative": 1}, "CPU": {"precision": 0.7692307692307693, "recall": 1.0, "mhd_pos": 0.0, "mhd_false": 5.111111111111112, "true_positive": 10, "true_negative": 0, "false_positive": 3, "false_negative": 0}, "MEM": {"precision": 0.5384615384615384, "recall": 1.0, "mhd_pos": 0.14285714285714285, "mhd_false": 1.0833333333333333, "true_positive": 7, "true_negative": 0, "false_positive": 6, "false_negative": 0}}