{"get_item": {"RES_TIME": 49.49894124870471, "CPU": 4.15984128619581, "MEM": 7.4419268519120525}, "get_related": {"RES_TIME": 50.49649386548086, "CPU": 4.15984128619581, "MEM": 7.4419268519120525}, "get_orders": {"RES_TIME": 52.92379408610803, "CPU": 11.286874307223298, "MEM": 367.4118697076841}, "get_card": {"RES_TIME": 50.37384557146602, "CPU": 3.619247728793095, "MEM": 8.353580936518412}, "login": {"RES_TIME": 56.60664367635532, "CPU": 3.619247728793095, "MEM": 8.353580936518412}, "get_catalogue1": {"RES_TIME": 5.682272933676836, "CPU": 4.15984128619581, "MEM": 7.4419268519120525}, "get_address": {"RES_TIME": 50.93095061039024, "CPU": 3.619247728793095, "MEM": 8.353580936518412}, "get_catalogue2": {"RES_TIME": 47.29428583145292, "CPU": 4.15984128619581, "MEM": 7.4419268519120525}, "get_customer": {"RES_TIME": 50.39461299155005, "CPU": 3.619247728793095, "MEM": 8.353580936518412}, "get_tags": {"RES_TIME": 48.42791277593006, "CPU": 4.15984128619581, "MEM": 7.4419268519120525}, "add_item_to_cart": {"RES_TIME": 19.671326914081945, "CPU": 18.971876095057766, "MEM": 395.72987574011825}, "get_cart": {"RES_TIME": 50.49647859847781, "CPU": 18.971876095057766, "MEM": 395.72987574011825}, "get_catalogue3": {"RES_TIME": 5.4866790545788025, "CPU": 4.15984128619581, "MEM": 7.4419268519120525}}