Type,Name,Request Count,Failure Count,Median Response Time,Average Response Time,Min Response Time,Max Response Time,Average Content Size,Requests/s,Failures/s,50%,66%,75%,80%,90%,95%,98%,99%,99.9%,99.99%,100%
POST,addToCart,2328,0,400.0,418.4504660952621,94.70600599888712,1296.731769994949,16800.868127147765,12.982328942081718,0.0,400,410,490,490,500,600,1000,1100,1300,1300,1300
POST,cartEmpty,1140,0,610.0,644.8921956958274,98.46884400758427,1597.4529149971204,10513.49298245614,6.357326028338986,0.0,610,700,700,700,790,800,1200,1300,1600,1600,1600
POST,checkout,471,5,280.0,259.9362394844581,26.714634004747495,1035.6791480007814,6788.099787685775,2.6265794380242653,0.027883008896223624,280,290,300,300,370,400,490,900,1000,1000,1000
GET,home,3419,0,580.0,559.1362000781346,93.3843259990681,1400.6767039973056,10556.207370576192,19.066401483237712,0.0,580,600,600,600,690,700,920,1100,1300,1400,1400
GET,logout,556,0,600.0,628.0177237934256,194.38580599671695,1498.6829510016833,10499.0,3.100590589260067,0.0,600,690,690,700,710,800,1200,1200,1500,1500,1500
POST,setCurrency,585,0,600.0,622.0611706647214,22.24369000759907,1399.9266749888193,10513.562393162392,3.262312040858164,0.0,600,690,690,700,710,800,1100,1300,1400,1400,1400
GET,viewCart,696,0,300.0,312.61313774691723,22.060811999836005,1111.2535120046232,16707.112068965518,3.8813148383543283,0.0,300,310,380,390,400,410,500,890,1100,1100,1100
GET,viewProduct,4841,0,290.0,265.20239679258447,7.9286319960374385,1096.0627020103857,7996.459615781863,26.996329213323712,0.0,290,300,300,300,310,390,700,810,1000,1100,1100
,Aggregated,14036,5,400.0,424.4766038073586,7.9286319960374385,1597.4529149971204,10880.133941293816,78.27318257347895,0.027883008896223624,400,500,590,600,690,700,890,1100,1400,1600,1600
