Type,Name,Request Count,Failure Count,Median Response Time,Average Response Time,Min Response Time,Max Response Time,Average Content Size,Requests/s,Failures/s,50%,66%,75%,80%,90%,95%,98%,99%,99.9%,99.99%,100%
POST,addToCart,1479,0,320.0,343.0857910182501,7.826103999832412,1197.3349770014465,16710.025016903313,8.249654347379998,0.0,320,390,400,400,410,490,510,920,1100,1200,1200
POST,cartEmpty,359,0,510.0,520.0831246936983,9.323710000899155,1199.0040990021953,10515.91086350975,2.0024515961524134,0.0,510,600,600,600,690,700,710,800,1200,1200,1200
POST,checkout,185,3,210.0,232.7196426593661,8.905316000891617,1004.0998260010383,6779.486486486487,1.0319040258724135,0.01673357879793103,210,290,290,300,300,310,390,720,1000,1000,1000
GET,home,4247,0,500.0,460.7493784344492,6.302915997366654,1401.6109300027892,10536.300682834943,23.689169718271028,0.0,500,500,510,520,600,600,680,700,1200,1400,1400
GET,logout,821,0,510.0,518.8800581730036,8.238673999585444,1389.4850620017678,10499.0,4.579422731033792,0.0,510,590,600,600,610,700,710,1000,1400,1400,1400
POST,setCurrency,846,0,510.0,511.3472885851286,7.84837999890442,1098.2294510031352,10514.388888888889,4.718869221016551,0.0,510,590,600,600,690,700,710,900,1100,1100,1100
GET,viewCart,926,0,290.0,255.42533172786182,5.807503999676555,975.8389150010771,16606.52483801296,5.165097988961378,0.0,290,300,300,300,310,390,400,410,980,980,980
GET,viewProduct,4803,0,200.0,221.67677035725404,5.160511002031853,1026.6125470006955,7986.370185300853,26.79045965548758,0.0,200,210,290,290,300,310,390,630,990,1000,1000
,Aggregated,13666,3,310.0,355.17541269523355,5.160511002031853,1401.6109300027892,10664.586784721207,76.22702928417516,0.01673357879793103,310,410,500,500,590,600,700,710,1100,1400,1400
