Type,Name,Request Count,Failure Count,Median Response Time,Average Response Time,Min Response Time,Max Response Time,Average Content Size,Requests/s,Failures/s,50%,66%,75%,80%,90%,95%,98%,99%,99.9%,99.99%,100%
POST,addToCart,1898,0,110.0,131.96787140097246,8.421143000305165,824.0507340015029,16799.27186512118,10.63262415754889,0.0,110,110,190,190,200,200,200,290,820,820,820
POST,cartEmpty,951,0,190.0,161.5252361072719,8.792114997049794,799.8061439939192,10514.086225026289,5.327516108445201,0.0,190,200,200,200,200,210,290,290,800,800,800
POST,checkout,386,2,100.0,113.15380164003709,9.405108998180367,616.2802850012667,6798.321243523316,2.1623777264562016,0.011204029670757521,100,100,110,110,190,190,200,200,620,620,620
GET,home,2740,0,110.0,131.73032668246046,6.636830999923404,1036.0569559998112,10557.584671532846,15.349520648937805,0.0,110,180,190,190,200,200,200,280,820,1000,1000
GET,logout,450,0,110.0,152.881715097788,9.16469399817288,950.3816010037553,10499.0,2.5209066759204424,0.0,120,190,200,200,200,200,290,590,950,950,950
POST,setCurrency,458,0,180.0,155.28145658314457,9.850408001511823,952.0585310019669,10514.026200873363,2.5657227946034724,0.0,190,190,200,200,200,210,290,300,950,950,950
GET,viewCart,554,0,99,95.77518810658562,6.081655999878421,529.057195999485,16715.26714801444,3.1035162187998337,0.0,99,100,100,100,110,190,190,200,530,530,530
GET,viewProduct,3903,0,96,84.93337288886542,5.394583997258451,934.6190090000164,7996.68152703049,21.864663902483304,0.0,96,99,100,100,100,110,190,190,520,930,930
,Aggregated,11340,2,100.0,117.56385092640471,5.394583997258451,1036.0569559998112,10885.99012345679,63.52684823319515,0.011204029670757521,100,110,180,190,200,200,200,290,740,950,1000
