Type,Name,Request Count,Failure Count,Median Response Time,Average Response Time,Min Response Time,Max Response Time,Average Content Size,Requests/s,Failures/s,50%,66%,75%,80%,90%,95%,98%,99%,99.9%,99.99%,100%
POST,addToCart,1633,0,93,72.096317842978,7.495847996324301,711.8706199980807,16785.16962645438,9.105973757596798,0.0,93,96,98,99,100,100,110,190,520,710,710
POST,cartEmpty,818,0,96,80.64245873125593,7.691976992646232,938.7511819950305,10514.052567237164,4.561351214766798,0.0,96,99,100,100,110,150,190,190,940,940,940
POST,checkout,323,1,89,71.59214628205834,5.035086971474811,938.9602759911213,6801.94427244582,1.8011203451952027,0.005576223978932516,89,93,95,96,98,100,100,190,940,940,940
GET,home,2503,0,91,70.25342099634379,5.956495006103069,1018.5395929729566,10555.450259688374,13.957288619268088,0.0,91,95,97,98,100,100,180,200,930,1000,1000
GET,logout,413,0,96,82.49990512026682,7.548808993306011,820.9533969929907,10499.0,2.3029805032991293,0.0,96,99,100,100,110,180,190,200,820,820,820
POST,setCurrency,417,0,96,83.88868797668457,7.19464200665243,912.9115549731068,10513.800959232614,2.325285399214859,0.0,96,99,100,100,110,150,190,190,910,910,910
GET,viewCart,490,0,85,58.589379631258474,5.458491999888793,1025.6804520031437,16676.29387755102,2.7323497496769327,0.0,85,91,93,94,97,98,100,100,1000,1000,1000
GET,viewProduct,3471,0,13,52.063158154983995,5.060346011305228,1025.5910489941016,7995.433592624604,19.355073430874764,0.0,13,89,91,93,95,97,99,100,1000,1000,1000
,Aggregated,10068,1,89,65.6676058759354,5.035086971474811,1025.6804520031437,10853.384286849425,56.14142301989257,0.005576223978932516,89,94,96,97,100,100,140,190,940,1000,1000
