Type,Name,Request Count,Failure Count,Median Response Time,Average Response Time,Min Response Time,Max Response Time,Average Content Size,Requests/s,Failures/s,50%,66%,75%,80%,90%,95%,98%,99%,99.9%,99.99%,100%
GET,home,3000,0,200.0,223.0329072998817,10.91251298203133,1304.4558470137415,10553.036,16.73094282987279,0.0,200.0,210.0,280.0,290.0,300.0,300.0,400.0,800.0,1200.0,1300.0,1300.0
GET,viewCart,607,0,110.0,149.5270988820224,9.594622999429705,1192.987243004609,16705.953871499176,3.385227432577595,0.0,110.0,190.0,190.0,190.0,200.0,200.0,210.0,510.0,1200.0,1200.0,1200.0
POST,addToCart,2018,0,200.0,208.58777134073068,46.16253398125991,1289.3592920154333,16789.548067393458,11.2543475435611,0.0,200.0,200.0,210.0,210.0,290.0,300.0,310.0,740.0,1200.0,1300.0,1300.0
POST,checkout,406,2,190.0,166.97248581838747,12.312998005654665,898.308583011385,6798.3078817734,2.264254262976118,0.0111539618865818,190.0,190.0,200.0,200.0,200.0,200.0,290.0,300.0,900.0,900.0,900.0
POST,cartEmpty,997,0,290.0,269.11986472144434,84.85249101067893,1395.792594004888,10510.442326980943,5.560250000461058,0.0,290.0,300.0,300.0,300.0,310.0,390.0,400.0,610.0,1400.0,1400.0,1400.0
GET,logout,495,0,290.0,266.4288166161353,96.6876929742284,1201.5418729861267,10497.0,2.760605566929011,0.0,290.0,300.0,300.0,300.0,310.0,400.0,700.0,800.0,1200.0,1200.0,1200.0
GET,viewProduct,4219,4219,110.0,135.26451907315908,7.577298994874582,11.514518002513796,7994.771725421928,23.529282599744437,0.0,108.88888888888889,127.77777777777777,190.0,190.0,197.77777777777777,200.0,214.44444444444446,523.3333333333334,922.2222222222222,922.2222222222222,922.2222222222222
POST,setCurrency,506,0,290.0,263.30992773092646,19.548693002434447,1005.7496410154272,10510.741106719368,2.821952357305211,0.0,290.0,300.0,300.0,300.0,310.0,390.0,400.0,490.0,1000.0,1000.0,1000.0
,Aggregated,12248,2,200.0,192.084585204548,7.577298994874582,1395.792594004888,10872.38610385369,68.30686259342733,0.0111539618865818,200.0,200.0,210.0,220.0,300.0,300.0,390.0,710.0,1100.0,1300.0,1400.0
