Type,Name,Request Count,Failure Count,Median Response Time,Average Response Time,Min Response Time,Max Response Time,Average Content Size,Requests/s,Failures/s,50%,66%,75%,80%,90%,95%,98%,99%,99.9%,99.99%,100%
POST,addToCart,1827,0,100.0,122.62355306563447,7.871628000430064,985.6873079988873,16800.699507389163,10.18972116000194,0.0,100,110,190,190,190,200,200,280,910,990,990
POST,cartEmpty,894,0,110.0,145.73687390270555,8.431284000835149,995.4982309973275,10514.616331096197,4.986103293399964,0.0,110,190,190,200,200,200,290,670,1000,1000,1000
POST,checkout,373,2,98,107.5608990723758,8.07525600248482,785.0470949997543,6797.471849865951,2.0803316872910362,0.01115459349753907,98,100,100,110,190,190,190,770,790,790,790
GET,home,2647,0,100.0,114.47382774199718,6.3934730023902375,997.3924130026717,10557.261805817907,14.763104493992959,0.0,100,110,110,190,190,200,200,200,900,1000,1000
GET,logout,442,0,110.0,133.4546696470174,8.488203002343653,295.1140130026033,10499.0,2.465165162956134,0.0,110,190,190,190,200,200,210,210,300,300,300
POST,setCurrency,450,0,110.0,139.17283072454867,9.300316000008024,818.6675399992964,10514.615555555556,2.5097835369462906,0.0,110,190,190,190,200,200,210,580,820,820,820
GET,viewCart,553,0,97,85.26472989697518,5.946666999079753,197.96304400006193,16709.67631103074,3.0842451020695525,0.0,97,99,100,100,100,180,190,190,200,200,200
GET,viewProduct,3764,0,94,79.75360115783195,5.322401000739774,978.2767799988505,7996.196333687566,20.99294496236853,0.0,94,97,98,99,100,100,190,190,820,980,980
,Aggregated,10950,2,99,106.52174632951005,5.322401000739774,997.3924130026717,10893.675159817352,61.071399399026404,0.01115459349753907,99,100,110,110,190,200,200,210,900,1000,1000
