{"RES_TIME": {"precision": 0.6923076923076923, "recall": 1, "mhd_pos": 1.3703703703703702, "mhd_false": 0.8333333333333333}, "CPU": {"precision": 0.8461538461538461, "recall": 1, "mhd_pos": 0.0, "mhd_false": 1.8333333333333335}, "MEM": {"precision": 0.9090909090909091, "recall": 1, "mhd_pos": 0.0, "mhd_false": 0.0}}