{"get_card": {"RES_TIME": 50.648401588573634, "CPU": 3.6760305428748103, "MEM": 8.446554601205268}, "get_orders": {"RES_TIME": 55.72214868600867, "CPU": 13.410995101940063, "MEM": 367.4226160293542}, "get_catalogue1": {"RES_TIME": 5.865150488117685, "CPU": 4.297587562199567, "MEM": 7.521766727556017}, "get_catalogue2": {"RES_TIME": 47.29336401069398, "CPU": 4.297587562199567, "MEM": 7.521766727556017}, "get_cart": {"RES_TIME": 51.71963102829379, "CPU": 56.090658527488145, "MEM": 394.4763223624497}, "get_address": {"RES_TIME": 51.33341669310221, "CPU": 3.6760305428748103, "MEM": 8.446554601205268}, "get_catalogue3": {"RES_TIME": 5.659174183763487, "CPU": 4.297587562199567, "MEM": 7.521766727556017}, "get_related": {"RES_TIME": 50.80461398897456, "CPU": 4.297587562199567, "MEM": 7.521766727556017}, "login": {"RES_TIME": 56.88219296390335, "CPU": 3.6760305428748103, "MEM": 8.446554601205268}, "get_tags": {"RES_TIME": 48.87966792729292, "CPU": 4.297587562199567, "MEM": 7.521766727556017}, "get_item": {"RES_TIME": 49.684125586336734, "CPU": 4.297587562199567, "MEM": 7.521766727556017}, "get_customer": {"RES_TIME": 50.74997570335652, "CPU": 3.6760305428748103, "MEM": 8.446554601205268}, "add_item_to_cart": {"RES_TIME": 28.14814842327562, "CPU": 56.090658527488145, "MEM": 394.4763223624497}}