Type,Name,Request Count,Failure Count,Median Response Time,Average Response Time,Min Response Time,Max Response Time,Average Content Size,Requests/s,Failures/s,50%,66%,75%,80%,90%,95%,98%,99%,99.9%,99.99%,100%
POST,addToCart,2567,0,490.0,479.7840185179962,107.81620399939129,1309.628512004565,16995.236073237244,14.319197296222423,0.0,490,500,510,590,600,610,700,980,1300,1300,1300
POST,cartEmpty,783,0,700.0,706.5921730944062,214.82169399678241,1502.2502200008603,10513.521072796935,4.367717757281713,0.0,700,710,790,800,810,890,910,1100,1500,1500,1500
POST,checkout,585,3,290.0,290.12365118471325,96.7619110015221,1007.6501549992827,6798.523076923077,3.263237404865648,0.016734550794182807,290,300,310,320,390,400,480,500,1000,1000,1000
GET,home,3156,0,600.0,620.7364303986199,29.06468100263737,1593.2990689980215,10552.250633713562,17.604747435480316,0.0,600,690,700,700,710,790,820,1100,1300,1600,1600
GET,logout,669,0,700.0,693.3162840868392,395.38315199752105,1302.1273609992932,10499.0,3.731804827102766,0.0,700,710,780,790,800,820,910,1100,1300,1300,1300
POST,setCurrency,704,0,700.0,678.7754847258818,142.1020519992453,1492.095262001385,10513.75284090909,3.9270412530348993,0.0,700,700,710,790,800,810,920,1100,1500,1500,1500
GET,viewCart,1181,0,390.0,374.2016275239734,104.08981000364292,1212.4863650024054,16963.76714648603,6.587834829309966,0.0,390,400,400,410,490,500,600,890,1100,1200,1200
GET,viewProduct,4949,0,300.0,302.00862744632974,12.890350000816397,1204.3041619981523,7997.882198423924,27.606430626803572,0.0,300,300,310,310,400,410,590,720,1200,1200,1200
,Aggregated,14594,3,410.0,465.38941427905445,12.890350000816397,1593.2990689980215,11181.31684253803,81.4080114301013,0.016734550794182807,410,590,600,610,700,790,810,910,1300,1500,1600
