Type,Name,Request Count,Failure Count,Median Response Time,Average Response Time,Min Response Time,Max Response Time,Average Content Size,Requests/s,Failures/s,50%,66%,75%,80%,90%,95%,98%,99%,99.9%,99.99%,100%
POST,addToCart,2585,0,500.0,508.8622732015743,13.831734991981648,890.6962890032446,16794.500967117987,14.413201152442374,0.0,500,590,590,600,620,690,710,790,810,890,890
POST,cartEmpty,1258,0,800.0,797.6852604865187,98.89140201266855,1109.4273360067746,10511.347376788553,7.0142387039738905,0.0,800,820,890,900,910,1000,1000,1100,1100,1100,1100
POST,checkout,520,1,300.0,315.6152702384413,16.190953014302067,599.6935360017233,6801.446153846154,2.8993673498143266,0.005575706441950629,300,320,390,390,400,480,500,500,600,600,600
GET,home,3770,0,700.0,697.4766789015099,12.84681299875956,1103.7800039921422,10553.980371352785,21.020413286153868,0.0,700,720,790,800,810,890,910,980,1000,1100,1100
GET,logout,610,0,800.0,781.6470653636927,96.34247799112927,1198.1028150039492,10497.0,3.4011809295898834,0.0,800,810,890,900,910,990,1000,1000,1200,1200,1200
POST,setCurrency,653,0,800.0,768.4918140233862,20.652488004998304,1109.3965010077227,10511.102603369065,3.64093630659376,0.0,800,810,890,900,910,1000,1000,1100,1100,1100,1100
GET,viewCart,771,0,400.0,394.3767307275087,12.843983990023844,698.9362250023987,16701.92866407263,4.298869666743935,0.0,400,410,480,490,500,520,600,600,700,700,700
GET,viewProduct,5361,0,300.0,320.9640247151035,6.894097998156212,608.204342002864,7995.534974818131,29.89136223529732,0.0,300,320,390,400,410,410,500,500,600,610,610
,Aggregated,15528,1,500.0,522.6614189991335,6.894097998156212,1198.1028150039492,10881.66460587326,86.57956963060936,0.005575706441950629,500,620,700,710,800,890,910,990,1100,1200,1200
