Type,Name,Request Count,Failure Count,Median Response Time,Average Response Time,Min Response Time,Max Response Time,Average Content Size,Requests/s,Failures/s,50%,66%,75%,80%,90%,95%,98%,99%,99.9%,99.99%,100%
POST,addToCart,2576,0,500.0,515.4642641250016,97.51285899983486,1306.9065090021468,16807.739130434784,14.36464676481592,0.0,500,580,590,600,680,700,790,880,1100,1300,1300
POST,cartEmpty,1252,0,800.0,805.426156412149,97.62155299904407,1584.0731650023372,10513.655750798722,6.9815752133344455,0.0,800,890,900,900,990,1000,1100,1200,1500,1600,1600
POST,checkout,519,0,300.0,322.97997132176926,92.59499999825493,1199.4167279990506,6805.74373795761,2.8941194374764994,0.0,300,320,390,400,410,490,590,610,1200,1200,1200
GET,home,3741,0,700.0,698.6012694617012,11.806401998910587,1511.407877002057,10554.36220261962,20.861080569556037,0.0,700,720,790,800,810,900,920,1000,1400,1500,1500
GET,logout,609,0,800.0,788.4043368719816,200.48334400053136,1404.9105260019132,10499.0,3.3959898601602854,0.0,800,810,890,900,910,1000,1000,1100,1400,1400,1400
POST,setCurrency,649,0,790.0,768.5690048273397,21.861912002350437,1205.1104670026689,10513.161787365178,3.619043381353079,0.0,790,810,890,900,910,1000,1000,1100,1200,1200,1200
GET,viewCart,766,0,390.0,394.52527864233053,18.55639399946085,997.4593349979841,16723.016971279372,4.271474930842,0.0,390,410,490,490,500,510,600,700,1000,1000,1000
GET,viewProduct,5318,0,300.0,323.416279269649,8.082331998593872,1090.9776849985064,7995.904663407296,29.65496564258193,0.0,300,310,390,400,410,490,510,610,1000,1100,1100
,Aggregated,15430,0,500.0,526.1436881575017,8.082331998593872,1584.0731650023372,10889.492417368761,86.04289580012019,0.0,500,620,700,720,810,900,990,1000,1300,1500,1600
