Type,Name,Request Count,Failure Count,Median Response Time,Average Response Time,Min Response Time,Max Response Time,Average Content Size,Requests/s,Failures/s,50%,66%,75%,80%,90%,95%,98%,99%,99.9%,99.99%,100%
GET,home,3731,0,700.0,697.5371160610737,75.83584600070026,1597.7366689985502,10556.447601179309,20.802854127530026,0.0,700.0,710.0,790.0,800.0,810.0,900.0,910.0,1000.0,1500.0,1600.0,1600.0
GET,viewCart,766,0,400.0,397.54568117106646,9.701497001515236,995.3137789998436,16723.271540469974,4.270969247303135,0.0,400.0,410.0,490.0,490.0,500.0,580.0,600.0,700.0,1000.0,1000.0,1000.0
POST,addToCart,2568,0,500.0,516.1390185246086,12.830147999920882,1710.9756420031772,16806.105140186915,14.318340766415734,0.0,500.0,590.0,590.0,600.0,680.0,700.0,790.0,1200.0,1700.0,1700.0,1700.0
POST,checkout,515,2,300.0,312.7319172585188,13.171616003091913,1579.9786900024628,6799.446601941748,2.8714741022991053,0.0111513557370839,300.0,310.0,390.0,390.0,400.0,490.0,500.0,520.0,1600.0,1600.0,1600.0
POST,cartEmpty,1244,0,800.0,806.6749272603645,99.15509299753468,2006.072362004488,10513.68649517685,6.936143268466188,0.0,800.0,820.0,890.0,900.0,980.0,1000.0,1100.0,1200.0,1900.0,2000.0,2000.0
GET,logout,603,0,800.0,784.3967646119169,193.62965999607692,1611.542320002627,10499.0,3.362133754730797,0.0,800.0,810.0,890.0,890.0,900.0,990.0,1000.0,1300.0,1600.0,1600.0,1600.0
GET,viewProduct,5308,5308,300.0,330.6808705325735,7.664015996851958,94.71319099975516,7996.404898804902,29.595698126220682,0.0,301.1111111111111,336.6666666666667,394.44444444444446,400.0,410.0,493.3333333333333,657.7777777777778,880.0,1123.3333333333333,1123.3333333333333,1123.3333333333333
POST,setCurrency,647,0,800.0,770.8964677898384,24.68963000137592,1516.7851250007516,10513.613601236477,3.6074635809466433,0.0,800.0,810.0,880.0,890.0,900.0,990.0,1100.0,1200.0,1500.0,1500.0,1500.0
,Aggregated,15382,2,500.0,528.132661478498,7.664015996851958,2006.072362004488,10890.190092315694,85.76507697391231,0.0111513557370839,500.0,680.0,700.0,710.0,810.0,900.0,990.0,1000.0,1600.0,1900.0,2000.0
