Type,Name,Request Count,Failure Count,Median Response Time,Average Response Time,Min Response Time,Max Response Time,Average Content Size,Requests/s,Failures/s,50%,66%,75%,80%,90%,95%,98%,99%,99.9%,99.99%,100%
POST,addToCart,2502,0,500.0,519.5574564544504,16.106536000734195,1409.1691469948273,16800.12270183853,13.948546465405505,0.0,500,590,590,600,620,700,910,1100,1400,1400,1400
POST,cartEmpty,1224,0,800.0,822.2763491430669,96.39914899889845,1804.3758979911217,10510.929738562092,6.823749349982549,0.0,800,890,900,900,990,1100,1400,1500,1800,1800,1800
POST,checkout,506,4,300.0,331.4247722430348,93.36065099341795,1289.2232890008017,6792.426877470356,2.820929061348995,0.022299834477067154,300,310,390,390,410,500,990,1200,1300,1300,1300
GET,home,3644,0,700.0,715.5590260864367,11.089551990153268,1705.3417449933477,10552.010153677278,20.315149208608176,0.0,700,780,800,800,880,910,1100,1300,1600,1700,1700
GET,logout,592,0,800.0,793.2993108144384,198.96071900438983,1691.0607839963632,10496.991554054053,3.300375502605939,0.0,800,810,890,900,910,1000,1300,1400,1700,1700,1700
POST,setCurrency,625,0,800.0,803.1402344598667,19.77697700203862,1601.256567009841,10511.1072,3.4843491370417428,0.0,800,810,890,900,990,1100,1400,1400,1600,1600,1600
GET,viewCart,749,0,400.0,406.4637791951231,92.69618400139734,1386.1165800044546,16722.789052069427,4.175644005830825,0.0,400,410,490,490,500,590,690,850,1400,1400,1400
GET,viewProduct,5168,0,300.0,346.3275149088182,7.87096400745213,1295.7918629981577,7995.185758513932,28.81138614437076,0.0,300,380,400,400,480,510,910,1000,1200,1300,1300
,Aggregated,15010,4,500.0,542.8017881025698,7.87096400745213,1804.3758979911217,10887.13710859427,83.6801288751945,0.022299834477067154,500,690,710,790,810,910,1100,1200,1600,1800,1800
