Type,Name,Request Count,Failure Count,Median Response Time,Average Response Time,Min Response Time,Max Response Time,Average Content Size,Requests/s,Failures/s,50%,66%,75%,80%,90%,95%,98%,99%,99.9%,99.99%,100%
POST,addToCart,1659,0,11,45.21430120715701,7.371220999630168,910.7472190080443,16807.82700421941,9.254093299446687,0.0,11,83,88,90,94,97,99,100,910,910,910
POST,cartEmpty,860,0,13,45.91554691548037,7.506067006033845,823.9843390038004,10511.05930232558,4.797179166681224,0.0,13,84,90,91,96,99,100,100,820,820,820
POST,checkout,351,0,11,40.56829794290465,7.707829994615167,614.0816739934962,6805.763532763533,1.9579184738431505,0.0,11,76,85,88,92,94,96,97,610,610,610
GET,home,2170,0,9,40.69804550499402,5.940714007010683,1013.3403000072576,10558.711520737326,12.104510222904949,0.0,9,70,84,87,92,95,98,100,910,1000,1000
GET,logout,350,0,17,49.71568496881186,7.4572669982444495,184.07709999883082,10497.0,1.952340358533056,0.0,17,85,89,92,96,99,110,120,180,180,180
POST,setCurrency,351,0,14,48.03086873490504,7.1039040049072355,609.9076560058165,10511.410256410256,1.9579184738431505,0.0,14,84,87,90,95,98,100,100,610,610,610
GET,viewCart,447,0,8,36.752434185701134,5.40147400170099,821.1117180035217,16734.149888143176,2.4934175436122175,0.0,8,67,84,87,90,92,95,99,820,820,820
GET,viewProduct,3222,0,7,30.72541550223462,4.957001990987919,985.1131889881799,7997.019553072626,17.972687529124308,0.0,7,8,75,81,88,91,94,95,800,990,990
,Aggregated,9410,0,10,38.9731220901198,4.957001990987919,1013.3403000072576,10928.261424017002,52.49006506798874,0.0,10,70,84,87,92,95,98,100,810,1000,1000
