Type,Name,Request Count,Failure Count,Median Response Time,Average Response Time,Min Response Time,Max Response Time,Average Content Size,Requests/s,Failures/s,50%,66%,75%,80%,90%,95%,98%,99%,99.9%,99.99%,100%
POST,addToCart,1690,0,11,43.80770435260306,7.357558002695441,1000.1779689991963,16817.516568047336,9.422949536310576,0.0,11,83,87,89,93,95,97,99,1000,1000,1000
POST,cartEmpty,876,0,13,46.813960151778964,7.538113000919111,576.1823290013126,10514.319634703197,4.884321771484061,0.0,13,85,89,91,95,98,100,100,580,580,580
POST,checkout,357,2,11,41.87992507837555,7.653286003915127,98.4414740014472,6797.210084033613,1.990528393173299,0.011151419569598314,11,80,85,88,92,95,96,97,98,98,98
GET,home,2208,0,10,38.50894413776389,5.959502996120136,1000.9473289974267,10561.789402173914,12.311167204836538,0.0,10,70,83,86,90,94,96,98,810,1000,1000
GET,logout,357,0,62,50.63685469196637,7.296914998732973,183.22775600245222,10499.0,1.990528393173299,0.0,62,87,91,92,95,98,100,100,180,180,180
POST,setCurrency,358,0,14,49.65134453658969,7.413690000248607,1000.9923800025717,10514.346368715083,1.9961041029580981,0.0,14,83,89,91,95,98,100,100,1000,1000,1000
GET,viewCart,455,0,8,31.435868402083972,5.4832030000397936,97.79477599659003,16746.716483516484,2.5369479520836165,0.0,8,10,81,84,88,90,92,96,98,98,98
GET,viewProduct,3281,0,7,29.170082649828114,4.921995001495816,988.1667040026514,7998.103626943005,18.293903803926035,0.0,7,8,72,81,88,90,93,94,190,990,990
,Aggregated,9582,2,10,37.66289199793213,4.921995001495816,1000.9923800025717,10932.268315591735,53.42645115794552,0.011151419569598314,10,70,84,86,91,94,97,99,580,1000,1000
