Type,Name,Request Count,Failure Count,Median Response Time,Average Response Time,Min Response Time,Max Response Time,Average Content Size,Requests/s,Failures/s,50%,66%,75%,80%,90%,95%,98%,99%,99.9%,99.99%,100%
POST,addToCart,1745,0,11,42.724134362176635,7.579012992209755,192.15368799632415,16802.597134670486,9.730586910303552,0.0,11,82,86,88,92,95,97,99,190,190,190
POST,cartEmpty,907,0,13,45.349930932556276,7.667518992093392,188.32083999586757,10512.070562293275,5.0576746863296975,0.0,13,84,87,89,93,95,99,100,190,190,190
POST,checkout,369,1,11,39.75671007845148,7.703798997681588,641.48825200391,6800.840108401084,2.0576427334682013,0.005576267570374529,11,65,82,85,90,92,95,97,640,640,640
GET,home,2284,0,9,34.61552679178191,5.852377013070509,340.72046299115755,10559.495183887915,12.736195130735425,0.0,9,59,82,84,89,92,95,97,150,340,340
GET,logout,368,0,13,43.12604020105937,7.223583001177758,102.36915400309954,10497.0,2.0520664658978265,0.0,13,83,88,91,94,96,98,99,100,100,100
POST,setCurrency,369,0,14,46.44235145570527,7.351372987614013,187.28799099335447,10511.90243902439,2.0576427334682013,0.0,14,80,85,89,94,96,100,100,190,190,190
GET,viewCart,467,0,7,29.28465599584547,5.504995991941541,97.83798499847762,16737.481798715202,2.604116955364905,0.0,7,9,78,83,88,91,93,94,98,98,98
GET,viewProduct,3391,0,7,27.424742387444898,4.95142099680379,181.58439100079704,7997.5744618106755,18.909123331140027,0.0,7,8,70,80,86,89,92,94,99,180,180
,Aggregated,9900,1,10,35.2625189188117,4.95142099680379,641.48825200391,10925.287272727273,55.205048946707834,0.005576267570374529,10,63,82,85,90,93,96,98,190,640,640
