{"RES_TIME": {"precision": 0.6153846153846154, "recall": 1.0, "mhd_pos": 1.5416666666666665, "mhd_false": 0.7333333333333332, "true_positive": 8, "true_negative": 0, "false_positive": 5, "false_negative": 0}, "CPU": {"precision": 0.6923076923076923, "recall": 1.0, "mhd_pos": 0.0, "mhd_false": 0.9166666666666667, "true_positive": 9, "true_negative": 0, "false_positive": 4, "false_negative": 0}, "MEM": {"precision": 0.5454545454545454, "recall": 1.0, "mhd_pos": 0.0, "mhd_false": 0.26666666666666666, "true_positive": 6, "true_negative": 2, "false_positive": 5, "false_negative": 0}}