Type,Name,Request Count,Failure Count,Median Response Time,Average Response Time,Min Response Time,Max Response Time,Average Content Size,Requests/s,Failures/s,50%,66%,75%,80%,90%,95%,98%,99%,99.9%,99.99%,100%
POST,addToCart,1460,0,290.0,258.1553748311046,7.990536018041894,987.9046449786983,16719.36232876712,8.14464320134818,0.0,290,300,300,300,310,390,400,400,920,990,990
POST,cartEmpty,344,0,400.0,377.5878851157295,8.621462009614334,796.0283719876315,10514.563953488372,1.9190118227834068,0.0,400,400,410,480,500,500,590,590,800,800,800
POST,checkout,185,0,200.0,195.46491838378103,8.137169003020972,800.757185992552,6805.362162162162,1.032026707020146,0.0,200,200,210,210,290,300,300,300,800,800,800
GET,home,4191,0,310.0,325.4708798726639,6.25231399317272,1101.6342859948054,10535.149367692675,23.379588806061797,0.0,310,390,400,400,400,480,500,500,990,1100,1100
GET,logout,815,0,400.0,373.0820660520791,8.014304999960586,1094.3036090175156,10499.0,4.5464960336292926,0.0,400,400,410,410,490,500,510,600,1100,1100,1100
POST,setCurrency,832,0,400.0,372.2470674843302,8.028771000681445,1108.810269011883,10513.001201923076,4.641330920220333,0.0,400,400,410,410,490,500,510,900,1100,1100,1100
GET,viewCart,927,0,200.0,193.64218465343896,5.752113997004926,820.4799689992797,16604.907227615964,5.1712905805820295,0.0,200,200,210,210,290,300,300,310,820,820,820
GET,viewProduct,4742,0,190.0,172.5299409248621,5.134233011631295,903.8352769857738,7985.726064951497,26.453354836159637,0.0,190,200,200,200,210,280,300,300,820,900,900
,Aggregated,13496,0,210.0,260.70104299047006,5.134233011631295,1108.810269011883,10670.098251333728,75.28774290780481,0.0,210,300,310,390,400,410,500,510,990,1100,1100
