{"RES_TIME": {"precision": 0.3076923076923077, "recall": 1.0, "mhd_pos": 5.833333333333333, "mhd_false": 3.7037037037037033, "true_positive": 4, "true_negative": 0, "false_positive": 9, "false_negative": 0}, "CPU": {"precision": 0.7692307692307693, "recall": 1.0, "mhd_pos": 8.533333333333333, "mhd_false": 0.7777777777777777, "true_positive": 10, "true_negative": 0, "false_positive": 3, "false_negative": 0}, "MEM": {"precision": 0.7692307692307693, "recall": 1.0, "mhd_pos": 4.166666666666667, "mhd_false": 0.3333333333333333, "true_positive": 10, "true_negative": 0, "false_positive": 3, "false_negative": 0}}