Type,Name,Request Count,Failure Count,Median Response Time,Average Response Time,Min Response Time,Max Response Time,Average Content Size,Requests/s,Failures/s,50%,66%,75%,80%,90%,95%,98%,99%,99.9%,99.99%,100%
POST,addToCart,1133,0,92,68.90868740599403,7.38589000002321,1049.7882220006431,16708.286849073258,6.318524788844586,0.0,92,96,98,99,100,100,190,190,650,1000,1000
POST,cartEmpty,280,0,94,77.92826671068919,7.73424699991665,203.90042700000777,10514.671428571428,1.5615065674108422,0.0,94,98,100,100,110,190,200,200,200,200,200
POST,checkout,146,0,85,66.59267488359471,7.719528000052378,653.5207699998864,6806.171232876713,0.8142141387213677,0.0,85,92,94,95,98,100,190,520,650,650,650
GET,home,3189,0,89,65.39863860802726,6.045283000275958,930.3321070001402,10536.625587958608,17.784444440975626,0.0,89,94,97,98,100,110,190,190,660,930,930
GET,logout,626,0,95,75.41380937380036,7.355099000051268,204.19486600076198,10499.0,3.491082539997097,0.0,95,99,100,100,110,190,190,200,200,200,200
POST,setCurrency,627,0,92,78.0286409968181,6.928170999799477,656.5511539993167,10514.157894736842,3.4966593491664213,0.0,92,98,100,100,110,190,190,200,660,660,660
GET,viewCart,706,0,60,52.12471582435308,5.327410000063537,923.4714700005497,16595.558073654393,3.937227273543052,0.0,66,90,92,94,96,98,100,100,920,920,920
GET,viewProduct,3627,0,11,49.052995184172445,4.930638999212533,954.4306210000286,7985.751033912325,20.22708685713973,0.0,11,89,92,93,95,97,99,100,810,950,950
,Aggregated,10334,0,86,60.86902574433727,4.930638999212533,1049.7882220006431,10674.969131023805,57.63074595579872,0.0,86,93,95,97,100,100,190,190,660,950,1000
