Type,Name,Request Count,Failure Count,Median Response Time,Average Response Time,Min Response Time,Max Response Time,Average Content Size,Requests/s,Failures/s,50%,66%,75%,80%,90%,95%,98%,99%,99.9%,99.99%,100%
POST,addToCart,1099,0,93,74.1086351264015,7.350595005846117,890.9142549964599,16716.188353048226,6.1276802330926685,0.0,93,97,99,100,100,110,190,200,790,890,890
POST,cartEmpty,271,0,95,76.95407578634116,7.5106539952685125,291.2648510027793,10512.20295202952,1.5110112312721684,0.0,95,98,100,100,110,110,190,200,290,290,290
POST,checkout,142,1,84,69.76672726062095,7.822617000783794,795.0776939978823,6795.845070422535,0.7917475824378152,0.005575687200266305,86,93,95,96,100,100,530,720,800,800,800
GET,home,3091,0,90,68.51768937623463,5.902919001528062,1033.791852001741,10534.357489485603,17.234449136023148,0.0,90,95,98,99,100,110,190,200,940,1000,1000
GET,logout,607,0,95,78.59417566390893,7.311833003768697,728.9252159971511,10497.0,3.3844421305616468,0.0,95,99,100,100,110,190,190,200,730,730,730
POST,setCurrency,610,0,92,81.83051239676224,7.10699699993711,1005.1077980024274,10512.080327868853,3.401169192162446,0.0,92,98,100,100,110,190,190,200,1000,1000,1000
GET,viewCart,685,0,83,58.37977672112387,5.22744600311853,1030.6757889993605,16600.563503649635,3.8193457321824185,0.0,83,92,93,94,97,99,100,190,1000,1000,1000
GET,viewProduct,3518,0,13,52.42199239733884,4.933560994686559,1025.7531160023063,7984.946844798181,19.615267570536858,0.0,13,89,92,93,96,98,100,100,930,1000,1000
,Aggregated,10023,1,88,64.4546534144257,4.933560994686559,1033.791852001741,10674.756460141674,55.88511280826917,0.005575687200266305,88,94,96,97,100,100,190,190,930,1000,1000
