Type,Name,Request Count,Failure Count,Median Response Time,Average Response Time,Min Response Time,Max Response Time,Average Content Size,Requests/s,Failures/s,25%,50%,75%,80%,90%,95%,98%,99%,99.9%,99.99%,100%
GET,get_cart,402,0,46,46.330384221569396,42.80739500245545,98.06124400347471,2.0,2.251070814860005,0.0,44,46,48,48,49,50,52,52,98,98,98
GET,get_catalogue1,268,0,3,3.372309179389076,2.5241509938496165,4.680473997723311,1643.0,1.500713876573337,0.0,3,3,4,4,4,4,4,4,5,5,5
GET,get_customer,134,0,44,45.46929908952843,43.777191000117455,52.02932500105817,386.0,0.7503569382866685,0.0,44,44,48,48,48,48,52,52,52,52,52
GET,get_customer_orders,134,0,2,2.3751468506273326,1.225264997628983,43.86797799816122,6368.0,0.7503569382866685,0.0,2,2,2,2,2,2,3,44,44,44,44
GET,get_index,268,0,2,1.843293112204862,1.0795449998113327,3.7381980000645854,8688.0,1.500713876573337,0.0,2,2,2,2,2,2,2,2,4,4,4
GET,get_item,134,0,44,44.82531010466688,43.70691599615384,51.856919999409,286.0,0.7503569382866685,0.0,44,44,44,48,48,48,48,48,52,52,52
GET,get_orders,134,0,46,47.14044396987718,45.387685000605416,58.51605500356527,2.0,0.7503569382866685,0.0,46,46,47,47,50,50,54,58,59,59,59
GET,login,134,0,48,49.30633564159073,47.699018999992404,111.99396700249054,13.0,0.7503569382866685,0.0,48,48,48,48,52,52,56,76,110,110,110
,Aggregated,1608,0,44,28.211574408682218,1.0795449998113327,111.99396700249054,2310.25,9.00428325944002,0.0,3,44,47,48,48,50,52,52,98,110,110
