Type,Name,Request Count,Failure Count,Median Response Time,Average Response Time,Min Response Time,Max Response Time,Average Content Size,Requests/s,Failures/s,50%,66%,75%,80%,90%,95%,98%,99%,99.9%,99.99%,100%
POST,addToCart,2448,0,310.0,336.04880528479293,104.8397289996501,1310.5924270057585,17007.9477124183,13.652757014160935,0.0,310,390,390,400,400,420,500,710,1100,1300,1300
POST,cartEmpty,768,0,490.0,467.09768429752785,205.8215840079356,1395.485004002694,10511.397135416666,4.283217886795588,0.0,490,500,500,510,590,600,800,910,1400,1400,1400
POST,checkout,553,2,210.0,229.15493026768908,97.94597599830013,791.7861899913987,6798.594936708861,3.08413996275776,0.011154213246863508,210,280,290,290,300,310,380,400,790,790,790
GET,home,3066,0,400.0,387.1287784304653,99.09231700294185,1198.1666040082928,10550.131115459882,17.09940890744176,0.0,400,400,410,410,490,500,510,600,1100,1200,1200
GET,logout,650,0,410.0,440.95984063579147,205.889026998193,1301.4908550103428,10497.0,3.6251193052306405,0.0,410,490,500,500,510,590,610,710,1300,1300,1300
POST,setCurrency,669,0,410.0,443.5437812577092,89.13616499921773,1101.4724240085343,10511.57399103139,3.7310843310758437,0.0,410,490,500,500,580,600,610,700,1100,1100,1100
GET,viewCart,1112,0,210.0,246.8444524112927,97.29115800291765,930.3393900045194,17005.0845323741,6.201742565256111,0.0,210,290,300,300,300,310,400,600,930,930,930
GET,viewProduct,4748,0,200.0,208.94169316769123,14.641600995673798,1097.400518003269,7996.281171019376,26.48010224805397,0.0,200,200,210,210,290,300,310,610,940,1100,1100
,Aggregated,14014,2,300.0,310.0427347152659,14.641600995673798,1395.485004002694,11170.67389753104,78.15757222077261,0.011154213246863508,300,390,400,400,490,500,590,690,1100,1300,1400
