Type,Name,Request Count,Failure Count,Median Response Time,Average Response Time,Min Response Time,Max Response Time,Average Content Size,Requests/s,Failures/s,50%,66%,75%,80%,90%,95%,98%,99%,99.9%,99.99%,100%
POST,addToCart,2435,0,490.0,475.6743480074669,7.839405006961897,1605.625055002747,16803.631211498974,13.57913757637019,0.0,490,510,590,590,610,700,800,1000,1600,1600,1600
POST,cartEmpty,1189,0,790.0,727.1802066460125,7.530973001848906,1692.437368008541,10513.096719932717,6.630634323738874,0.0,790,810,890,900,910,1000,1100,1300,1700,1700,1700
POST,checkout,493,3,300.0,293.94003785996694,8.079449995420873,1117.6367689913604,6796.1967545638945,2.7492874025258742,0.0167299436259181,300,300,320,390,400,420,600,800,1100,1100,1100
GET,home,3549,0,690.0,637.639869120517,6.104758998844773,1797.2337729879655,10556.216398985629,19.791523309461112,0.0,690,710,790,790,810,900,1000,1300,1700,1800,1800
GET,logout,571,0,720.0,705.9621511426516,7.826853980077431,1404.7838920087088,10499.0,3.184265936799745,0.0,720,800,810,810,900,910,1000,1100,1400,1400,1400
POST,setCurrency,611,0,710.0,704.3059704616268,7.602428988320753,1603.9585859980434,10513.451718494272,3.4073318518119864,0.0,710,800,810,890,910,1000,1100,1200,1600,1600,1600
GET,viewCart,726,0,390.0,359.0129016697411,5.621271004201844,1198.053461004747,16717.54958677686,4.04864635747218,0.0,390,400,410,410,500,500,600,650,1200,1200,1200
GET,viewProduct,5039,0,300.0,297.9453637143991,4.943461011862382,1296.8407000007574,7996.289740027783,28.1007286436671,0.0,300,310,380,390,400,480,550,730,1200,1300,1300
,Aggregated,14613,3,410.0,480.81886182834336,4.943461011862382,1797.2337729879655,10886.220762334908,81.49155540184707,0.0167299436259181,410,600,690,700,800,890,990,1100,1600,1800,1800
