Type,Name,Request Count,Failure Count,Median Response Time,Average Response Time,Min Response Time,Max Response Time,Average Content Size,Requests/s,Failures/s,50%,66%,75%,80%,90%,95%,98%,99%,99.9%,99.99%,100%
GET,home,4368,0,410.0,428.8646156099888,6.2807659996906295,1401.7654320050497,10532.660714285714,24.348427295206083,0.0,410.0,490.0,500.0,500.0,510.0,590.0,600.0,820.0,1300.0,1400.0,1400.0
GET,viewCart,957,0,210.0,239.65841723846424,5.573282003751956,1089.3898179929238,16600.33855799373,5.334579881298585,0.0,210.0,290.0,300.0,300.0,310.0,380.0,390.0,400.0,1100.0,1100.0,1100.0
POST,addToCart,1480,0,300.0,324.49793422146706,7.883331010816619,1386.153393992572,16711.575675675675,8.249924999291439,0.0,300.0,390.0,390.0,400.0,400.0,490.0,500.0,600.0,1200.0,1400.0,1400.0
POST,checkout,180,0,200.0,215.5186546062598,10.421212005894631,400.5961430084426,6804.144444444444,1.0033692566705803,0.0,200.0,210.0,290.0,290.0,300.0,310.0,390.0,400.0,400.0,400.0,400.0
POST,cartEmpty,338,0,500.0,492.200281124136,9.528610011329874,1386.620049001067,10510.556213017751,1.884104493081423,0.0,500.0,520.0,590.0,600.0,610.0,700.0,700.0,710.0,1400.0,1400.0,1400.0
GET,logout,848,0,500.0,490.10379469212427,7.981959992321208,1395.7881899987117,10497.0,4.726984053648067,0.0,500.0,510.0,590.0,590.0,600.0,680.0,700.0,1200.0,1400.0,1400.0,1400.0
GET,viewProduct,4903,4903,200.0,216.71489006740958,5.309890009812079,5.591651002760045,7984.568029280548,27.330663696976977,0.0,200.0,210.0,270.0,290.0,300.0,304.44444444444446,466.6666666666667,771.1111111111111,1021.1111111111111,1021.1111111111111,1021.1111111111111
POST,setCurrency,870,0,500.0,480.7546204654165,7.826924993423745,1297.9299139988143,10511.106896551724,4.849618073907805,0.0,500.0,510.0,590.0,590.0,600.0,690.0,700.0,710.0,1300.0,1300.0,1300.0
,Aggregated,13944,0,300.0,335.92193753541056,5.309890009812079,1401.7654320050497,10656.863238668962,77.72767175008096,0.0,300.0,400.0,490.0,490.0,510.0,600.0,650.0,810.0,1200.0,1400.0,1400.0
