Type,Name,Request Count,Failure Count,Median Response Time,Average Response Time,Min Response Time,Max Response Time,Average Content Size,Requests/s,Failures/s,50%,66%,75%,80%,90%,95%,98%,99%,99.9%,99.99%,100%
POST,addToCart,2285,0,300.0,285.0745305877115,7.864646991947666,1100.9455599996727,16995.892778993435,12.743100937717823,0.0,300,300,310,310,390,400,490,890,1100,1100,1100
POST,cartEmpty,711,0,400.0,397.3508876339947,8.593620994361117,1204.8336199950427,10511.50070323488,3.965139941670622,0.0,400,410,490,490,500,510,600,690,1200,1200,1200
POST,checkout,515,3,200.0,217.49168716854805,8.297218999359757,1006.5673280041665,6797.267961165048,2.8720774542339953,0.016730548277091233,200,210,280,290,300,300,890,910,1000,1000,1000
GET,home,2893,0,310.0,339.59745724419986,6.3976640230976045,1206.6621809790377,10549.824749395091,16.133825388541645,0.0,310,390,400,400,410,490,510,800,1200,1200,1200
GET,logout,614,0,400.0,389.2469991680882,8.12758700340055,1095.595063001383,10497.0,3.4241855473780056,0.0,400,410,420,490,500,500,580,600,1100,1100,1100
POST,setCurrency,634,0,400.0,395.17801065147194,7.966834993567318,1205.1011940056924,10511.682965299684,3.5357225358919475,0.0,400,410,490,490,500,510,810,1000,1200,1200,1200
GET,viewCart,1050,0,200.0,221.05184377686652,5.768595001427457,993.2686030224431,16989.549523809525,5.855691896981932,0.0,200,210,280,290,300,300,720,900,990,990,990
GET,viewProduct,4460,0,190.0,182.9350116012478,5.015808012103662,994.6099080261774,7996.25269058296,24.872748438608966,0.0,190,200,200,200,210,290,310,800,970,990,990
,Aggregated,13162,3,280.0,270.9246733132872,5.015808012103662,1206.6621809790377,11164.139720407233,73.40249214102494,0.016730548277091233,280,300,380,390,400,490,510,820,1100,1200,1200
