Type,Name,Request Count,Failure Count,Median Response Time,Average Response Time,Min Response Time,Max Response Time,Average Content Size,Requests/s,Failures/s,50%,66%,75%,80%,90%,95%,98%,99%,99.9%,99.99%,100%
POST,addToCart,762,0,14,14.535040451442107,12.443288999747892,28.92844200005129,24251.872703412075,4.262007755042449,0.0,14,15,15,15,16,17,19,20,29,29,29
GET,category,2320,0,7,7.361261870252731,5.990278999888687,18.68432399987796,117998.48663793104,12.976191590155487,0.0,7,7,8,8,8,9,10,11,15,19,19
GET,home,2635,0,4,4.068060858068456,3.0071529999986524,9.940058000211138,8905.0,14.738045189680909,0.0,4,4,4,4,5,5,6,6,8,10,10
POST,login,464,0,7,7.776102838363386,6.556995999744686,26.48416600004566,10117.0,2.5952383180310976,0.0,7,8,8,8,9,9,10,11,26,26,26
GET,login_page,464,0,4,4.027981086205375,3.1078040001375484,8.958439999787515,9901.0,2.5952383180310976,0.0,4,4,4,4,5,5,6,6,9,9,9
POST,logout,464,0,7,7.1725123512984394,5.99605600018549,20.14556399990397,9113.0,2.5952383180310976,0.0,7,7,8,8,8,9,10,10,20,20,20
GET,profile,464,0,6,6.092377217659509,4.693377999956283,14.09672199997658,8905.0,2.5952383180310976,0.0,6,6,7,7,7,8,8,9,14,14,14
GET,view_product,1839,0,11,11.315957144101045,9.122413000113738,26.496931000110635,103253.84883088635,10.285869109610319,0.0,11,11,12,12,12,13,15,18,26,26,26
,Aggregated,9412,0,7,7.577052445069491,3.0071529999986524,28.92844200005129,55592.18263918402,52.643066916613556,0.0,7,8,11,11,12,14,15,16,24,29,29
