Type,Name,Request Count,Failure Count,Median Response Time,Average Response Time,Min Response Time,Max Response Time,Average Content Size,Requests/s,Failures/s,50%,66%,75%,80%,90%,95%,98%,99%,99.9%,99.99%,100%
POST,addToCart,635,0,8,19.832214259443525,7.2812180005712435,101.75270101171918,16722.798425196852,3.560806119765451,0.0,8,9,9,13,68,71,74,76,100,100,100
POST,cartEmpty,381,0,8,9.944566146978127,7.441171997925267,90.06071099429391,10513.795275590552,2.1364836718592706,0.0,8,8,9,9,9,10,64,74,90,90,90
POST,checkout,127,0,8,18.48218052001307,7.662642005016096,69.6975540049607,6805.307086614173,0.7121612239530902,0.0,8,8,9,9,61,67,68,69,70,70,70
GET,home,889,0,7,16.97086210908875,5.78938600665424,152.2731470031431,10562.392575928008,4.985128567671631,0.0,7,7,7,8,62,66,72,75,150,150,150
GET,logout,127,0,8,9.58956144834909,7.248626003274694,77.57982199836988,10497.0,0.7121612239530902,0.0,8,8,8,8,9,9,65,68,78,78,78
POST,setCurrency,127,0,8,9.28896286696247,7.293955000932328,81.69632399221882,10513.795275590552,0.7121612239530902,0.0,8,8,8,8,9,9,9,80,82,82,82
GET,viewCart,127,0,6,12.698359794911973,5.366997997043654,71.84070200310089,16468.181102362203,0.7121612239530902,0.0,6,6,6,6,57,63,69,70,72,72,72
GET,viewProduct,1270,0,5,11.083539172341977,4.933472999255173,81.65926199581008,7996.696062992126,7.121612239530902,0.0,5,6,6,6,29,59,67,71,76,82,82
,Aggregated,3683,0,7,14.092595201911367,4.933472999255173,152.2731470031431,10804.943795818626,20.652675494639617,0.0,7,8,8,9,57,66,71,74,91,150,150
