Type,Name,Request Count,Failure Count,Median Response Time,Average Response Time,Min Response Time,Max Response Time,Average Content Size,Requests/s,Failures/s,50%,66%,75%,80%,90%,95%,98%,99%,99.9%,99.99%,100%
GET,home,896,0,7.0,16.407655520335343,5.610858999716584,161.92863600008425,10561.29799107143,5.000270183295145,0.0,7.0,7.0,7.0,8.0,61.0,65.0,73.0,75.0,160.0,160.0,160.0
GET,viewCart,128,0,6.0,10.453743343305176,5.532539995328989,67.23906900151633,16478.7265625,0.7143243118993063,0.0,6.0,6.0,6.0,6.0,7.0,64.0,66.0,66.0,67.0,67.0,67.0
POST,addToCart,640,0,8.0,19.57278438588901,7.003653001447674,82.32362700073281,16727.7578125,3.571621559496532,0.0,8.0,9.0,9.0,10.0,67.0,72.0,74.0,75.0,82.0,82.0,82.0
POST,checkout,128,1,8.0,19.314293461206944,7.743706999463029,66.90313900617184,6794.1484375,0.7143243118993063,0.0055806586867133,8.0,9.0,9.0,56.0,60.0,62.0,64.0,65.0,67.0,67.0,67.0
POST,cartEmpty,384,0,8.0,9.117831708219152,7.398073998047039,68.43938199745025,10512.078125,2.142972935697919,0.0,8.0,9.0,9.0,9.0,9.0,9.0,11.0,58.0,68.0,68.0,68.0
GET,logout,128,0,8.0,11.757458133104135,7.428881996020209,79.94177100044908,10499.0,0.7143243118993063,0.0,8.0,8.0,9.0,9.0,9.0,68.0,76.0,79.0,80.0,80.0,80.0
GET,viewProduct,1280,1280,5.0593150008353405,11.41503927274647,4.902175001916476,5.073011998319998,7997.5906157739455,7.143243118993064,0.0,5.444444444444445,6.0,6.0,6.0,32.888888888888886,58.666666666666664,67.44444444444444,70.22222222222223,74.22222222222223,74.22222222222223,74.22222222222223
POST,setCurrency,128,0,8.0,8.690148086088811,7.270411995705217,71.07967900083167,10512.078125,0.7143243118993063,0.0,8.0,8.0,8.0,8.0,9.0,9.0,9.0,20.0,71.0,71.0,71.0
,Aggregated,3712,1,7.0,13.938575047779194,4.902175001916476,161.92863600008425,10805.705010775862,20.715405045079887,0.0055806586867133,7.0,8.0,8.0,9.0,56.0,65.0,71.0,74.0,80.0,160.0,160.0
