Type,Name,Request Count,Failure Count,Median Response Time,Average Response Time,Min Response Time,Max Response Time,Average Content Size,Requests/s,Failures/s,50%,66%,75%,80%,90%,95%,98%,99%,99.9%,99.99%,100%
GET,home,896,0,7.0,16.343239140691626,5.670156002452131,78.46194799640216,10561.504464285714,5.010016027654067,0.0,7.0,7.0,7.0,8.0,62.0,65.0,69.0,72.0,78.0,78.0,78.0
GET,viewCart,128,0,6.0,10.87169085946016,5.3385799983516335,75.07558699580841,16466.09375,0.7157165753791525,0.0,6.0,6.0,6.0,6.0,7.0,60.0,66.0,69.0,75.0,75.0,75.0
POST,addToCart,640,0,8.0,18.464737870181125,7.230568000522908,92.16698900127084,16735.5953125,3.578582876895762,0.0,8.0,9.0,9.0,10.0,66.0,71.0,73.0,74.0,92.0,92.0,92.0
POST,checkout,128,0,8.0,19.371330523370037,7.657486996322405,68.84693200117908,6806.4453125,0.7157165753791525,0.0,8.0,9.0,9.0,55.0,62.0,63.0,66.0,69.0,69.0,69.0,69.0
POST,cartEmpty,384,0,8.0,9.70385165906388,7.463818998076022,80.17748100246536,10512.421875,2.147149726137457,0.0,8.0,9.0,9.0,9.0,9.0,9.0,20.0,73.0,80.0,80.0,80.0
GET,logout,128,0,8.0,10.962195695640276,7.15845100057777,168.01008599577472,10499.0,0.7157165753791525,0.0,8.0,8.0,9.0,9.0,9.0,9.0,68.0,76.0,170.0,170.0,170.0
GET,viewProduct,1280,1280,6.0,11.648320626318048,4.874267004197463,5.054535002273042,7997.339889963423,7.157165753791524,0.0,5.666666666666667,6.0,6.0,8.333333333333334,31.555555555555557,59.77777777777778,68.22222222222223,71.88888888888889,75.44444444444444,75.44444444444444,75.44444444444444
POST,setCurrency,128,0,8.0,8.132314961017073,7.095220003975555,12.36131399491569,10512.421875,0.7157165753791525,0.0,8.0,8.0,8.0,8.0,9.0,9.0,9.0,10.0,12.0,12.0,12.0
,Aggregated,3712,0,7.0,13.846640420804931,4.874267004197463,168.01008599577472,10806.97790948276,20.755780685995425,0.0,7.0,8.0,8.0,9.0,55.0,65.0,71.0,73.0,80.0,170.0,170.0
