Type,Name,Request Count,Failure Count,Median Response Time,Average Response Time,Min Response Time,Max Response Time,Average Content Size,Requests/s,Failures/s,50%,66%,75%,80%,90%,95%,98%,99%,99.9%,99.99%,100%
GET,home,896,0,7.0,16.91791380024402,5.764804001955781,89.06261800439097,10562.310267857143,5.011947552378296,0.0,7.0,7.0,7.0,8.0,62.0,66.0,71.0,74.0,89.0,89.0,89.0
GET,viewCart,128,0,6.0,11.836986523121595,5.473061006341595,73.36070900055347,16464.78125,0.7159925074826138,0.0,6.0,6.0,6.0,6.0,50.0,62.0,67.0,69.0,73.0,73.0,73.0
POST,addToCart,640,0,8.0,17.553841590529373,7.195805999799632,78.2060210040072,16720.078125,3.579962537413069,0.0,8.0,9.0,9.0,9.0,65.0,69.0,73.0,76.0,78.0,78.0,78.0
POST,checkout,128,0,8.0,20.39892975005841,7.691279002756346,69.6375160041498,6807.8515625,0.7159925074826138,0.0,8.0,9.0,9.0,57.0,60.0,63.0,65.0,67.0,70.0,70.0,70.0
POST,cartEmpty,384,0,8.0,9.579549427163178,7.541988998127636,85.29079899744829,10513.375,2.147977522447841,0.0,8.0,9.0,9.0,9.0,9.0,9.0,14.0,65.0,85.0,85.0,85.0
GET,logout,128,0,8.0,9.83400547642077,7.364843004324939,81.80816899402998,10499.0,0.7159925074826138,0.0,8.0,8.0,8.0,8.0,9.0,9.0,73.0,76.0,82.0,82.0,82.0
GET,viewProduct,1280,1280,5.0,11.602085825972726,4.867028997978196,5.048729995905887,7996.689312774667,7.1599250748261385,0.0,5.222222222222222,6.0,6.0,6.0,32.22222222222222,60.0,69.77777777777777,70.55555555555556,75.88888888888889,75.88888888888889,75.88888888888889
POST,setCurrency,128,0,8.0,7.995092554722305,7.030086999293417,9.388120997755324,10513.375,0.7159925074826138,0.0,8.0,8.0,8.0,8.0,9.0,9.0,9.0,9.0,9.0,9.0,9.0
,Aggregated,3712,0,7.0,13.825882724365234,4.867028997978196,97.23165800096469,10804.218211206897,20.7637827169958,0.0,7.0,8.0,8.0,9.0,55.0,65.0,70.0,73.0,82.0,97.0,97.0
