Type,Name,Request Count,Failure Count,Median Response Time,Average Response Time,Min Response Time,Max Response Time,Average Content Size,Requests/s,Failures/s,50%,66%,75%,80%,90%,95%,98%,99%,99.9%,99.99%,100%
POST,addToCart,1124,0,77,55.179212782818354,7.427296994137578,951.6055009880802,16749.20462633452,6.267481872572092,0.0,77,92,95,96,99,100,100,100,910,950,950
POST,cartEmpty,308,0,91,72.00259676316712,7.630355990841053,960.0366420054343,10512.246753246753,1.7174238583204666,0.0,91,97,99,100,100,110,180,200,960,960,960
POST,checkout,158,1,13,49.14274575349748,5.096701002912596,111.11232900293544,6796.981012658228,0.8810161351124471,0.005576051488053463,15,89,93,94,96,98,100,110,110,110,110
GET,home,2945,0,14,51.60227059464248,6.06658699689433,959.5497580012307,10537.091001697792,16.42147163231745,0.0,14,89,92,94,98,100,100,160,910,960,960
GET,logout,572,0,89,67.97608066770701,7.433053004206158,946.2672180088703,10499.0,3.189501451166581,0.0,89,95,98,99,100,100,180,190,950,950,950
POST,setCurrency,577,0,85,62.44037849374137,7.4921850027749315,1001.0776459967019,10513.213171577123,3.2173817086068484,0.0,85,93,96,98,100,100,110,190,1000,1000,1000
GET,viewCart,657,0,9,44.209163873384654,5.474302000948228,998.7078620033571,16629.473363774734,3.6634658276511254,0.0,9,85,88,91,94,96,98,98,1000,1000,1000
GET,viewProduct,3420,0,8,41.07912604721132,4.953710988047533,993.4494629997062,7988.076900584795,19.070096089142844,0.0,9,83,88,90,93,95,97,98,700,990,990
,Aggregated,9761,1,13,50.033595326330456,4.953710988047533,1001.0776459967019,10704.423009937507,54.427838574889854,0.005576051488053463,13,88,92,93,97,99,100,110,910,1000,1000
