Type,Name,Request Count,Failure Count,Median Response Time,Average Response Time,Min Response Time,Max Response Time,Average Content Size,Requests/s,Failures/s,50%,66%,75%,80%,90%,95%,98%,99%,99.9%,99.99%,100%
POST,addToCart,2089,0,210.0,252.8976099400914,26.722501002950594,1206.6756390049704,16802.576352321685,11.652639289299392,0.0,210,290,300,300,300,390,670,1000,1200,1200,1200
POST,cartEmpty,1019,0,300.0,326.06917771354296,107.02993300219532,1207.8520849972847,10514.34543670265,5.684078236379167,0.0,300,310,390,390,400,410,890,1000,1200,1200,1200
POST,checkout,425,3,200.0,186.75251051037134,20.670591002271976,1003.9150519951363,6796.583529411765,2.3706901378421454,0.016734283325944555,200,200,200,200,210,290,300,800,1000,1000,1000
GET,home,3026,0,290.0,270.4689624875035,16.827970997837838,1200.7800999999745,10556.94018506279,16.879313781436075,0.0,290,300,300,300,310,390,590,900,1100,1200,1200
GET,logout,502,0,300.0,307.5620924901594,104.0221110015409,1196.485065993329,10499.0,2.8002034098747224,0.0,300,300,310,310,400,410,800,990,1200,1200,1200
POST,setCurrency,516,0,300.0,314.16202347288845,71.96468800248113,1206.0575540017453,10513.93023255814,2.8782967320624637,0.0,300,310,320,390,400,490,800,920,1200,1200,1200
GET,viewCart,631,0,190.0,177.27189147727526,15.109921994735487,1072.2423780025565,16723.488114104595,3.5197775928903385,0.0,190,200,200,200,200,210,300,910,1100,1100,1100
GET,viewProduct,4304,0,180.0,164.5587039644128,8.691921997524332,1101.728182999068,7996.065055762082,24.008118478288456,0.0,180,190,200,200,200,210,570,890,1100,1100,1100
,Aggregated,12512,3,200.0,231.37783700736142,8.691921997524332,1207.8520849972847,10894.48689258312,69.79311765807276,0.016734283325944555,200,290,300,300,310,400,600,910,1200,1200,1200
