{"RES_TIME": {"precision": 0.5384615384615384, "recall": 1.0, "mhd_pos": 4.857142857142857, "mhd_false": 1.8333333333333337, "true_positive": 7, "true_negative": 0, "false_positive": 6, "false_negative": 0}, "CPU": {"precision": 0.7692307692307693, "recall": 1.0, "mhd_pos": 8.666666666666668, "mhd_false": 3.777777777777778, "true_positive": 10, "true_negative": 0, "false_positive": 3, "false_negative": 0}, "MEM": {"precision": 0.7692307692307693, "recall": 1.0, "mhd_pos": 7.533333333333334, "mhd_false": 0.6666666666666666, "true_positive": 10, "true_negative": 0, "false_positive": 3, "false_negative": 0}}