Type,Name,Request Count,Failure Count,Median Response Time,Average Response Time,Min Response Time,Max Response Time,Average Content Size,Requests/s,Failures/s,50%,66%,75%,80%,90%,95%,98%,99%,99.9%,99.99%,100%
POST,addToCart,2242,0,300.0,319.3315294974598,91.99604300374631,1199.5065469964175,16794.78412132025,12.50780647155245,0.0,300,310,390,390,400,410,490,500,1100,1200,1200
POST,cartEmpty,1103,0,490.0,473.40061573320867,219.27177401084919,1303.9651150029385,10513.554850407978,6.153483736896678,0.0,490,500,500,510,590,600,610,690,1300,1300,1300
POST,checkout,451,2,200.0,223.55947141909735,90.88432299904525,1115.8803110010922,6798.39911308204,2.516066333037536,0.011157722097727432,200,220,290,290,300,310,390,400,1100,1100,1100
GET,home,3298,0,400.0,405.0588833295299,30.143455995130353,1303.2809440046549,10556.326258338388,18.399083739152534,0.0,400,410,480,490,500,500,590,600,800,1300,1300
GET,logout,539,0,490.0,460.68695645648916,213.4332599962363,1216.5594719990622,10499.0,3.0070061053375428,0.0,490,500,500,500,590,600,600,610,1200,1200,1200
POST,setCurrency,563,0,490.0,453.64481586659804,109.16995600564405,703.3149939961731,10513.861456483126,3.140898770510272,0.0,490,500,500,500,590,600,610,610,700,700,700
GET,viewCart,666,0,210.0,232.8836061923711,19.916012999601662,402.4869089917047,16704.735735735736,3.715521458543235,0.0,210,290,290,300,300,300,320,390,400,400,400
GET,viewProduct,4661,0,200.0,200.99762890500486,11.924752005143091,1198.3346630004235,7996.6372023171,26.00307134875378,0.0,200,200,210,210,290,300,300,310,1100,1200,1200
,Aggregated,13523,2,300.0,315.79341995349586,11.924752005143091,1303.9651150029385,10878.292094949345,75.44293796378403,0.011157722097727432,300,390,400,410,500,500,590,600,1100,1300,1300
