Type,Name,Request Count,Failure Count,Median Response Time,Average Response Time,Min Response Time,Max Response Time,Average Content Size,Requests/s,Failures/s,50%,66%,75%,80%,90%,95%,98%,99%,99.9%,99.99%,100%
POST,addToCart,2405,0,400.0,412.6020855147981,94.6069420024287,1393.999530992005,16788.547193347193,13.415926423760263,0.0,400,410,490,490,500,590,700,1100,1200,1400,1400
POST,cartEmpty,1185,0,600.0,619.1524043859387,14.329355006339028,1499.9369860015577,10511.149367088608,6.610342125636554,0.0,600,610,690,700,710,800,1000,1300,1500,1500,1500
POST,checkout,484,1,280.0,261.5978549198971,95.8745359966997,1100.4650060058339,6801.198347107438,2.6999203281080946,0.005578347785347303,280,300,300,300,320,400,410,590,1100,1100,1100
GET,home,3533,0,500.0,526.5251845559538,21.467854006914422,1502.9344239883358,10554.064817435607,19.70830272563202,0.0,500,590,590,600,610,690,800,1100,1400,1500,1500
GET,logout,577,0,600.0,599.9726376773574,99.56693199637812,1594.0716170007363,10497.0,3.2187066721453936,0.0,600,610,680,690,700,790,1000,1200,1600,1600,1600
POST,setCurrency,604,0,600.0,583.2415249986551,22.060841001803055,1403.993754007388,10511.599337748345,3.3693220623497706,0.0,600,600,610,690,700,710,800,1000,1400,1400,1400
GET,viewCart,718,0,300.0,301.58468349054857,92.74425900366623,1004.0912429976743,16702.129526462395,4.005253709879363,0.0,300,300,310,380,390,400,490,500,1000,1000,1000
GET,viewProduct,4994,0,280.0,260.1149266437133,8.086564994300716,1181.3657970051281,7995.584501401682,27.85826884002443,0.0,280,300,300,300,310,390,420,810,1100,1200,1200
,Aggregated,14500,1,400.0,408.7478822842602,8.086564994300716,1594.0716170007363,10878.57324137931,80.88604288753588,0.005578347785347303,400,500,510,590,610,700,800,1000,1400,1600,1600
