Type,Name,Request Count,Failure Count,Median Response Time,Average Response Time,Min Response Time,Max Response Time,Average Content Size,Requests/s,Failures/s,50%,66%,75%,80%,90%,95%,98%,99%,99.9%,99.99%,100%
GET,home,3100,0,600.0,585.6487330671157,6.136174008133821,1698.8861330028158,10550.283870967742,17.27383551694443,0.0,600.0,690.0,700.0,700.0,790.0,810.0,1100.0,1300.0,1600.0,1700.0,1700.0
GET,viewCart,1152,0,390.0,362.2510698541848,5.799003003630787,1100.7532719959272,16989.597222222223,6.419180166296768,0.0,390.0,400.0,410.0,480.0,500.0,590.0,800.0,910.0,1100.0,1100.0,1100.0
POST,addToCart,2530,0,490.0,462.8973390622465,7.410457008518279,1514.0241799963403,16998.405533596837,14.09767866382884,0.0,490.0,500.0,510.0,590.0,600.0,700.0,990.0,1100.0,1400.0,1500.0,1500.0
POST,checkout,575,6,290.0,299.0922662588444,8.383396998397075,1194.40579599177,6789.415652173913,3.2040178781429183,0.0334332300327956,290.0,300.0,320.0,390.0,400.0,500.0,990.0,1100.0,1200.0,1200.0,1200.0
POST,cartEmpty,784,0,700.0,675.1733497460789,7.927190003101714,1814.912269008346,10511.13775510204,4.368608724285301,0.0,700.0,720.0,790.0,800.0,890.0,920.0,1400.0,1400.0,1800.0,1800.0,1800.0
GET,logout,655,0,700.0,657.416606775773,8.087551992502995,1587.0735329954186,10497.0,3.649794278580194,0.0,700.0,710.0,790.0,800.0,810.0,900.0,980.0,1400.0,1600.0,1600.0,1600.0
GET,viewProduct,4875,4875,300.0,293.315023926287,5.203448003157973,5.388910009060055,7996.59027304524,27.16449940164648,0.0,300.0,301.1111111111111,310.0,337.77777777777777,400.0,437.77777777777777,828.8888888888889,930.0,1133.3333333333333,1133.3333333333333,1133.3333333333333
POST,setCurrency,690,0,700.0,664.0710582256281,7.82926200190559,1685.840295991511,10511.178260869565,3.8448214537715018,0.0,700.0,710.0,790.0,800.0,890.0,910.0,1200.0,1400.0,1700.0,1700.0,1700.0
,Aggregated,14361,6,400.0,447.30686322253314,5.203448003157973,1814.912269008346,11178.80168511942,80.02243608349643,0.0334332300327956,400.0,510.0,600.0,660.0,710.0,800.0,980.0,1100.0,1600.0,1700.0,1800.0
