Type,Name,Request Count,Failure Count,Median Response Time,Average Response Time,Min Response Time,Max Response Time,Average Content Size,Requests/s,Failures/s,50%,66%,75%,80%,90%,95%,98%,99%,99.9%,99.99%,100%
POST,addToCart,2603,0,490.0,456.320647651189,7.969051999680232,1205.6732389974059,17014.281213983864,14.511461282562257,0.0,490,500,510,590,600,680,700,800,1000,1200,1200
POST,cartEmpty,805,0,700.0,667.7126330571806,7.888952997745946,1408.358180000505,10510.832298136645,4.487793443128166,0.0,700,790,800,800,890,900,990,1000,1400,1400,1400
POST,checkout,592,1,290.0,275.5124743701197,8.054379002714995,592.3712799994973,6802.4847972972975,3.300340022772515,0.005574898687115735,290,300,310,320,390,400,410,480,590,590,590
GET,home,3180,0,600.0,574.1391043047387,6.120049998571631,1415.107145003276,10550.205660377358,17.728177825028038,0.0,600,690,700,700,780,800,810,890,1200,1400,1400
GET,logout,667,0,700.0,654.6581707811417,8.102646002953406,1224.6213239995996,10497.0,3.718457424306195,0.0,700,710,790,800,810,890,910,1000,1200,1200,1200
POST,setCurrency,706,0,700.0,651.2567631077138,8.203504999983124,1406.775816998561,10511.16147308782,3.935878473103709,0.0,700,710,800,800,810,900,990,1000,1400,1400,1400
GET,viewCart,1186,0,390.0,348.2730099595291,5.760826003097463,798.2127240029513,16985.02107925801,6.611829842919262,0.0,390,400,400,410,490,500,590,600,800,800,800
GET,viewProduct,5005,0,300.0,276.08939732378724,5.102713999804109,999.2755109997233,7996.507892107892,27.902367929014254,0.0,300,300,310,310,390,400,420,500,810,1000,1000
,Aggregated,14744,1,400.0,434.4479483210753,5.102713999804109,1415.107145003276,11185.245184481822,82.1963062428344,0.005574898687115735,400,510,600,610,710,800,810,900,1100,1400,1400
