Type,Name,Request Count,Failure Count,Median Response Time,Average Response Time,Min Response Time,Max Response Time,Average Content Size,Requests/s,Failures/s,50%,66%,75%,80%,90%,95%,98%,99%,99.9%,99.99%,100%
POST,addToCart,1990,0,200.0,206.93450216698986,9.642960998462513,1197.148360995925,16781.041708542714,11.098654367177932,0.0,200,200,210,210,290,300,310,800,1200,1200,1200
POST,cartEmpty,981,0,290.0,282.39185018236185,97.6033819897566,1188.5692380019464,10514.232415902141,5.471246198091232,0.0,290,300,300,310,390,400,510,820,1200,1200,1200
POST,checkout,399,1,190.0,161.07464899258795,14.766324005904607,886.6737480129814,6801.140350877193,2.2253080866854247,0.005577213249838157,190,190,200,200,200,200,290,290,890,890,890
GET,home,2955,0,210.0,235.1760752301877,11.140740010887384,1110.600592000992,10556.496785109983,16.480665153271755,0.0,210,290,290,290,300,300,400,790,1100,1100,1100
GET,logout,487,0,280.0,266.5234052752899,15.822196000954136,1118.3374050015118,10499.0,2.7161028526711823,0.0,280,290,300,300,310,390,900,910,1100,1100,1100
POST,setCurrency,500,0,290.0,277.39028032377246,95.1764630008256,1204.9837240047054,10514.364,2.7886066249190784,0.0,290,300,300,300,390,400,900,990,1200,1200,1200
GET,viewCart,601,0,110.0,149.62854426466615,8.027014002436772,1113.219068996841,16701.33111480865,3.3519051631527326,0.0,110,190,190,200,200,200,220,750,1100,1100,1100
GET,viewProduct,4160,0,110.0,136.40223257473457,6.172837995109148,1018.9801590022398,7996.378846153846,23.201207119326735,0.0,110,110,190,190,200,200,210,700,990,1000,1000
,Aggregated,12073,1,200.0,196.6281978579771,6.172837995109148,1204.9837240047054,10874.635053424998,67.33369556529607,0.005577213249838157,200,200,210,290,300,310,400,790,1100,1200,1200
