Type,Name,Request Count,Failure Count,Median Response Time,Average Response Time,Min Response Time,Max Response Time,Average Content Size,Requests/s,Failures/s,50%,66%,75%,80%,90%,95%,98%,99%,99.9%,99.99%,100%
POST,addToCart,1575,0,300.0,313.05836238382784,14.209396002115682,585.2016549906693,16730.094603174603,8.78619291368115,0.0,300,310,390,390,400,410,490,500,520,590,590
POST,cartEmpty,379,0,490.0,473.3462079225715,15.518736006924883,706.1395269993227,10513.211081794196,2.114264834466766,0.0,490,500,510,590,600,600,690,700,710,710,710
POST,checkout,204,3,210.0,218.65596868569722,93.43302698107436,392.70443000714295,6782.799019607844,1.1380211773910822,0.016735605549868856,210,280,290,290,300,300,310,310,390,390,390
GET,home,4442,0,400.0,410.2464575470955,13.298187986947596,686.7526610149071,10535.662539396668,24.77985328417249,0.0,400,410,490,490,500,510,590,600,610,690,690
GET,logout,863,0,490.0,469.98249974323284,13.04366797558032,705.7674069947097,10499.0,4.814275863178941,0.0,490,500,500,510,590,600,610,690,710,710,710
POST,setCurrency,881,0,490.0,470.38662071818396,20.69422698696144,704.0484309836756,10513.466515323496,4.914689496478155,0.0,490,500,510,510,600,600,610,690,700,700,700
GET,viewCart,989,0,210.0,237.1140789701787,9.63887499528937,402.05616000457667,16615.448938321537,5.517171296273434,0.0,210,290,290,300,300,310,390,390,400,400,400
GET,viewProduct,5053,0,200.0,201.45656408153036,7.563083985587582,408.33522198954597,7986.383336631704,28.188338281162444,0.0,200,200,210,210,290,300,300,310,400,410,410
,Aggregated,14386,3,300.0,320.5795264931083,7.563083985587582,706.1395269993227,10679.020227999445,80.25280714680446,0.016735605549868856,300,400,400,410,500,510,590,600,700,710,710
