Type,Name,Request Count,Failure Count,Median Response Time,Average Response Time,Min Response Time,Max Response Time,Average Content Size,Requests/s,Failures/s,50%,66%,75%,80%,90%,95%,98%,99%,99.9%,99.99%,100%
POST,addToCart,1170,0,100.0,117.28989321281512,7.751719999987472,1072.59299500015,16683.68376068376,6.524852482870941,0.0,100,100,110,110,190,200,200,210,910,1100,1100
POST,cartEmpty,319,0,110.0,143.08651124451106,8.462231000066822,802.2287090000191,10514.58934169279,1.778998241056265,0.0,110,190,200,200,200,200,290,290,800,800,800
POST,checkout,144,2,99,110.04227290972955,10.262103000059142,688.3433049999894,6783.451388888889,0.8030587671225773,0.011153593987813574,99,100,100,100,190,190,200,680,690,690,690
GET,home,3381,0,100.0,119.53072237444532,6.253375999904165,1096.413198999926,10536.164152617568,18.855150636398847,0.0,100,110,180,190,190,200,200,470,1100,1100,1100
GET,logout,649,0,110.0,133.97942173035707,8.007459999817002,806.4061949999086,10499.0,3.6193412490455046,0.0,110,190,190,200,200,200,210,210,810,810,810
POST,setCurrency,654,0,110.0,138.05628644036497,7.4891350000143575,991.9998339998983,10513.145259938838,3.6472252340150386,0.0,110,190,190,190,200,200,280,290,990,990,990
GET,viewCart,707,0,96,88.29855474399046,5.346703999975944,856.397238999989,16577.35502121641,3.9427954746920983,0.0,96,99,100,100,100,180,190,200,860,860,860
GET,viewProduct,3810,0,94,79.53973727243921,5.078314999991562,1069.4826009998906,7986.257480314961,21.24759654678486,0.0,94,97,98,99,100,110,190,200,890,1100,1100
,Aggregated,10834,2,99,105.73824672696962,5.078314999991562,1096.413198999926,10643.430958094887,60.419018631986134,0.011153593987813574,99,100,110,110,190,200,200,290,980,1100,1100
