Type,Name,Request Count,Failure Count,Median Response Time,Average Response Time,Min Response Time,Max Response Time,Average Content Size,Requests/s,Failures/s,50%,66%,75%,80%,90%,95%,98%,99%,99.9%,99.99%,100%
POST,addToCart,2021,0,200.0,190.04021216030705,7.957306006574072,1101.1976180016063,17003.8985650668,11.29514075202158,0.0,200,200,200,200,290,300,310,930,1100,1100,1100
POST,cartEmpty,646,0,210.0,230.44391400763735,8.102545005385764,1100.7316210016143,10513.52012383901,3.6104210419623657,0.0,210,290,290,300,300,310,400,790,1100,1100,1100
POST,checkout,465,3,190.0,159.41713295084605,7.843642000807449,1567.0687319943681,6796.686021505377,2.59883248376548,0.01676666118558374,190,190,190,200,200,200,300,660,1600,1600,1600
GET,home,2416,0,200.0,190.1649238760796,6.110538990469649,1136.6567530058092,10553.889900662252,13.502751141456773,0.0,200,200,200,200,290,300,520,790,1100,1100,1100
GET,logout,517,0,200.0,217.82319513943864,8.361142987268977,1097.3484509886475,10499.0,2.8894546109822645,0.0,200,210,290,290,300,310,600,790,1100,1100,1100
POST,setCurrency,527,0,200.0,231.99095554480618,8.230959996581078,1096.6858510073507,10513.673624288425,2.9453434816008772,0.0,200,220,290,290,300,310,630,1000,1100,1100,1100
GET,viewCart,902,0,110.0,135.51009557904723,5.544407002162188,1055.2808350039413,17032.69068736142,5.041176129798845,0.0,110,180,190,190,200,200,200,290,1100,1100,1100
GET,viewProduct,3826,0,100.0,123.42373811908686,5.178902996703982,1051.4196980075212,7997.7430737062205,21.38308189868113,0.0,100,110,110,190,190,200,210,650,1000,1100,1100
,Aggregated,11320,3,190.0,167.47602595819683,5.178902996703982,1567.0687319943681,11196.714752650176,63.266201540269314,0.01676666118558374,190,200,200,200,290,300,400,760,1100,1100,1600
