Type,Name,Request Count,Failure Count,Median Response Time,Average Response Time,Min Response Time,Max Response Time,Average Content Size,Requests/s,Failures/s,50%,66%,75%,80%,90%,95%,98%,99%,99.9%,99.99%,100%
POST,addToCart,2100,0,200.0,179.94052358863493,7.410457998048514,1123.2595990004484,17013.064285714285,11.714537157742065,0.0,200,200,200,200,210,290,300,300,1100,1100,1100
POST,cartEmpty,672,0,200.0,218.38326341256627,8.10959299269598,1191.897359007271,10513.08630952381,3.7486518904774604,0.0,200,210,290,290,300,300,390,400,1200,1200,1200
POST,checkout,484,3,190.0,153.5472711263184,8.332162993610837,1038.9621929934947,6796.737603305785,2.699921897308171,0.01673505308248866,190,190,190,200,200,200,210,290,1000,1000,1000
GET,home,2513,0,200.0,180.86460275308153,6.199935000040568,1064.81821500347,10553.41225626741,14.018396132098003,0.0,200,200,200,200,210,290,300,300,930,1100,1100
GET,logout,536,0,200.0,214.7183206163472,8.043196008657105,1074.5375400001649,10499.0,2.9899961507379746,0.0,200,210,220,290,300,310,390,400,1100,1100,1100
POST,setCurrency,548,0,200.0,223.2814323260688,7.203115994343534,1102.011045004474,10513.07299270073,3.056936363067929,0.0,200,210,290,290,300,310,400,690,1100,1100,1100
GET,viewCart,936,0,110.0,134.78745823085464,5.667687000823207,944.8557550058467,17013.178418803418,5.221336561736463,0.0,110,170,190,190,200,200,200,690,940,940,940
GET,viewProduct,3978,0,100,116.40550779957942,5.215846991632134,1053.9347599988105,7999.157616892911,22.190680387379967,0.0,100,100,110,180,190,190,200,210,970,1100,1100
,Aggregated,11767,3,190.0,159.77969696514597,5.215846991632134,1191.897359007271,11195.392793405286,65.64045654054803,0.01673505308248866,190,200,200,200,210,290,300,390,1000,1100,1200
