{"RES_TIME": {"precision": 0.23076923076923078, "recall": 1.0, "mhd_pos": 5.888888888888889, "mhd_false": 5.4, "true_positive": 3, "true_negative": 0, "false_positive": 10, "false_negative": 0}, "CPU": {"precision": 0.7692307692307693, "recall": 1.0, "mhd_pos": 7.666666666666666, "mhd_false": 0.7777777777777778, "true_positive": 10, "true_negative": 0, "false_positive": 3, "false_negative": 0}, "MEM": {"precision": 0.9230769230769231, "recall": 1.0, "mhd_pos": 5.583333333333335, "mhd_false": -1, "true_positive": 12, "true_negative": 0, "false_positive": 1, "false_negative": 0}}