Type,Name,Request Count,Failure Count,Median Response Time,Average Response Time,Min Response Time,Max Response Time,Average Content Size,Requests/s,Failures/s,50%,66%,75%,80%,90%,95%,98%,99%,99.9%,99.99%,100%
POST,addToCart,2166,0,290.0,265.0848902798009,7.481881002604496,1293.298993998178,16794.800092336103,12.074885461066092,0.0,290,300,300,300,310,390,410,940,1100,1300,1300
POST,cartEmpty,1088,0,390.0,357.7225236176978,8.184490001440281,1299.7167629982869,10513.61856617647,6.065316427349912,0.0,390,400,400,400,490,500,590,1100,1300,1300,1300
POST,checkout,442,2,200.0,191.46771856340652,8.198703999369172,995.4733609993127,6798.101809954751,2.4640347986109017,0.01114947872674616,200,200,200,210,290,290,300,590,1000,1000,1000
GET,home,3124,0,300.0,297.10465271481587,6.061201998818433,1185.9696449973853,10557.220230473751,17.415485771177504,0.0,300,300,310,390,400,400,490,900,1100,1200,1200
GET,logout,505,0,310.0,338.7397652237341,7.73092999952496,1097.0695829964825,10499.0,2.8152433785034057,0.0,310,390,400,400,410,490,500,910,1100,1100,1100
POST,setCurrency,522,0,310.0,341.913985714646,7.882076999521814,1299.249832998612,10513.521072796935,2.9100139476807483,0.0,310,390,400,400,410,500,510,600,1300,1300,1300
GET,viewCart,624,0,200.0,185.55275379005766,5.746763999923132,1009.5075230019575,16699.25480769231,3.478637362744802,0.0,200,200,200,210,280,290,300,720,1000,1000,1000
GET,viewProduct,4446,0,190.0,172.6033918792127,4.964468000252964,1013.998829999764,7995.484705353127,24.785291209556718,0.0,190,200,200,200,210,280,300,760,990,1000,1000
,Aggregated,12917,2,210.0,248.42315749548857,4.964468000252964,1299.7167629982869,10881.797940698305,72.00890835669009,0.01114947872674616,210,300,300,310,390,400,500,860,1100,1300,1300
